[Licensing::Module] Trying to connect to existing licensing client channel...
[Licensing::IpcConnector] Successfully connected to: "LicenseClient-senge" at "2026-02-19T19:56:05.7895895Z"
Built from '6000.3/staging' branch; Version is '6000.3.9f1 (7a9955a4f2fa) revision 8034645'; Using compiler version '194234433'; Build Type 'Release'
OS: 'Windows 11  (10.0.26100) Core' Language: 'da' Physical Memory: 7930 MB
BatchMode: 1, IsHumanControllingUs: 0, StartBugReporterOnCrash: 0, Is64bit: 1
System  architecture: x64
Process architecture: x64
Date: 2026-02-19T19:56:05Z

COMMAND LINE ARGUMENTS:
C:\Program Files\Unity\Hub\Editor\6000.3.9f1\Editor\Unity.exe
-adb2
-batchMode
-noUpm
-name
AssetImportWorker2
-projectPath
C:/Users/senge/Documents/Projekter/Surtr
-logFile
Logs/AssetImportWorker2.log
-srvPort
61987
-licensingIpc
LicenseClient-senge
-job-worker-count
5
-background-job-worker-count
8
-gc-helper-count
1
-name
AssetImport
Successfully changed project path to: C:/Users/senge/Documents/Projekter/Surtr
C:/Users/senge/Documents/Projekter/Surtr
[UnityMemory] Configuration Parameters - Can be set up in boot.config
    "memorysetup-temp-allocator-size-nav-mesh-worker=65536"
    "memorysetup-temp-allocator-size-audio-worker=65536"
    "memorysetup-temp-allocator-size-gfx=262144"
    "memorysetup-allocator-temp-initial-block-size-main=262144"
    "memorysetup-allocator-temp-initial-block-size-worker=262144"
    "memorysetup-temp-allocator-size-background-worker=32768"
    "memorysetup-temp-allocator-size-job-worker=262144"
    "memorysetup-temp-allocator-size-preload-manager=33554432"
    "memorysetup-temp-allocator-size-gi-baking-worker=262144"
    "memorysetup-temp-allocator-size-gi-baking-worker=262144"
    "memorysetup-temp-allocator-size-gi-baking-worker=262144"
    "memorysetup-temp-allocator-size-gi-baking-worker=262144"
    "memorysetup-temp-allocator-size-gi-baking-worker=262144"
    "memorysetup-bucket-allocator-granularity=16"
    "memorysetup-bucket-allocator-bucket-count=8"
    "memorysetup-bucket-allocator-block-size=33554432"
    "memorysetup-bucket-allocator-block-count=8"
    "memorysetup-main-allocator-block-size=16777216"
    "memorysetup-thread-allocator-block-size=16777216"
    "memorysetup-gfx-main-allocator-block-size=16777216"
    "memorysetup-gfx-thread-allocator-block-size=16777216"
    "memorysetup-cache-allocator-block-size=4194304"
    "memorysetup-typetree-allocator-block-size=2097152"
    "memorysetup-profiler-bucket-allocator-granularity=16"
    "memorysetup-profiler-bucket-allocator-bucket-count=8"
    "memorysetup-profiler-bucket-allocator-block-size=33554432"
    "memorysetup-profiler-bucket-allocator-block-count=8"
    "memorysetup-profiler-allocator-block-size=16777216"
    "memorysetup-profiler-editor-allocator-block-size=1048576"
    "memorysetup-temp-allocator-size-main=16777216"
    "memorysetup-job-temp-allocator-block-size=2097152"
    "memorysetup-job-temp-allocator-block-size-background=1048576"
    "memorysetup-job-temp-allocator-reduction-small-platforms=262144"
    "memorysetup-temp-allocator-size-cloud-worker=32768"
Player connection [6068]  Target information:

Player connection [6068]  * "[IP] 192.168.8.151 [Port] 0 [Flags] 2 [Guid] 3400421881 [EditorId] 3400421881 [Version] 1048832 [Id] WindowsEditor(7,SimonLaptop) [Debug] 1 [PackageName] WindowsEditor [ProjectName] Editor" 

Player connection [6068] Host joined multi-casting on [225.0.0.222:54997]...
Player connection [6068] Host joined alternative multi-casting on [225.0.0.222:34997]...
JobSystem: Creating JobQueue using job-worker-count value 5
Input System module state changed to: Initialized.
[Physics::Module] Initialized fallback backend.
[Physics::Module] Id: 0xdecafbad
Library Redirect Path: Library/
[Physics::Module] Selected backend.
[Physics::Module] Name: PhysX
[Physics::Module] Id: 0xf2b8ea05
[Physics::Module] SDK Version: 4.1.2
[Physics::Module] Integration Version: 1.0.0
[Physics::Module] Threading Mode: Multi-Threaded
Refreshing native plugins compatible for Editor in 0.00 ms, found 0 plugins.
Preloading 0 native plugins for Editor in 0.00 ms.
Initialize engine version: 6000.3.9f1 (7a9955a4f2fa)
[Subsystems] Discovering subsystems at path C:/Program Files/Unity/Hub/Editor/6000.3.9f1/Editor/Data/Resources/UnitySubsystems
[Subsystems] Discovering subsystems at path C:/Users/senge/Documents/Projekter/Surtr/Assets
GfxDevice: creating device client; kGfxThreadingModeNonThreaded
Direct3D:
    Version:  Direct3D 11.0 [level 11.1]
    Renderer: NVIDIA GeForce RTX 3050 Laptop GPU (ID=0x25a2)
    Vendor:   NVIDIA
    VRAM:     3964 MB
    Driver:   32.0.15.8157
Initialize mono
Mono path[0] = 'C:/Program Files/Unity/Hub/Editor/6000.3.9f1/Editor/Data/Managed'
Mono path[1] = 'C:/Program Files/Unity/Hub/Editor/6000.3.9f1/Editor/Data/MonoBleedingEdge/lib/mono/unityjit-win32'
Mono config path = 'C:/Program Files/Unity/Hub/Editor/6000.3.9f1/Editor/Data/MonoBleedingEdge/etc'
Using monoOptions --debugger-agent=transport=dt_socket,embedding=1,server=y,suspend=n,address=127.0.0.1:56984
Begin MonoManager ReloadAssembly
[Licensing::Client] Error: HandshakeResponse reported an error:
	ResponseCode: 505
	ResponseStatus: Unsupported protocol version '1.17.4'.
[Licensing::Module] Error: Failed to handshake to channel: "LicenseClient-senge"
[Licensing::IpcConnector] LicenseClient-senge channel disconnected successfully.
[Licensing::IpcConnector] Successfully connected to: "LicenseClient-senge-6000.3.9" at "2026-02-19T19:56:08.8781469Z"
Registering precompiled unity dll's ...
Register platform support module: C:/Program Files/Unity/Hub/Editor/6000.3.9f1/Editor/Data/PlaybackEngines/WindowsStandaloneSupport/UnityEditor.WindowsStandalone.Extensions.dll
Registered in 0.018835 seconds.
- Loaded All Assemblies, in  2.400 seconds
Native extension for WindowsStandalone target not found
[Licensing::Client] Handshaking with LicensingClient:
  Version:                 1.17.4+4293ba1
  Session Id:              9dc83b10e52246e3a45e418faffe0057
  Correlation Id:          6f176870a12c01753aacf1ea0f53cc4c
  External correlation Id: 3462641964212132887
  Machine Id:              UFT3eLbZHOANXUMtVnUG8ewYMgE=
[Licensing::Module] Successfully connected to LicensingClient on channel: "LicenseClient-senge-6000.3.9" (connect: 0.02s, validation: 0.01s, handshake: 3.05s)
[Licensing::IpcConnector] Successfully connected to: "LicenseClient-senge-6000.3.9-notifications" at "2026-02-19T19:56:11.9402499Z"
[Licensing::Module] Licensing Background thread has ended after 6.15s
ScheduleIndexationOnStartup MainProcess:False IndexOnStartup:True
Mono: successfully reloaded assembly
- Finished resetting the current domain, in  1.532 seconds
Domain Reload Profiling: 3921ms
	BeginReloadAssembly (836ms)
		ExecutionOrderSort (0ms)
		DisableScriptedObjects (0ms)
		BackupInstance (0ms)
		ReleaseScriptingObjects (0ms)
		CreateAndSetChildDomain (6ms)
	RebuildCommonClasses (168ms)
	RebuildNativeTypeToScriptingClass (29ms)
	initialDomainReloadingComplete (269ms)
	LoadAllAssembliesAndSetupDomain (1085ms)
		LoadAssemblies (826ms)
		RebuildTransferFunctionScriptingTraits (0ms)
		AnalyzeDomain (1061ms)
			TypeCache.Refresh (1055ms)
				TypeCache.ScanAssembly (1001ms)
			BuildScriptInfoCaches (0ms)
			ResolveRequiredComponents (1ms)
	FinalizeReload (1533ms)
		ReleaseScriptCaches (0ms)
		RebuildScriptCaches (0ms)
		SetupLoadedEditorAssemblies (1400ms)
			LogAssemblyErrors (5ms)
			InitializePlatformSupportModulesInManaged (141ms)
			SetLoadedEditorAssemblies (11ms)
			BeforeProcessingInitializeOnLoad (488ms)
			ProcessInitializeOnLoadAttributes (586ms)
			ProcessInitializeOnLoadMethodAttributes (167ms)
			AfterProcessingInitializeOnLoad (0ms)
			EditorAssembliesLoaded (1ms)
		ExecutionOrderSort2 (0ms)
		AwakeInstancesAfterBackupRestoration (0ms)
========================================================================
Worker process is ready to serve import requests
Import Worker Mode flag is 0x00
Begin MonoManager ReloadAssembly
[Licensing::Client] Successfully resolved entitlement details
[Licensing::Module] License group:
  Id: SC-9QAV-EWX4-5J8B-DVWH-XXXX
  Product: Unity Pro
  Type: ULF
  Expiration: 2027-12-25T00:00:00Z
[Licensing::Module] License group:
  Id: 5773839261834-sybo-UnityGamesPrXXXX
  Product: Unity Enterprise
  Type: Assigned
  Expiration: 2027-12-19T00:00:00Z
- Loaded All Assemblies, in  1.570 seconds
Refreshing native plugins compatible for Editor in 0.01 ms, found 0 plugins.
Native extension for WindowsStandalone target not found
ScheduleIndexationOnStartup MainProcess:False IndexOnStartup:True
Mono: successfully reloaded assembly
- Finished resetting the current domain, in  1.437 seconds
Domain Reload Profiling: 3002ms
	BeginReloadAssembly (1240ms)
		ExecutionOrderSort (0ms)
		DisableScriptedObjects (55ms)
		BackupInstance (0ms)
		ReleaseScriptingObjects (0ms)
		CreateAndSetChildDomain (352ms)
	RebuildCommonClasses (140ms)
	RebuildNativeTypeToScriptingClass (46ms)
	initialDomainReloadingComplete (56ms)
	LoadAllAssembliesAndSetupDomain (81ms)
		LoadAssemblies (593ms)
		RebuildTransferFunctionScriptingTraits (0ms)
		AnalyzeDomain (65ms)
			TypeCache.Refresh (32ms)
				TypeCache.ScanAssembly (6ms)
			BuildScriptInfoCaches (6ms)
			ResolveRequiredComponents (7ms)
	FinalizeReload (1439ms)
		ReleaseScriptCaches (0ms)
		RebuildScriptCaches (0ms)
		SetupLoadedEditorAssemblies (1108ms)
			LogAssemblyErrors (0ms)
			InitializePlatformSupportModulesInManaged (25ms)
			SetLoadedEditorAssemblies (14ms)
			BeforeProcessingInitializeOnLoad (426ms)
			ProcessInitializeOnLoadAttributes (523ms)
			ProcessInitializeOnLoadMethodAttributes (111ms)
			AfterProcessingInitializeOnLoad (9ms)
			EditorAssembliesLoaded (0ms)
		ExecutionOrderSort2 (0ms)
		AwakeInstancesAfterBackupRestoration (14ms)
Launched and connected shader compiler UnityShaderCompiler.exe after 0.07 seconds
Refreshing native plugins compatible for Editor in 0.01 ms, found 0 plugins.
Preloading 0 native plugins for Editor in 0.00 ms.
Unloading 3 Unused Serialized files (Serialized files now loaded: 0)
Unloading 408 unused Assets / (452.2 KB). Loaded Objects now: 1102.
Memory consumption went from 81.8 MB to 81.3 MB.
Total: 26.216500 ms (FindLiveObjects: 2.063300 ms CreateObjectMapping: 1.168200 ms MarkObjects: 20.992300 ms  DeleteObjects: 1.986400 ms)

========================================================================
Received Import Request.
  Time since last request: 60672.786103 seconds.
  path: Assets/Fonts/AncientRunes.ttf
  artifactKey: Guid(21e548b456aa9b344b1cfd7e3a874aaa) Importer(2089858483,b0f066a214c2f5e87bad3c948f4d605d)
Start importing Assets/Fonts/AncientRunes.ttf using Guid(21e548b456aa9b344b1cfd7e3a874aaa) Importer(2089858483,b0f066a214c2f5e87bad3c948f4d605d) (ScriptedImporter) -> (artifact id: 'b9ed89679c1bb8d2aa8f1fe10ac12393') in 0.4631974 seconds
Number of updated asset objects reloaded before import = 0Number of asset objects unloaded after import = 3

========================================================================
Received Import Request.
  Time since last request: 0.000042 seconds.
  path: Assets/Materials/Enemy.mat
  artifactKey: Guid(dda89a4d7130a7f4e91ba65462343f6a) Importer(2089858483,b0f066a214c2f5e87bad3c948f4d605d)
Start importing Assets/Materials/Enemy.mat using Guid(dda89a4d7130a7f4e91ba65462343f6a) Importer(2089858483,b0f066a214c2f5e87bad3c948f4d605d) (ScriptedImporter) -> (artifact id: '470c35b9ec9d135b33e11f0d2d587525') in 0.0919475 seconds
Number of updated asset objects reloaded before import = 0Number of asset objects unloaded after import = 1

========================================================================
Received Import Request.
  Time since last request: 0.000091 seconds.
  path: Assets/Animations/general_collection_vol2.FBX
  artifactKey: Guid(8d913b478f31080439555980bbbfb2df) Importer(2089858483,b0f066a214c2f5e87bad3c948f4d605d)
Start importing Assets/Animations/general_collection_vol2.FBX using Guid(8d913b478f31080439555980bbbfb2df) Importer(2089858483,b0f066a214c2f5e87bad3c948f4d605d) (ScriptedImporter) -> (artifact id: 'a25d4549bc589bed332aebea386cac9b') in 0.2917742 seconds
Number of updated asset objects reloaded before import = 0Number of asset objects unloaded after import = 99

========================================================================
Received Import Request.
  Time since last request: 0.000069 seconds.
  path: Assets/Materials/Gradien02.mat
  artifactKey: Guid(ab28a50f100e2774195ee760d880e7ac) Importer(2089858483,b0f066a214c2f5e87bad3c948f4d605d)
Start importing Assets/Materials/Gradien02.mat using Guid(ab28a50f100e2774195ee760d880e7ac) Importer(2089858483,b0f066a214c2f5e87bad3c948f4d605d) (ScriptedImporter) -> (artifact id: '7453a1fae8ae2fae3cba5ddb9ee9c8d7') in 0.0511169 seconds
Number of updated asset objects reloaded before import = 0Number of asset objects unloaded after import = 2

========================================================================
Received Import Request.
  Time since last request: 0.000166 seconds.
  path: Assets/Fonts/viking_middle_runes.ttf
  artifactKey: Guid(e493f8ddeadd72145863a6f9bdd726e3) Importer(2089858483,b0f066a214c2f5e87bad3c948f4d605d)
Start importing Assets/Fonts/viking_middle_runes.ttf using Guid(e493f8ddeadd72145863a6f9bdd726e3) Importer(2089858483,b0f066a214c2f5e87bad3c948f4d605d) (ScriptedImporter) -> (artifact id: 'b7181f3d038647d1feb8194beb778801') in 0.0444624 seconds
Number of updated asset objects reloaded before import = 0Number of asset objects unloaded after import = 3

========================================================================
Received Import Request.
  Time since last request: 0.000032 seconds.
  path: Assets/Models/grassThing02.fbx
  artifactKey: Guid(7b7f567f89246b745a53bdb47ddefce3) Importer(2089858483,b0f066a214c2f5e87bad3c948f4d605d)
Start importing Assets/Models/grassThing02.fbx using Guid(7b7f567f89246b745a53bdb47ddefce3) Importer(2089858483,b0f066a214c2f5e87bad3c948f4d605d) (ScriptedImporter) -> (artifact id: '27e904f2b5a101ba536ce11de143ad8c') in 0.0765098 seconds
Number of updated asset objects reloaded before import = 0Number of asset objects unloaded after import = 10

========================================================================
Received Import Request.
  Time since last request: 0.000046 seconds.
  path: Assets/Fonts/norskode.ttf
  artifactKey: Guid(78dee3fc574232547b7888d8ac5a76eb) Importer(2089858483,b0f066a214c2f5e87bad3c948f4d605d)
Start importing Assets/Fonts/norskode.ttf using Guid(78dee3fc574232547b7888d8ac5a76eb) Importer(2089858483,b0f066a214c2f5e87bad3c948f4d605d) (ScriptedImporter) -> (artifact id: 'df0e07d3778eb04583920eb7a4126af0') in 0.0428308 seconds
Number of updated asset objects reloaded before import = 0Number of asset objects unloaded after import = 3

========================================================================
Received Import Request.
  Time since last request: 0.000036 seconds.
  path: Assets/Materials/InteractCircleX.mat
  artifactKey: Guid(3c5064e2b51dc684997b42630d475b19) Importer(2089858483,b0f066a214c2f5e87bad3c948f4d605d)
Start importing Assets/Materials/InteractCircleX.mat using Guid(3c5064e2b51dc684997b42630d475b19) Importer(2089858483,b0f066a214c2f5e87bad3c948f4d605d) (ScriptedImporter) -> (artifact id: 'fbe34d82eddd9d03a3a43c6df325a70b') in 0.0529999 seconds
Number of updated asset objects reloaded before import = 0Number of asset objects unloaded after import = 2

========================================================================
Received Import Request.
  Time since last request: 0.000050 seconds.
  path: Assets/Animations/Alien_Idle.fbx
  artifactKey: Guid(e988313a2aace56469a95954caf0e2eb) Importer(2089858483,b0f066a214c2f5e87bad3c948f4d605d)
Start importing Assets/Animations/Alien_Idle.fbx using Guid(e988313a2aace56469a95954caf0e2eb) Importer(2089858483,b0f066a214c2f5e87bad3c948f4d605d) (ScriptedImporter) -> (artifact id: 'f372d897c6fbe99ec9eb3b8ea3123b40') in 0.0996237 seconds
Number of updated asset objects reloaded before import = 0Number of asset objects unloaded after import = 163

========================================================================
Received Import Request.
  Time since last request: 0.000070 seconds.
  path: Assets/Materials/BlackFade.mat
  artifactKey: Guid(7da5259e69e090d4981934f2a3c68cd0) Importer(2089858483,b0f066a214c2f5e87bad3c948f4d605d)
Start importing Assets/Materials/BlackFade.mat using Guid(7da5259e69e090d4981934f2a3c68cd0) Importer(2089858483,b0f066a214c2f5e87bad3c948f4d605d) (ScriptedImporter) -> (artifact id: '45daeab542c800f14c3dc4e35411de96') in 0.0605221 seconds
Number of updated asset objects reloaded before import = 0Number of asset objects unloaded after import = 1

========================================================================
Received Import Request.
  Time since last request: 0.000197 seconds.
  path: Assets/Prefabs/Player.prefab
  artifactKey: Guid(7a8b66b74350ce94a9ed1f09dec38af7) Importer(2089858483,b0f066a214c2f5e87bad3c948f4d605d)
Start importing Assets/Prefabs/Player.prefab using Guid(7a8b66b74350ce94a9ed1f09dec38af7) Importer(2089858483,b0f066a214c2f5e87bad3c948f4d605d) (ScriptedImporter) -> (artifact id: '8a862b2ec3c6ae2a6bef83eb24a58d5f') in 0.1388633 seconds
Number of updated asset objects reloaded before import = 0Number of asset objects unloaded after import = 187

========================================================================
Received Import Request.
  Time since last request: 0.000062 seconds.
  path: Assets/Gizmos/SoundManager Icon.png
  artifactKey: Guid(7f807b8d15a7b8941b1e267be04f9f03) Importer(2089858483,b0f066a214c2f5e87bad3c948f4d605d)
Start importing Assets/Gizmos/SoundManager Icon.png using Guid(7f807b8d15a7b8941b1e267be04f9f03) Importer(2089858483,b0f066a214c2f5e87bad3c948f4d605d) (ScriptedImporter) -> (artifact id: '9b39f3ba8aa7214de467b290b9a2359d') in 0.1546911 seconds
Number of updated asset objects reloaded before import = 0Number of asset objects unloaded after import = 1

========================================================================
Received Import Request.
  Time since last request: 0.000074 seconds.
  path: Assets/Materials/WaterFlat.mat
  artifactKey: Guid(178b299065b203e4caf366b87d913e59) Importer(2089858483,b0f066a214c2f5e87bad3c948f4d605d)
Start importing Assets/Materials/WaterFlat.mat using Guid(178b299065b203e4caf366b87d913e59) Importer(2089858483,b0f066a214c2f5e87bad3c948f4d605d) (ScriptedImporter) -> (artifact id: '02bc6a9d59c53ffde7df2f5c3588cea4') in 0.1013396 seconds
Number of updated asset objects reloaded before import = 0Number of asset objects unloaded after import = 1

========================================================================
Received Import Request.
  Time since last request: 0.000280 seconds.
  path: Assets/Prefabs/CharAnimController.controller
  artifactKey: Guid(e2f3403720684ec4a8ffadd6372012e6) Importer(2089858483,b0f066a214c2f5e87bad3c948f4d605d)
Start importing Assets/Prefabs/CharAnimController.controller using Guid(e2f3403720684ec4a8ffadd6372012e6) Importer(2089858483,b0f066a214c2f5e87bad3c948f4d605d) (ScriptedImporter) -> (artifact id: '28c8180ac604ce3ed82aa63a0b39aeef') in 0.1102 seconds
Number of updated asset objects reloaded before import = 0Number of asset objects unloaded after import = 61

========================================================================
Received Import Request.
  Time since last request: 0.000101 seconds.
  path: Assets/Materials/Gradient01.mat
  artifactKey: Guid(cd48676cb2a8a1b45a2e7e4f3b57d381) Importer(2089858483,b0f066a214c2f5e87bad3c948f4d605d)
Start importing Assets/Materials/Gradient01.mat using Guid(cd48676cb2a8a1b45a2e7e4f3b57d381) Importer(2089858483,b0f066a214c2f5e87bad3c948f4d605d) (ScriptedImporter) -> (artifact id: '4cb99efae4bd52822d76cd39b6112dc6') in 0.0489903 seconds
Number of updated asset objects reloaded before import = 0Number of asset objects unloaded after import = 2

========================================================================
Received Import Request.
  Time since last request: 0.000103 seconds.
  path: Assets/Animations/Logo01.controller
  artifactKey: Guid(eea72620bfe15c44986391d7698aaf21) Importer(2089858483,b0f066a214c2f5e87bad3c948f4d605d)
Start importing Assets/Animations/Logo01.controller using Guid(eea72620bfe15c44986391d7698aaf21) Importer(2089858483,b0f066a214c2f5e87bad3c948f4d605d) (ScriptedImporter) -> (artifact id: '772e55d16a673154a65d0eb4ea90d5db') in 0.0452605 seconds
Number of updated asset objects reloaded before import = 0Number of asset objects unloaded after import = 4

========================================================================
Received Import Request.
  Time since last request: 0.000021 seconds.
  path: Assets/Prefabs/Spirit.prefab
  artifactKey: Guid(4832b982b8b730e428324f7c5a036daa) Importer(2089858483,b0f066a214c2f5e87bad3c948f4d605d)
Start importing Assets/Prefabs/Spirit.prefab using Guid(4832b982b8b730e428324f7c5a036daa) Importer(2089858483,b0f066a214c2f5e87bad3c948f4d605d) (ScriptedImporter) -> (artifact id: 'a64b1750a4bfa66f1f361e087b9ba5ac') in 0.0669445 seconds
Number of updated asset objects reloaded before import = 0Number of asset objects unloaded after import = 884

========================================================================
Received Import Request.
  Time since last request: 0.000049 seconds.
  path: Assets/Editor/ActionDoerEditor.cs
  artifactKey: Guid(49d203071aa77c54087c51661010fde0) Importer(2089858483,b0f066a214c2f5e87bad3c948f4d605d)
Start importing Assets/Editor/ActionDoerEditor.cs using Guid(49d203071aa77c54087c51661010fde0) Importer(2089858483,b0f066a214c2f5e87bad3c948f4d605d) (ScriptedImporter) -> (artifact id: '9d2a2f4f70923395bf9889da6af049c9') in 0.0278987 seconds
Number of updated asset objects reloaded before import = 0Number of asset objects unloaded after import = 0

========================================================================
Received Import Request.
  Time since last request: 0.000124 seconds.
  path: Assets/Prefabs/Fire.controller
  artifactKey: Guid(10a9d50db8d92944397f91bf3f4b59b1) Importer(2089858483,b0f066a214c2f5e87bad3c948f4d605d)
Start importing Assets/Prefabs/Fire.controller using Guid(10a9d50db8d92944397f91bf3f4b59b1) Importer(2089858483,b0f066a214c2f5e87bad3c948f4d605d) (ScriptedImporter) -> (artifact id: 'cce96342da64eee349a4b31baf89e2ad') in 0.0362016 seconds
Number of updated asset objects reloaded before import = 0Number of asset objects unloaded after import = 4

========================================================================
Received Import Request.
  Time since last request: 0.000099 seconds.
  path: Assets/Materials/Snow.mat
  artifactKey: Guid(cd048d54e8be1d448a187057d6c32963) Importer(2089858483,b0f066a214c2f5e87bad3c948f4d605d)
Start importing Assets/Materials/Snow.mat using Guid(cd048d54e8be1d448a187057d6c32963) Importer(2089858483,b0f066a214c2f5e87bad3c948f4d605d) (ScriptedImporter) -> (artifact id: '5e2ffad87bd9f16091b610615275a158') in 0.0352737 seconds
Number of updated asset objects reloaded before import = 0Number of asset objects unloaded after import = 1

========================================================================
Received Import Request.
  Time since last request: 0.000124 seconds.
  path: Assets/Fonts/Odinson Light.ttf
  artifactKey: Guid(40accbb62a77a774488a65d8cfa7963d) Importer(2089858483,b0f066a214c2f5e87bad3c948f4d605d)
Start importing Assets/Fonts/Odinson Light.ttf using Guid(40accbb62a77a774488a65d8cfa7963d) Importer(2089858483,b0f066a214c2f5e87bad3c948f4d605d) (ScriptedImporter) -> (artifact id: '25ad35bccc75713e10fefe75fe719db0') in 0.0396002 seconds
Number of updated asset objects reloaded before import = 0Number of asset objects unloaded after import = 3

========================================================================
Received Import Request.
  Time since last request: 0.000055 seconds.
  path: Assets/Animations/DefaultAvatar@WalkForward_NtrlFaceFwd.fbx
  artifactKey: Guid(2a70b4ce34a2748469bcd4a9f6fdb7b5) Importer(2089858483,b0f066a214c2f5e87bad3c948f4d605d)
Start importing Assets/Animations/DefaultAvatar@WalkForward_NtrlFaceFwd.fbx using Guid(2a70b4ce34a2748469bcd4a9f6fdb7b5) Importer(2089858483,b0f066a214c2f5e87bad3c948f4d605d) (ScriptedImporter) -> (artifact id: '777f2ba4acacca43413e7551618f2c7c') in 0.0573229 seconds
Number of updated asset objects reloaded before import = 0Number of asset objects unloaded after import = 159

========================================================================
Received Import Request.
  Time since last request: 0.000034 seconds.
  path: Assets/Materials/GeneralTransparentDoubleside.mat
  artifactKey: Guid(bb430147e0252da4da0c16689d1496dc) Importer(2089858483,b0f066a214c2f5e87bad3c948f4d605d)
Start importing Assets/Materials/GeneralTransparentDoubleside.mat using Guid(bb430147e0252da4da0c16689d1496dc) Importer(2089858483,b0f066a214c2f5e87bad3c948f4d605d) (ScriptedImporter) -> (artifact id: '6dc47ed0acfea322f9e8005dea7a5e9a') in 0.0297243 seconds
Number of updated asset objects reloaded before import = 0Number of asset objects unloaded after import = 2

========================================================================
Received Import Request.
  Time since last request: 0.000042 seconds.
  path: Assets/Materials/Swirl 1.mat
  artifactKey: Guid(1723bb261eb4d0447804b10cce207377) Importer(2089858483,b0f066a214c2f5e87bad3c948f4d605d)
Start importing Assets/Materials/Swirl 1.mat using Guid(1723bb261eb4d0447804b10cce207377) Importer(2089858483,b0f066a214c2f5e87bad3c948f4d605d) (ScriptedImporter) -> (artifact id: '52d205314e5be42215cd1d7407a00b51') in 0.026451 seconds
Number of updated asset objects reloaded before import = 0Number of asset objects unloaded after import = 2

========================================================================
Received Import Request.
  Time since last request: 0.000048 seconds.
  path: Assets/NGUI/Upgrade Tools (2.7.0 to 3.X).unitypackage
  artifactKey: Guid(6bfe713df75c6f748aabc8b4a508d258) Importer(2089858483,b0f066a214c2f5e87bad3c948f4d605d)
Start importing Assets/NGUI/Upgrade Tools (2.7.0 to 3.X).unitypackage using Guid(6bfe713df75c6f748aabc8b4a508d258) Importer(2089858483,b0f066a214c2f5e87bad3c948f4d605d) (ScriptedImporter) -> (artifact id: '5e6f904e5e8d2370550ae8543c177163') in 0.0253589 seconds
Number of updated asset objects reloaded before import = 0Number of asset objects unloaded after import = 1

========================================================================
Received Import Request.
  Time since last request: 0.000099 seconds.
  path: Assets/Materials/GeneralDoubleside.mat
  artifactKey: Guid(4dbce1e72f6eb8240b5d0f4c2e758106) Importer(2089858483,b0f066a214c2f5e87bad3c948f4d605d)
Start importing Assets/Materials/GeneralDoubleside.mat using Guid(4dbce1e72f6eb8240b5d0f4c2e758106) Importer(2089858483,b0f066a214c2f5e87bad3c948f4d605d) (ScriptedImporter) -> (artifact id: 'aa0cd7aa09883daf0836b66462b95d5a') in 0.0281927 seconds
Number of updated asset objects reloaded before import = 0Number of asset objects unloaded after import = 1

========================================================================
Received Import Request.
  Time since last request: 0.000035 seconds.
  path: Assets/Materials/SpiritMat 1.mat
  artifactKey: Guid(302cd4b8448e90249abfa78716c80bc4) Importer(2089858483,b0f066a214c2f5e87bad3c948f4d605d)
Start importing Assets/Materials/SpiritMat 1.mat using Guid(302cd4b8448e90249abfa78716c80bc4) Importer(2089858483,b0f066a214c2f5e87bad3c948f4d605d) (ScriptedImporter) -> (artifact id: 'a2eb7403184b11e8d76f8c49d22da4e1') in 0.0268415 seconds
Number of updated asset objects reloaded before import = 0Number of asset objects unloaded after import = 1

========================================================================
Received Import Request.
  Time since last request: 0.000029 seconds.
  path: Assets/Fonts/Runelike.ttf
  artifactKey: Guid(06bfe412092359d4bab1993bf6878d28) Importer(2089858483,b0f066a214c2f5e87bad3c948f4d605d)
Start importing Assets/Fonts/Runelike.ttf using Guid(06bfe412092359d4bab1993bf6878d28) Importer(2089858483,b0f066a214c2f5e87bad3c948f4d605d) (ScriptedImporter) -> (artifact id: '15380c9086a674d6a61d42aa6426ce41') in 0.0301972 seconds
Number of updated asset objects reloaded before import = 0Number of asset objects unloaded after import = 3

========================================================================
Received Import Request.
  Time since last request: 0.000046 seconds.
  path: Assets/Materials/Logo.mat
  artifactKey: Guid(b8d20ee3405ec30449606bbc43c8b976) Importer(2089858483,b0f066a214c2f5e87bad3c948f4d605d)
Start importing Assets/Materials/Logo.mat using Guid(b8d20ee3405ec30449606bbc43c8b976) Importer(2089858483,b0f066a214c2f5e87bad3c948f4d605d) (ScriptedImporter) -> (artifact id: 'ae3c4bf25ce50742b6bdd89c29c45a0d') in 0.0340541 seconds
Number of updated asset objects reloaded before import = 0Number of asset objects unloaded after import = 2

========================================================================
Received Import Request.
  Time since last request: 0.000066 seconds.
  path: Assets/Materials/InteractCircleY.mat
  artifactKey: Guid(39518cbc70090c045abee18248982868) Importer(2089858483,b0f066a214c2f5e87bad3c948f4d605d)
Start importing Assets/Materials/InteractCircleY.mat using Guid(39518cbc70090c045abee18248982868) Importer(2089858483,b0f066a214c2f5e87bad3c948f4d605d) (ScriptedImporter) -> (artifact id: 'e6165278ed6bc575c79efdfabdbc0edd') in 0.0322879 seconds
Number of updated asset objects reloaded before import = 0Number of asset objects unloaded after import = 2

========================================================================
Received Import Request.
  Time since last request: 0.000057 seconds.
  path: Assets/Fonts/viking_middle_runes_bold.ttf
  artifactKey: Guid(dc2d1c02e5f16524b822fb6b39716274) Importer(2089858483,b0f066a214c2f5e87bad3c948f4d605d)
Start importing Assets/Fonts/viking_middle_runes_bold.ttf using Guid(dc2d1c02e5f16524b822fb6b39716274) Importer(2089858483,b0f066a214c2f5e87bad3c948f4d605d) (ScriptedImporter) -> (artifact id: '756a60b41bd45aec815621a0e0caa9ed') in 0.0309565 seconds
Number of updated asset objects reloaded before import = 0Number of asset objects unloaded after import = 3

========================================================================
Received Import Request.
  Time since last request: 0.000039 seconds.
  path: Assets/Materials/BgFog.mat
  artifactKey: Guid(42b0168c0f6a8024384c9a01ab9388dd) Importer(2089858483,b0f066a214c2f5e87bad3c948f4d605d)
Start importing Assets/Materials/BgFog.mat using Guid(42b0168c0f6a8024384c9a01ab9388dd) Importer(2089858483,b0f066a214c2f5e87bad3c948f4d605d) (ScriptedImporter) -> (artifact id: '87f296b31c6838923cc2c1659c6caad2') in 0.0275433 seconds
Number of updated asset objects reloaded before import = 0Number of asset objects unloaded after import = 1

========================================================================
Received Import Request.
  Time since last request: 0.000074 seconds.
  path: Assets/Materials/Fire02.mat
  artifactKey: Guid(6b9469373d64ac1459bcc62026971e30) Importer(2089858483,b0f066a214c2f5e87bad3c948f4d605d)
Start importing Assets/Materials/Fire02.mat using Guid(6b9469373d64ac1459bcc62026971e30) Importer(2089858483,b0f066a214c2f5e87bad3c948f4d605d) (ScriptedImporter) -> (artifact id: '970aeb72fa1c31ca151fbdd7882a0452') in 0.0256165 seconds
Number of updated asset objects reloaded before import = 0Number of asset objects unloaded after import = 2

========================================================================
Received Import Request.
  Time since last request: 0.000036 seconds.
  path: Assets/Materials/Vegetation3.mat
  artifactKey: Guid(7e464aca34aa00a44a14fe9042d54783) Importer(2089858483,b0f066a214c2f5e87bad3c948f4d605d)
Start importing Assets/Materials/Vegetation3.mat using Guid(7e464aca34aa00a44a14fe9042d54783) Importer(2089858483,b0f066a214c2f5e87bad3c948f4d605d) (ScriptedImporter) -> (artifact id: '90068fea6fdf610a71b3546e16050d4c') in 0.0237544 seconds
Number of updated asset objects reloaded before import = 0Number of asset objects unloaded after import = 1

========================================================================
Received Import Request.
  Time since last request: 0.000044 seconds.
  path: Assets/Materials/windThing.mat
  artifactKey: Guid(0a02d964030888142ab10425d298d708) Importer(2089858483,b0f066a214c2f5e87bad3c948f4d605d)
Start importing Assets/Materials/windThing.mat using Guid(0a02d964030888142ab10425d298d708) Importer(2089858483,b0f066a214c2f5e87bad3c948f4d605d) (ScriptedImporter) -> (artifact id: '8a6488fa6eaa9c20b1e3035d690aa77b') in 0.0370589 seconds
Number of updated asset objects reloaded before import = 0Number of asset objects unloaded after import = 2

========================================================================
Received Import Request.
  Time since last request: 1.155354 seconds.
  path: Assets/Prefabs/SpiritAnimController.controller
  artifactKey: Guid(d1350ca8d015b4c408b3ce078308cf25) Importer(2089858483,b0f066a214c2f5e87bad3c948f4d605d)
Start importing Assets/Prefabs/SpiritAnimController.controller using Guid(d1350ca8d015b4c408b3ce078308cf25) Importer(2089858483,b0f066a214c2f5e87bad3c948f4d605d) (ScriptedImporter) -> (artifact id: '4cd614293e16c42cc2ba0a9967a1a2e7') in 0.0817586 seconds
Number of updated asset objects reloaded before import = 0Number of asset objects unloaded after import = 13

========================================================================
Received Import Request.
  Time since last request: 0.000435 seconds.
  path: Assets/Textures/Ramp01.psd
  artifactKey: Guid(3c3c55c578b9bb44eb418ddcdf27d3e0) Importer(2089858483,b0f066a214c2f5e87bad3c948f4d605d)
Start importing Assets/Textures/Ramp01.psd using Guid(3c3c55c578b9bb44eb418ddcdf27d3e0) Importer(2089858483,b0f066a214c2f5e87bad3c948f4d605d) (ScriptedImporter) -> (artifact id: 'f75b4ce40de81b1797f161c3437c5875') in 0.0750736 seconds
Number of updated asset objects reloaded before import = 0Number of asset objects unloaded after import = 1

========================================================================
Received Import Request.
  Time since last request: 0.000155 seconds.
  path: Assets/Scripts/SimpleRotate.cs
  artifactKey: Guid(5bf9002bca3eee24c821d8886a73826a) Importer(2089858483,b0f066a214c2f5e87bad3c948f4d605d)
Start importing Assets/Scripts/SimpleRotate.cs using Guid(5bf9002bca3eee24c821d8886a73826a) Importer(2089858483,b0f066a214c2f5e87bad3c948f4d605d) (ScriptedImporter) -> (artifact id: '885564a84dcdaa8629a3b09ef250d91c') in 0.0363739 seconds
Number of updated asset objects reloaded before import = 0Number of asset objects unloaded after import = 0

========================================================================
Received Import Request.
  Time since last request: 0.000350 seconds.
  path: Assets/Shaders/NoNormalsOnlyshowVertexTestCutout.shader
  artifactKey: Guid(a7479af0236097046a23297a0218de39) Importer(2089858483,b0f066a214c2f5e87bad3c948f4d605d)
Start importing Assets/Shaders/NoNormalsOnlyshowVertexTestCutout.shader using Guid(a7479af0236097046a23297a0218de39) Importer(2089858483,b0f066a214c2f5e87bad3c948f4d605d) (ScriptedImporter) -> (artifact id: '17f92c3c606155906e8eb4e141768572') in 0.0643699 seconds
Number of updated asset objects reloaded before import = 0Number of asset objects unloaded after import = 1

========================================================================
Received Import Request.
  Time since last request: 0.000095 seconds.
  path: Assets/Scenes/test_convert.unity
  artifactKey: Guid(74d6ee492fc2e074b9a86e13bb1743cc) Importer(2089858483,b0f066a214c2f5e87bad3c948f4d605d)
Start importing Assets/Scenes/test_convert.unity using Guid(74d6ee492fc2e074b9a86e13bb1743cc) Importer(2089858483,b0f066a214c2f5e87bad3c948f4d605d) (ScriptedImporter) -> (artifact id: 'e5f726a4ef372e5d24a63522f7e343f4') in 0.091325 seconds
Number of updated asset objects reloaded before import = 0Number of asset objects unloaded after import = 1

========================================================================
Received Import Request.
  Time since last request: 0.000185 seconds.
  path: Assets/DialoguerExamples/Scripts/DialogueriTween.cs
  artifactKey: Guid(611c1638330804ef89d2c61fdd21edd3) Importer(2089858483,b0f066a214c2f5e87bad3c948f4d605d)
Start importing Assets/DialoguerExamples/Scripts/DialogueriTween.cs using Guid(611c1638330804ef89d2c61fdd21edd3) Importer(2089858483,b0f066a214c2f5e87bad3c948f4d605d) (ScriptedImporter) -> (artifact id: '092cc24050e7aa1efff87987634a27e7') in 0.0577946 seconds
Number of updated asset objects reloaded before import = 0Number of asset objects unloaded after import = 0

========================================================================
Received Import Request.
  Time since last request: 0.000306 seconds.
  path: Assets/Textures/Gradion01.psd
  artifactKey: Guid(94d94bc58014b934e8a73b166a42b962) Importer(2089858483,b0f066a214c2f5e87bad3c948f4d605d)
Start importing Assets/Textures/Gradion01.psd using Guid(94d94bc58014b934e8a73b166a42b962) Importer(2089858483,b0f066a214c2f5e87bad3c948f4d605d) (ScriptedImporter) -> (artifact id: '1864d97e0bd44582d5ca30cd9d7890a5') in 0.1440583 seconds
Number of updated asset objects reloaded before import = 0Number of asset objects unloaded after import = 1

========================================================================
Received Import Request.
  Time since last request: 0.000049 seconds.
  path: Assets/Scripts/ScrollingUv_once.cs
  artifactKey: Guid(d62dc1090c98722419cb0fccbce4cabc) Importer(2089858483,b0f066a214c2f5e87bad3c948f4d605d)
Start importing Assets/Scripts/ScrollingUv_once.cs using Guid(d62dc1090c98722419cb0fccbce4cabc) Importer(2089858483,b0f066a214c2f5e87bad3c948f4d605d) (ScriptedImporter) -> (artifact id: '7a47cf3d0aac0436d995021dd2b3c8f5') in 0.0741561 seconds
Number of updated asset objects reloaded before import = 0Number of asset objects unloaded after import = 0

========================================================================
Received Import Request.
  Time since last request: 0.000256 seconds.
  path: Assets/Textures/snowParticle01.png
  artifactKey: Guid(37fc82a1999eab241bfcc9d88d57d0bc) Importer(2089858483,b0f066a214c2f5e87bad3c948f4d605d)
Start importing Assets/Textures/snowParticle01.png using Guid(37fc82a1999eab241bfcc9d88d57d0bc) Importer(2089858483,b0f066a214c2f5e87bad3c948f4d605d) (ScriptedImporter) -> (artifact id: '90210732e21bda261bfa04ca569058b0') in 0.1307217 seconds
Number of updated asset objects reloaded before import = 0Number of asset objects unloaded after import = 1

========================================================================
Received Import Request.
  Time since last request: 0.000115 seconds.
  path: Assets/Editor/Image Effects/BloomEditor.js
  artifactKey: Guid(cf6d8fc1580864a149a13b0e37bb6659) Importer(2089858483,b0f066a214c2f5e87bad3c948f4d605d)
Start importing Assets/Editor/Image Effects/BloomEditor.js using Guid(cf6d8fc1580864a149a13b0e37bb6659) Importer(2089858483,b0f066a214c2f5e87bad3c948f4d605d) (ScriptedImporter) -> (artifact id: '67b60d15141f7911a7883728a567193e') in 0.0826016 seconds
Number of updated asset objects reloaded before import = 0Number of asset objects unloaded after import = 1

========================================================================
Received Import Request.
  Time since last request: 0.000091 seconds.
  path: Assets/Editor/Image Effects/EdgeDetectEffectNormalsEditor.js
  artifactKey: Guid(e04ef121228444287a4c957e442a58c1) Importer(2089858483,b0f066a214c2f5e87bad3c948f4d605d)
Start importing Assets/Editor/Image Effects/EdgeDetectEffectNormalsEditor.js using Guid(e04ef121228444287a4c957e442a58c1) Importer(2089858483,b0f066a214c2f5e87bad3c948f4d605d) (ScriptedImporter) -> (artifact id: 'a2caac0165a8da425c7c5b5b3ad16e17') in 0.0654357 seconds
Number of updated asset objects reloaded before import = 0Number of asset objects unloaded after import = 1

========================================================================
Received Import Request.
  Time since last request: 0.000297 seconds.
  path: Assets/Scenes/boat.unity
  artifactKey: Guid(776278285643e8446863fc5a0a4e05ee) Importer(2089858483,b0f066a214c2f5e87bad3c948f4d605d)
Start importing Assets/Scenes/boat.unity using Guid(776278285643e8446863fc5a0a4e05ee) Importer(2089858483,b0f066a214c2f5e87bad3c948f4d605d) (ScriptedImporter) -> (artifact id: '3ade2b47b5823cbd6fa75c40ff2df7c6') in 0.127674 seconds
Number of updated asset objects reloaded before import = 0Number of asset objects unloaded after import = 1

========================================================================
Received Import Request.
  Time since last request: 0.000073 seconds.
  path: Assets/Editor/Image Effects/BloomAndLensFlaresEditor.js
  artifactKey: Guid(fa3c09c9b1eff448fa03c3cc1ffd0283) Importer(2089858483,b0f066a214c2f5e87bad3c948f4d605d)
Start importing Assets/Editor/Image Effects/BloomAndLensFlaresEditor.js using Guid(fa3c09c9b1eff448fa03c3cc1ffd0283) Importer(2089858483,b0f066a214c2f5e87bad3c948f4d605d) (ScriptedImporter) -> (artifact id: 'cd35d2376d30f9f7d03efacc3f04e470') in 0.0443549 seconds
Number of updated asset objects reloaded before import = 0Number of asset objects unloaded after import = 1

========================================================================
Received Import Request.
  Time since last request: 0.000039 seconds.
  path: Assets/Models/Background/fencepiece.fbx
  artifactKey: Guid(b5821f5bde944a842af592e7925cb34a) Importer(2089858483,b0f066a214c2f5e87bad3c948f4d605d)
Start importing Assets/Models/Background/fencepiece.fbx using Guid(b5821f5bde944a842af592e7925cb34a) Importer(2089858483,b0f066a214c2f5e87bad3c948f4d605d) (ScriptedImporter) -> (artifact id: '624ad8e669ea1a12f19b5085b00a32aa') in 0.076747 seconds
Number of updated asset objects reloaded before import = 0Number of asset objects unloaded after import = 27

========================================================================
Received Import Request.
  Time since last request: 0.000068 seconds.
  path: Assets/Models/Boat/Moss.fbx
  artifactKey: Guid(cb3c415e020701246adb7a41656fcc6b) Importer(2089858483,b0f066a214c2f5e87bad3c948f4d605d)
Start importing Assets/Models/Boat/Moss.fbx using Guid(cb3c415e020701246adb7a41656fcc6b) Importer(2089858483,b0f066a214c2f5e87bad3c948f4d605d) (ScriptedImporter) -> (artifact id: 'e8f41052ea057aa1f773b58d2c997c3a') in 0.0697651 seconds
Number of updated asset objects reloaded before import = 0Number of asset objects unloaded after import = 7

========================================================================
Received Import Request.
  Time since last request: 0.000115 seconds.
  path: Assets/Models/Boat/boatFront.fbx
  artifactKey: Guid(d1e41dd7c33ed6e44802faf5476a5647) Importer(2089858483,b0f066a214c2f5e87bad3c948f4d605d)
Start importing Assets/Models/Boat/boatFront.fbx using Guid(d1e41dd7c33ed6e44802faf5476a5647) Importer(2089858483,b0f066a214c2f5e87bad3c948f4d605d) (ScriptedImporter) -> (artifact id: '1182762b4d1079dd9054a86c192918e9') in 0.1037375 seconds
Number of updated asset objects reloaded before import = 0Number of asset objects unloaded after import = 51

========================================================================
Received Import Request.
  Time since last request: 0.000060 seconds.
  path: Assets/Models/Boat/risePlatformMisc01.fbx
  artifactKey: Guid(7c8c22d738ce1744694b8f388d5c838e) Importer(2089858483,b0f066a214c2f5e87bad3c948f4d605d)
Start importing Assets/Models/Boat/risePlatformMisc01.fbx using Guid(7c8c22d738ce1744694b8f388d5c838e) Importer(2089858483,b0f066a214c2f5e87bad3c948f4d605d) (ScriptedImporter) -> (artifact id: '664e6f08e774cea1d66c306804bbe535') in 0.0834442 seconds
Number of updated asset objects reloaded before import = 0Number of asset objects unloaded after import = 10

========================================================================
Received Import Request.
  Time since last request: 0.000076 seconds.
  path: Assets/Models/Boat/iceCave01.fbx
  artifactKey: Guid(43537d46334336c468d26caf5d84e616) Importer(2089858483,b0f066a214c2f5e87bad3c948f4d605d)
Start importing Assets/Models/Boat/iceCave01.fbx using Guid(43537d46334336c468d26caf5d84e616) Importer(2089858483,b0f066a214c2f5e87bad3c948f4d605d) (ScriptedImporter) -> (artifact id: 'e333c55f3029d8f44153cb52b341962e') in 0.0554249 seconds
Number of updated asset objects reloaded before import = 0Number of asset objects unloaded after import = 21

========================================================================
Received Import Request.
  Time since last request: 0.000047 seconds.
  path: Assets/Models/Background/fireplace1.fbx
  artifactKey: Guid(ec1c03892b40db24fa2aaefa0bf3797f) Importer(2089858483,b0f066a214c2f5e87bad3c948f4d605d)
Start importing Assets/Models/Background/fireplace1.fbx using Guid(ec1c03892b40db24fa2aaefa0bf3797f) Importer(2089858483,b0f066a214c2f5e87bad3c948f4d605d) (ScriptedImporter) -> (artifact id: '6977ef798b690e9098b39557d7360281') in 0.1019581 seconds
Number of updated asset objects reloaded before import = 0Number of asset objects unloaded after import = 75

========================================================================
Received Import Request.
  Time since last request: 0.000077 seconds.
  path: Assets/Models/Boat/crate.fbx
  artifactKey: Guid(cb25d544eaac5354784bf56cc4e03be7) Importer(2089858483,b0f066a214c2f5e87bad3c948f4d605d)
Start importing Assets/Models/Boat/crate.fbx using Guid(cb25d544eaac5354784bf56cc4e03be7) Importer(2089858483,b0f066a214c2f5e87bad3c948f4d605d) (ScriptedImporter) -> (artifact id: '5d864457ea195e934d2fba5c66674459') in 0.0727323 seconds
Number of updated asset objects reloaded before import = 0Number of asset objects unloaded after import = 7

========================================================================
Received Import Request.
  Time since last request: 0.000083 seconds.
  path: Assets/Models/Boat/hillOWater.fbx
  artifactKey: Guid(a65f47e49e8e297428a4c1818fba6675) Importer(2089858483,b0f066a214c2f5e87bad3c948f4d605d)
Start importing Assets/Models/Boat/hillOWater.fbx using Guid(a65f47e49e8e297428a4c1818fba6675) Importer(2089858483,b0f066a214c2f5e87bad3c948f4d605d) (ScriptedImporter) -> (artifact id: 'bd1b4234fd93123aa74815769129873f') in 0.0783258 seconds
Number of updated asset objects reloaded before import = 0Number of asset objects unloaded after import = 7

========================================================================
Received Import Request.
  Time since last request: 0.000135 seconds.
  path: Assets/Models/Background/iceWall01.fbx
  artifactKey: Guid(31e925ef03e35c040b55b6fa63a69575) Importer(2089858483,b0f066a214c2f5e87bad3c948f4d605d)
Start importing Assets/Models/Background/iceWall01.fbx using Guid(31e925ef03e35c040b55b6fa63a69575) Importer(2089858483,b0f066a214c2f5e87bad3c948f4d605d) (ScriptedImporter) -> (artifact id: '5295e7042c5aeee3246817fec44fd2a7') in 0.0938457 seconds
Number of updated asset objects reloaded before import = 0Number of asset objects unloaded after import = 9

========================================================================
Received Import Request.
  Time since last request: 0.000346 seconds.
  path: Assets/Models/Background/bushBrown02.fbx
  artifactKey: Guid(97ca8735c1ee04141bfc975061ccd34d) Importer(2089858483,b0f066a214c2f5e87bad3c948f4d605d)
Start importing Assets/Models/Background/bushBrown02.fbx using Guid(97ca8735c1ee04141bfc975061ccd34d) Importer(2089858483,b0f066a214c2f5e87bad3c948f4d605d) (ScriptedImporter) -> (artifact id: '650feda4bb36dfd15cb09eb0ba431896') in 0.0863022 seconds
Number of updated asset objects reloaded before import = 0Number of asset objects unloaded after import = 7

========================================================================
Received Import Request.
  Time since last request: 0.000105 seconds.
  path: Assets/Scripts/PlayerSwitch.cs
  artifactKey: Guid(74a49c9014383e04cb73751f31875d68) Importer(2089858483,b0f066a214c2f5e87bad3c948f4d605d)
Start importing Assets/Scripts/PlayerSwitch.cs using Guid(74a49c9014383e04cb73751f31875d68) Importer(2089858483,b0f066a214c2f5e87bad3c948f4d605d) (ScriptedImporter) -> (artifact id: '375c462d3cb0e13cbf2f1fa9297ef2d7') in 0.0363215 seconds
Number of updated asset objects reloaded before import = 0Number of asset objects unloaded after import = 0

========================================================================
Received Import Request.
  Time since last request: 0.000033 seconds.
  path: Assets/Shaders/NoNormalsOnlyshowVertexTest.shader
  artifactKey: Guid(4e841b82b1fbe214fac9da5d307b5101) Importer(2089858483,b0f066a214c2f5e87bad3c948f4d605d)
Start importing Assets/Shaders/NoNormalsOnlyshowVertexTest.shader using Guid(4e841b82b1fbe214fac9da5d307b5101) Importer(2089858483,b0f066a214c2f5e87bad3c948f4d605d) (ScriptedImporter) -> (artifact id: '9b5d393ea64aaad169f1903488153864') in 0.0543725 seconds
Number of updated asset objects reloaded before import = 0Number of asset objects unloaded after import = 1

========================================================================
Received Import Request.
  Time since last request: 0.000141 seconds.
  path: Assets/Shaders/Refraction.shader
  artifactKey: Guid(e6eb45a2f57eb174caec61d3a372235c) Importer(2089858483,b0f066a214c2f5e87bad3c948f4d605d)
Start importing Assets/Shaders/Refraction.shader using Guid(e6eb45a2f57eb174caec61d3a372235c) Importer(2089858483,b0f066a214c2f5e87bad3c948f4d605d) (ScriptedImporter) -> (artifact id: 'c38b80179fd5592c93c69aa169ba37ec') in 0.0650383 seconds
Number of updated asset objects reloaded before import = 0Number of asset objects unloaded after import = 1

========================================================================
Received Import Request.
  Time since last request: 0.000075 seconds.
  path: Assets/Models/Boat/holeBottom.fbx
  artifactKey: Guid(a0940d856020eb14faf9b357ae7446f5) Importer(2089858483,b0f066a214c2f5e87bad3c948f4d605d)
Start importing Assets/Models/Boat/holeBottom.fbx using Guid(a0940d856020eb14faf9b357ae7446f5) Importer(2089858483,b0f066a214c2f5e87bad3c948f4d605d) (ScriptedImporter) -> (artifact id: 'ee6cca2a4b67f86a543054c5c66584ad') in 0.0759185 seconds
Number of updated asset objects reloaded before import = 0Number of asset objects unloaded after import = 36

========================================================================
Received Import Request.
  Time since last request: 0.000785 seconds.
  path: Assets/Models/Cave/runestonePillarMid.fbx
  artifactKey: Guid(4e638ab7fa2220a4d8043672e6acb5f2) Importer(2089858483,b0f066a214c2f5e87bad3c948f4d605d)
Start importing Assets/Models/Cave/runestonePillarMid.fbx using Guid(4e638ab7fa2220a4d8043672e6acb5f2) Importer(2089858483,b0f066a214c2f5e87bad3c948f4d605d) (ScriptedImporter) -> (artifact id: 'ab7b362bb61078a9b17a5a6f159d1119') in 0.0685917 seconds
Number of updated asset objects reloaded before import = 0Number of asset objects unloaded after import = 18

========================================================================
Received Import Request.
  Time since last request: 0.000072 seconds.
  path: Assets/Models/Cave/runestonePillarTop.fbx
  artifactKey: Guid(01f3d1f0379b0bf4897dcd6386691480) Importer(2089858483,b0f066a214c2f5e87bad3c948f4d605d)
Start importing Assets/Models/Cave/runestonePillarTop.fbx using Guid(01f3d1f0379b0bf4897dcd6386691480) Importer(2089858483,b0f066a214c2f5e87bad3c948f4d605d) (ScriptedImporter) -> (artifact id: 'ebba1f7d1ea47e3f9b1182277a381718') in 0.0974293 seconds
Number of updated asset objects reloaded before import = 0Number of asset objects unloaded after import = 20

========================================================================
Received Import Request.
  Time since last request: 0.000043 seconds.
  path: Assets/Models/Cave/runestoneInsideFloorPillar02.fbx
  artifactKey: Guid(ef46543cf1b0843458257bca9b23c66b) Importer(2089858483,b0f066a214c2f5e87bad3c948f4d605d)
Start importing Assets/Models/Cave/runestoneInsideFloorPillar02.fbx using Guid(ef46543cf1b0843458257bca9b23c66b) Importer(2089858483,b0f066a214c2f5e87bad3c948f4d605d) (ScriptedImporter) -> (artifact id: '574e8fa589fa5d416ac275264b76a20d') in 0.0734372 seconds
Number of updated asset objects reloaded before import = 0Number of asset objects unloaded after import = 9

========================================================================
Received Import Request.
  Time since last request: 0.000038 seconds.
  path: Assets/Models/Cave/runestoneInsideFloorsmallBroken.fbx
  artifactKey: Guid(9442f6fc9f1b4b04baefa2dede794b5d) Importer(2089858483,b0f066a214c2f5e87bad3c948f4d605d)
Start importing Assets/Models/Cave/runestoneInsideFloorsmallBroken.fbx using Guid(9442f6fc9f1b4b04baefa2dede794b5d) Importer(2089858483,b0f066a214c2f5e87bad3c948f4d605d) (ScriptedImporter) -> (artifact id: 'c2f8349de32320ea457aee54a152f0dc') in 0.0628958 seconds
Number of updated asset objects reloaded before import = 0Number of asset objects unloaded after import = 7

========================================================================
Received Import Request.
  Time since last request: 0.000119 seconds.
  path: Assets/Models/Cave/runestoneStand01.fbx
  artifactKey: Guid(8c390dd4b9d8d7647a51838a9e29fe02) Importer(2089858483,b0f066a214c2f5e87bad3c948f4d605d)
Start importing Assets/Models/Cave/runestoneStand01.fbx using Guid(8c390dd4b9d8d7647a51838a9e29fe02) Importer(2089858483,b0f066a214c2f5e87bad3c948f4d605d) (ScriptedImporter) -> (artifact id: '6f2cc8a1fc655e724d1db4ff9295d8d8') in 0.0839 seconds
Number of updated asset objects reloaded before import = 0Number of asset objects unloaded after import = 16

========================================================================
Received Import Request.
  Time since last request: 0.000058 seconds.
  path: Assets/Models/Cave/runestoneInsideFloor01.fbx
  artifactKey: Guid(2c8c4755a872afe47a8c2ffef5639de7) Importer(2089858483,b0f066a214c2f5e87bad3c948f4d605d)
Start importing Assets/Models/Cave/runestoneInsideFloor01.fbx using Guid(2c8c4755a872afe47a8c2ffef5639de7) Importer(2089858483,b0f066a214c2f5e87bad3c948f4d605d) (ScriptedImporter) -> (artifact id: '37590f2cb04f5380c8da7849d6ffc179') in 0.0655755 seconds
Number of updated asset objects reloaded before import = 0Number of asset objects unloaded after import = 7

========================================================================
Received Import Request.
  Time since last request: 0.000134 seconds.
  path: Assets/Models/Cave/runestonePressureplate.fbx
  artifactKey: Guid(1fcc1d2099b6c294aa829554f25ba9db) Importer(2089858483,b0f066a214c2f5e87bad3c948f4d605d)
Start importing Assets/Models/Cave/runestonePressureplate.fbx using Guid(1fcc1d2099b6c294aa829554f25ba9db) Importer(2089858483,b0f066a214c2f5e87bad3c948f4d605d) (ScriptedImporter) -> (artifact id: '139537598dbba368b8698c3815e87fcc') in 0.0777524 seconds
Number of updated asset objects reloaded before import = 0Number of asset objects unloaded after import = 7

========================================================================
Received Import Request.
  Time since last request: 0.000087 seconds.
  path: Assets/Models/Boat/rock01.fbx
  artifactKey: Guid(c5d87d67895ff7d4bbfb6ea8f72bf952) Importer(2089858483,b0f066a214c2f5e87bad3c948f4d605d)
Start importing Assets/Models/Boat/rock01.fbx using Guid(c5d87d67895ff7d4bbfb6ea8f72bf952) Importer(2089858483,b0f066a214c2f5e87bad3c948f4d605d) (ScriptedImporter) -> (artifact id: '8c12cb21a1fd17f53b3caeef2af6c4c3') in 0.0953694 seconds
Number of updated asset objects reloaded before import = 0Number of asset objects unloaded after import = 16

========================================================================
Received Import Request.
  Time since last request: 0.000144 seconds.
  path: Assets/Animations/DefaultAvatar.fbm/eyes_specular_map.tga
  artifactKey: Guid(168b896fe07b9444b926f376c7519f47) Importer(2089858483,b0f066a214c2f5e87bad3c948f4d605d)
Start importing Assets/Animations/DefaultAvatar.fbm/eyes_specular_map.tga using Guid(168b896fe07b9444b926f376c7519f47) Importer(2089858483,b0f066a214c2f5e87bad3c948f4d605d) (ScriptedImporter) -> (artifact id: '7c4e9c370ee3b80fa34d2fd2b2cab776') in 0.0918629 seconds
Number of updated asset objects reloaded before import = 0Number of asset objects unloaded after import = 1

========================================================================
Received Import Request.
  Time since last request: 0.000133 seconds.
  path: Assets/Models/Boat/hillOutsideboat.fbx
  artifactKey: Guid(fb25e52ba111d2143a35a8f35e95c2fa) Importer(2089858483,b0f066a214c2f5e87bad3c948f4d605d)
Start importing Assets/Models/Boat/hillOutsideboat.fbx using Guid(fb25e52ba111d2143a35a8f35e95c2fa) Importer(2089858483,b0f066a214c2f5e87bad3c948f4d605d) (ScriptedImporter) -> (artifact id: '609537cd43558607ef0a364b4d9998a3') in 0.0938512 seconds
Number of updated asset objects reloaded before import = 0Number of asset objects unloaded after import = 47

========================================================================
Received Import Request.
  Time since last request: 0.000058 seconds.
  path: Assets/Animations/Materials/Standard_19.mat
  artifactKey: Guid(5648528d8c42d904da1fab60d9f430f8) Importer(2089858483,b0f066a214c2f5e87bad3c948f4d605d)
Start importing Assets/Animations/Materials/Standard_19.mat using Guid(5648528d8c42d904da1fab60d9f430f8) Importer(2089858483,b0f066a214c2f5e87bad3c948f4d605d) (ScriptedImporter) -> (artifact id: '16597b3336a18f7dd780b5223cb5ee28') in 0.0811298 seconds
Number of updated asset objects reloaded before import = 0Number of asset objects unloaded after import = 1

========================================================================
Received Import Request.
  Time since last request: 0.000245 seconds.
  path: Assets/Models/Boat/floorBoardsGrouped.fbx
  artifactKey: Guid(288e82371e19dad479e70ae609b1caec) Importer(2089858483,b0f066a214c2f5e87bad3c948f4d605d)
Start importing Assets/Models/Boat/floorBoardsGrouped.fbx using Guid(288e82371e19dad479e70ae609b1caec) Importer(2089858483,b0f066a214c2f5e87bad3c948f4d605d) (ScriptedImporter) -> (artifact id: 'fa2dda8877f6b3aa6ae08e384a7a6e19') in 0.0698959 seconds
Number of updated asset objects reloaded before import = 0Number of asset objects unloaded after import = 37

========================================================================
Received Import Request.
  Time since last request: 0.000144 seconds.
  path: Assets/Models/Hus/downFall02.fbx
  artifactKey: Guid(13b83c079b44dba4387dfebe3b49f28b) Importer(2089858483,b0f066a214c2f5e87bad3c948f4d605d)
Start importing Assets/Models/Hus/downFall02.fbx using Guid(13b83c079b44dba4387dfebe3b49f28b) Importer(2089858483,b0f066a214c2f5e87bad3c948f4d605d) (ScriptedImporter) -> (artifact id: '1a8cb20938812ab10261c32684295b57') in 0.0768496 seconds
Number of updated asset objects reloaded before import = 0Number of asset objects unloaded after import = 7

========================================================================
Received Import Request.
  Time since last request: 0.000131 seconds.
  path: Assets/Models/Character/spirit02.fbx
  artifactKey: Guid(15b037d9b5d05924fb6c06898265dfc6) Importer(2089858483,b0f066a214c2f5e87bad3c948f4d605d)
Start importing Assets/Models/Character/spirit02.fbx using Guid(15b037d9b5d05924fb6c06898265dfc6) Importer(2089858483,b0f066a214c2f5e87bad3c948f4d605d) (ScriptedImporter) -> (artifact id: 'c506dc467e614342ce0bfb89d6616a0d') in 0.1202961 seconds
Number of updated asset objects reloaded before import = 0Number of asset objects unloaded after import = 164

========================================================================
Received Import Request.
  Time since last request: 0.000142 seconds.
  path: Assets/Models/Hus/downFall01.fbx
  artifactKey: Guid(673f653212787504a87a4f3ab440beb4) Importer(2089858483,b0f066a214c2f5e87bad3c948f4d605d)
Start importing Assets/Models/Hus/downFall01.fbx using Guid(673f653212787504a87a4f3ab440beb4) Importer(2089858483,b0f066a214c2f5e87bad3c948f4d605d) (ScriptedImporter) -> (artifact id: '3c6b90022b32bcd4bc4af20fee090590') in 0.2100049 seconds
Number of updated asset objects reloaded before import = 0Number of asset objects unloaded after import = 7

========================================================================
Received Import Request.
  Time since last request: 0.000100 seconds.
  path: Assets/Models/Character/Char01.fbx
  artifactKey: Guid(8ed7056593d0cb0489bd4aee7d01c6db) Importer(2089858483,b0f066a214c2f5e87bad3c948f4d605d)
Start importing Assets/Models/Character/Char01.fbx using Guid(8ed7056593d0cb0489bd4aee7d01c6db) Importer(2089858483,b0f066a214c2f5e87bad3c948f4d605d) (ScriptedImporter) -> (artifact id: '9e18972d04c0981a026b461d72174593') in 0.1721831 seconds
Number of updated asset objects reloaded before import = 0Number of asset objects unloaded after import = 171

========================================================================
Received Import Request.
  Time since last request: 0.000066 seconds.
  path: Assets/Models/Cave/runeWord01.fbx
  artifactKey: Guid(036c6393a6ffeb04c86a82413a0f89d6) Importer(2089858483,b0f066a214c2f5e87bad3c948f4d605d)
Start importing Assets/Models/Cave/runeWord01.fbx using Guid(036c6393a6ffeb04c86a82413a0f89d6) Importer(2089858483,b0f066a214c2f5e87bad3c948f4d605d) (ScriptedImporter) -> (artifact id: '9b54c7bec174c976c638b4e64ef0bb4b') in 0.0537284 seconds
Number of updated asset objects reloaded before import = 0Number of asset objects unloaded after import = 7

========================================================================
Received Import Request.
  Time since last request: 0.000078 seconds.
  path: Assets/Scripts/MirrorReflection.cs
  artifactKey: Guid(f76877309cb6ec949ae7b8713e534913) Importer(2089858483,b0f066a214c2f5e87bad3c948f4d605d)
Start importing Assets/Scripts/MirrorReflection.cs using Guid(f76877309cb6ec949ae7b8713e534913) Importer(2089858483,b0f066a214c2f5e87bad3c948f4d605d) (ScriptedImporter) -> (artifact id: 'b0d3331db4b71e7975e60b1a547b5749') in 0.0402135 seconds
Number of updated asset objects reloaded before import = 0Number of asset objects unloaded after import = 0

========================================================================
Received Import Request.
  Time since last request: 0.000072 seconds.
  path: Assets/Models/Boat/floorBoardsGroupedDark.fbx
  artifactKey: Guid(d6e07ca4ac2e87143a09bfa8ca32277d) Importer(2089858483,b0f066a214c2f5e87bad3c948f4d605d)
Start importing Assets/Models/Boat/floorBoardsGroupedDark.fbx using Guid(d6e07ca4ac2e87143a09bfa8ca32277d) Importer(2089858483,b0f066a214c2f5e87bad3c948f4d605d) (ScriptedImporter) -> (artifact id: 'e8a04e614936d81b9b1ce69d71905ff4') in 0.0903259 seconds
Number of updated asset objects reloaded before import = 0Number of asset objects unloaded after import = 7

========================================================================
Received Import Request.
  Time since last request: 0.000424 seconds.
  path: Assets/Models/Background/cloud_01.fbx
  artifactKey: Guid(a2e4bc2664312e742a79ef83a0bbcf90) Importer(2089858483,b0f066a214c2f5e87bad3c948f4d605d)
Start importing Assets/Models/Background/cloud_01.fbx using Guid(a2e4bc2664312e742a79ef83a0bbcf90) Importer(2089858483,b0f066a214c2f5e87bad3c948f4d605d) (ScriptedImporter) -> (artifact id: '1298898a0aa414f55b56e0af5ee99604') in 0.0791896 seconds
Number of updated asset objects reloaded before import = 0Number of asset objects unloaded after import = 22

========================================================================
Received Import Request.
  Time since last request: 0.000092 seconds.
  path: Assets/Models/Enemies/enemySpikes01.fbx
  artifactKey: Guid(0b8b171b6ab36bf4cbcccd095afedb11) Importer(2089858483,b0f066a214c2f5e87bad3c948f4d605d)
Start importing Assets/Models/Enemies/enemySpikes01.fbx using Guid(0b8b171b6ab36bf4cbcccd095afedb11) Importer(2089858483,b0f066a214c2f5e87bad3c948f4d605d) (ScriptedImporter) -> (artifact id: 'a949c5dffdc19c9e4ded45ce744485db') in 0.0707076 seconds
Number of updated asset objects reloaded before import = 0Number of asset objects unloaded after import = 8

========================================================================
Received Import Request.
  Time since last request: 0.000039 seconds.
  path: Assets/Models/Cave/fireplace1.fbx
  artifactKey: Guid(ef0c6a1ebc012f645810c5a5e33a0768) Importer(2089858483,b0f066a214c2f5e87bad3c948f4d605d)
Start importing Assets/Models/Cave/fireplace1.fbx using Guid(ef0c6a1ebc012f645810c5a5e33a0768) Importer(2089858483,b0f066a214c2f5e87bad3c948f4d605d) (ScriptedImporter) -> (artifact id: '0c3619604e8d15feab8d0f6a4dfb77d2') in 0.0693289 seconds
Number of updated asset objects reloaded before import = 0Number of asset objects unloaded after import = 73

========================================================================
Received Import Request.
  Time since last request: 0.000237 seconds.
  path: Assets/Models/Hus/hus_outside02.fbx
  artifactKey: Guid(3fb6cab8435d12e42a7d8bd27ed60eed) Importer(2089858483,b0f066a214c2f5e87bad3c948f4d605d)
Start importing Assets/Models/Hus/hus_outside02.fbx using Guid(3fb6cab8435d12e42a7d8bd27ed60eed) Importer(2089858483,b0f066a214c2f5e87bad3c948f4d605d) (ScriptedImporter) -> (artifact id: '7752ecd3b8b13e78076be2f93ec9eb9b') in 0.1785137 seconds
Number of updated asset objects reloaded before import = 0Number of asset objects unloaded after import = 211

========================================================================
Received Import Request.
  Time since last request: 0.000064 seconds.
  path: Assets/Models/Hus/iceBreakWater.fbx
  artifactKey: Guid(d7544c3959d2ae242927b03161106875) Importer(2089858483,b0f066a214c2f5e87bad3c948f4d605d)
Start importing Assets/Models/Hus/iceBreakWater.fbx using Guid(d7544c3959d2ae242927b03161106875) Importer(2089858483,b0f066a214c2f5e87bad3c948f4d605d) (ScriptedImporter) -> (artifact id: 'd7cd2c5d17671254a502713c4bef9c95') in 0.0589961 seconds
Number of updated asset objects reloaded before import = 0Number of asset objects unloaded after import = 7

========================================================================
Received Import Request.
  Time since last request: 0.000044 seconds.
  path: Assets/Models/Hus/iceBreak01.fbx
  artifactKey: Guid(6fb96b35d3986f94ca818e2d7ba4d3f3) Importer(2089858483,b0f066a214c2f5e87bad3c948f4d605d)
Start importing Assets/Models/Hus/iceBreak01.fbx using Guid(6fb96b35d3986f94ca818e2d7ba4d3f3) Importer(2089858483,b0f066a214c2f5e87bad3c948f4d605d) (ScriptedImporter) -> (artifact id: 'abfb2a0b04fec757648d190f7c1075bb') in 0.0529284 seconds
Number of updated asset objects reloaded before import = 0Number of asset objects unloaded after import = 14

========================================================================
Received Import Request.
  Time since last request: 0.000045 seconds.
  path: Assets/Prefabs/Boat/boatBG.prefab
  artifactKey: Guid(9487bf9b5c7fa3342880241b05048cf1) Importer(2089858483,b0f066a214c2f5e87bad3c948f4d605d)
Start importing Assets/Prefabs/Boat/boatBG.prefab using Guid(9487bf9b5c7fa3342880241b05048cf1) Importer(2089858483,b0f066a214c2f5e87bad3c948f4d605d) (ScriptedImporter) -> (artifact id: '8f87ad60d18b327f8ed0943ec5386a82') in 0.0607602 seconds
Number of updated asset objects reloaded before import = 0Number of asset objects unloaded after import = 9

========================================================================
Received Import Request.
  Time since last request: 0.000039 seconds.
  path: Assets/Models/Hus/iceBreak02.fbx
  artifactKey: Guid(8afaa20d0187cfb47b6356fedc57ab84) Importer(2089858483,b0f066a214c2f5e87bad3c948f4d605d)
Start importing Assets/Models/Hus/iceBreak02.fbx using Guid(8afaa20d0187cfb47b6356fedc57ab84) Importer(2089858483,b0f066a214c2f5e87bad3c948f4d605d) (ScriptedImporter) -> (artifact id: 'a668fea84c8e0197267dd8cecdd6e0de') in 0.0658159 seconds
Number of updated asset objects reloaded before import = 0Number of asset objects unloaded after import = 14

========================================================================
Received Import Request.
  Time since last request: 0.000069 seconds.
  path: Assets/DialoguerExamples/Scripts/DialoguerTestSceneMain.cs
  artifactKey: Guid(b5982f7e9bead4e87b15021b04bb9563) Importer(2089858483,b0f066a214c2f5e87bad3c948f4d605d)
Start importing Assets/DialoguerExamples/Scripts/DialoguerTestSceneMain.cs using Guid(b5982f7e9bead4e87b15021b04bb9563) Importer(2089858483,b0f066a214c2f5e87bad3c948f4d605d) (ScriptedImporter) -> (artifact id: 'f0be42eeaf36037519c6ccf097b6fca4') in 0.0544634 seconds
Number of updated asset objects reloaded before import = 0Number of asset objects unloaded after import = 0

========================================================================
Received Import Request.
  Time since last request: 0.000075 seconds.
  path: Assets/Models/Background/mountain02.fbx
  artifactKey: Guid(ec6a64adb074dc74c9343b5cdd8f0aec) Importer(2089858483,b0f066a214c2f5e87bad3c948f4d605d)
Start importing Assets/Models/Background/mountain02.fbx using Guid(ec6a64adb074dc74c9343b5cdd8f0aec) Importer(2089858483,b0f066a214c2f5e87bad3c948f4d605d) (ScriptedImporter) -> (artifact id: 'c96047517c9d324d80067c50ff243dc1') in 0.0700469 seconds
Number of updated asset objects reloaded before import = 0Number of asset objects unloaded after import = 7

========================================================================
Received Import Request.
  Time since last request: 0.000091 seconds.
  path: Assets/Models/Cave/runeWord03.fbx
  artifactKey: Guid(10813be5a4811b74fb3e4dd9baed4782) Importer(2089858483,b0f066a214c2f5e87bad3c948f4d605d)
Start importing Assets/Models/Cave/runeWord03.fbx using Guid(10813be5a4811b74fb3e4dd9baed4782) Importer(2089858483,b0f066a214c2f5e87bad3c948f4d605d) (ScriptedImporter) -> (artifact id: 'af8da16e2cc7f46a8df37f2786a20242') in 0.0993968 seconds
Number of updated asset objects reloaded before import = 0Number of asset objects unloaded after import = 7

========================================================================
Received Import Request.
  Time since last request: 0.000163 seconds.
  path: Assets/Models/Background/axe1.fbx
  artifactKey: Guid(f4a43b422ac0675479e0d1e445467739) Importer(2089858483,b0f066a214c2f5e87bad3c948f4d605d)
Start importing Assets/Models/Background/axe1.fbx using Guid(f4a43b422ac0675479e0d1e445467739) Importer(2089858483,b0f066a214c2f5e87bad3c948f4d605d) (ScriptedImporter) -> (artifact id: '58e204b384859247245577868b998e91') in 0.0615892 seconds
Number of updated asset objects reloaded before import = 0Number of asset objects unloaded after import = 17

========================================================================
Received Import Request.
  Time since last request: 0.000084 seconds.
  path: Assets/DialoguerExamples/Audio/shake.wav
  artifactKey: Guid(8ee6237c65f63421f989bc0c47411393) Importer(2089858483,b0f066a214c2f5e87bad3c948f4d605d)
Start importing Assets/DialoguerExamples/Audio/shake.wav using Guid(8ee6237c65f63421f989bc0c47411393) Importer(2089858483,b0f066a214c2f5e87bad3c948f4d605d) (ScriptedImporter) -> (artifact id: 'a0f8102b744211e9e724365c7ce8f2fa') in 0.1633659 seconds
Number of updated asset objects reloaded before import = 0Number of asset objects unloaded after import = 1

========================================================================
Received Import Request.
  Time since last request: 0.000081 seconds.
  path: Assets/Prefabs/Cave/runestoneArchTrigger.prefab
  artifactKey: Guid(b4439d1f43a8c9e449ae67b71508e87e) Importer(2089858483,b0f066a214c2f5e87bad3c948f4d605d)
Start importing Assets/Prefabs/Cave/runestoneArchTrigger.prefab using Guid(b4439d1f43a8c9e449ae67b71508e87e) Importer(2089858483,b0f066a214c2f5e87bad3c948f4d605d) (ScriptedImporter) -> (artifact id: 'ada496295f0510bfc63ccab89e17704b') in 0.0685016 seconds
Number of updated asset objects reloaded before import = 0Number of asset objects unloaded after import = 42

========================================================================
Received Import Request.
  Time since last request: 0.000152 seconds.
  path: Assets/Prefabs/Boat/midSupportBeam01.prefab
  artifactKey: Guid(3faeedf35f02d0b4196a49020344934c) Importer(2089858483,b0f066a214c2f5e87bad3c948f4d605d)
Start importing Assets/Prefabs/Boat/midSupportBeam01.prefab using Guid(3faeedf35f02d0b4196a49020344934c) Importer(2089858483,b0f066a214c2f5e87bad3c948f4d605d) (ScriptedImporter) -> (artifact id: '37ca8731b07b10bc189d7bef478fade9') in 0.0848624 seconds
Number of updated asset objects reloaded before import = 0Number of asset objects unloaded after import = 24

========================================================================
Received Import Request.
  Time since last request: 0.000088 seconds.
  path: Assets/Prefabs/Interaction/InteractCircleB.prefab
  artifactKey: Guid(c30715dd5f71c2b42a79631a1239f237) Importer(2089858483,b0f066a214c2f5e87bad3c948f4d605d)
Start importing Assets/Prefabs/Interaction/InteractCircleB.prefab using Guid(c30715dd5f71c2b42a79631a1239f237) Importer(2089858483,b0f066a214c2f5e87bad3c948f4d605d) (ScriptedImporter) -> (artifact id: '25fdbeee9b8c59edd39cbf94165e1610') in 0.0824565 seconds
Number of updated asset objects reloaded before import = 0Number of asset objects unloaded after import = 20

========================================================================
Received Import Request.
  Time since last request: 0.000061 seconds.
  path: Assets/Prefabs/Cave/runestoneBeamLined.prefab
  artifactKey: Guid(ab5c6d8621c36504ba0f5067679a88d4) Importer(2089858483,b0f066a214c2f5e87bad3c948f4d605d)
Start importing Assets/Prefabs/Cave/runestoneBeamLined.prefab using Guid(ab5c6d8621c36504ba0f5067679a88d4) Importer(2089858483,b0f066a214c2f5e87bad3c948f4d605d) (ScriptedImporter) -> (artifact id: '592a3255d17c1afb40302f6fb8d0f29c') in 0.0741658 seconds
Number of updated asset objects reloaded before import = 0Number of asset objects unloaded after import = 30

========================================================================
Received Import Request.
  Time since last request: 0.000132 seconds.
  path: Assets/Prefabs/Interaction/HumanToSpiritTrigger.prefab
  artifactKey: Guid(bb0ffbadae9d42e479a7785bcffa61ee) Importer(2089858483,b0f066a214c2f5e87bad3c948f4d605d)
Start importing Assets/Prefabs/Interaction/HumanToSpiritTrigger.prefab using Guid(bb0ffbadae9d42e479a7785bcffa61ee) Importer(2089858483,b0f066a214c2f5e87bad3c948f4d605d) (ScriptedImporter) -> (artifact id: 'ed3cac0faa6477faaba600842e587976') in 0.0774058 seconds
Number of updated asset objects reloaded before import = 0Number of asset objects unloaded after import = 13

========================================================================
Received Import Request.
  Time since last request: 0.000233 seconds.
  path: Assets/Prefabs/Cave/runestoneBeamLined02.prefab
  artifactKey: Guid(60e7b94261f046d40a99ed5a13015b1a) Importer(2089858483,b0f066a214c2f5e87bad3c948f4d605d)
Start importing Assets/Prefabs/Cave/runestoneBeamLined02.prefab using Guid(60e7b94261f046d40a99ed5a13015b1a) Importer(2089858483,b0f066a214c2f5e87bad3c948f4d605d) (ScriptedImporter) -> (artifact id: '461886b683617b2378410215e7187f6e') in 0.0999634 seconds
Number of updated asset objects reloaded before import = 0Number of asset objects unloaded after import = 58

========================================================================
Received Import Request.
  Time since last request: 0.000220 seconds.
  path: Assets/ScreenDrops/_Shaders/screendropsBump.shader
  artifactKey: Guid(b788a654e13e73a468bfa4f0be5b223c) Importer(2089858483,b0f066a214c2f5e87bad3c948f4d605d)
Start importing Assets/ScreenDrops/_Shaders/screendropsBump.shader using Guid(b788a654e13e73a468bfa4f0be5b223c) Importer(2089858483,b0f066a214c2f5e87bad3c948f4d605d) (ScriptedImporter) -> (artifact id: 'e2bbf8b4830d8d9240b2ee01d09639a1') in 0.0596715 seconds
Number of updated asset objects reloaded before import = 0Number of asset objects unloaded after import = 1

========================================================================
Received Import Request.
  Time since last request: 0.000064 seconds.
  path: Assets/Prefabs/Cave/Fireplace.prefab
  artifactKey: Guid(62a30a9524ba29e4ab948719cc865d18) Importer(2089858483,b0f066a214c2f5e87bad3c948f4d605d)
Start importing Assets/Prefabs/Cave/Fireplace.prefab using Guid(62a30a9524ba29e4ab948719cc865d18) Importer(2089858483,b0f066a214c2f5e87bad3c948f4d605d) (ScriptedImporter) -> (artifact id: '857f1aca17cec83342a0c50a86c83072') in 0.0682508 seconds
Number of updated asset objects reloaded before import = 0Number of asset objects unloaded after import = 8

========================================================================
Received Import Request.
  Time since last request: 0.000082 seconds.
  path: Assets/Models/Boat/leverThing01.fbx
  artifactKey: Guid(a2128d031da35f74d8fb31c1dfbe8778) Importer(2089858483,b0f066a214c2f5e87bad3c948f4d605d)
Start importing Assets/Models/Boat/leverThing01.fbx using Guid(a2128d031da35f74d8fb31c1dfbe8778) Importer(2089858483,b0f066a214c2f5e87bad3c948f4d605d) (ScriptedImporter) -> (artifact id: '65db059461d49f3dd1c0cd0ede46349a') in 0.1336025 seconds
Number of updated asset objects reloaded before import = 0Number of asset objects unloaded after import = 14

========================================================================
Received Import Request.
  Time since last request: 0.000429 seconds.
  path: Assets/Models/Hus/downFall03.fbx
  artifactKey: Guid(f91a02907b3d8e24ca5ffb8bff82038f) Importer(2089858483,b0f066a214c2f5e87bad3c948f4d605d)
Start importing Assets/Models/Hus/downFall03.fbx using Guid(f91a02907b3d8e24ca5ffb8bff82038f) Importer(2089858483,b0f066a214c2f5e87bad3c948f4d605d) (ScriptedImporter) -> (artifact id: 'e84b9d2c9dec5dc7f1f446feffeeaeff') in 0.1891254 seconds
Number of updated asset objects reloaded before import = 0Number of asset objects unloaded after import = 7

========================================================================
Received Import Request.
  Time since last request: 0.000298 seconds.
  path: Assets/Scripts/Actions/PlaySound.cs
  artifactKey: Guid(3dbd00bb70156e540bda13b2362f7c9e) Importer(2089858483,b0f066a214c2f5e87bad3c948f4d605d)
Start importing Assets/Scripts/Actions/PlaySound.cs using Guid(3dbd00bb70156e540bda13b2362f7c9e) Importer(2089858483,b0f066a214c2f5e87bad3c948f4d605d) (ScriptedImporter) -> (artifact id: '6d1d1d0ac481b28b91d4260cd925a805') in 0.1009529 seconds
Number of updated asset objects reloaded before import = 0Number of asset objects unloaded after import = 0

========================================================================
Received Import Request.
  Time since last request: 0.002545 seconds.
  path: Assets/Scripts/Actions/HumanToSpirit.cs
  artifactKey: Guid(9e15b68cef86b7641a3b5a8ee94fd6f1) Importer(2089858483,b0f066a214c2f5e87bad3c948f4d605d)
Start importing Assets/Scripts/Actions/HumanToSpirit.cs using Guid(9e15b68cef86b7641a3b5a8ee94fd6f1) Importer(2089858483,b0f066a214c2f5e87bad3c948f4d605d) (ScriptedImporter) -> (artifact id: 'f27c9b33ee976fab3a549c63ab84ffac') in 0.4124203 seconds
Number of updated asset objects reloaded before import = 0Number of asset objects unloaded after import = 0

========================================================================
Received Import Request.
  Time since last request: 0.001547 seconds.
  path: Assets/ScreenDrops/_Textures/screendropsBump1.png
  artifactKey: Guid(b1b7b730e9d51334ba057935b622833b) Importer(2089858483,b0f066a214c2f5e87bad3c948f4d605d)
Start importing Assets/ScreenDrops/_Textures/screendropsBump1.png using Guid(b1b7b730e9d51334ba057935b622833b) Importer(2089858483,b0f066a214c2f5e87bad3c948f4d605d) (ScriptedImporter) -> (artifact id: '067e1a59996d5f1c1de34f923f87247b') in 0.1466784 seconds
Number of updated asset objects reloaded before import = 0Number of asset objects unloaded after import = 1

========================================================================
Received Import Request.
  Time since last request: 0.001237 seconds.
  path: Assets/ScreenDrops/_Textures/screendropsAlpha1.png
  artifactKey: Guid(93df8dad1af1186438916c7dd58b6d80) Importer(2089858483,b0f066a214c2f5e87bad3c948f4d605d)
Start importing Assets/ScreenDrops/_Textures/screendropsAlpha1.png using Guid(93df8dad1af1186438916c7dd58b6d80) Importer(2089858483,b0f066a214c2f5e87bad3c948f4d605d) (ScriptedImporter) -> (artifact id: '188282c45c23c09087604ca217f84a6c') in 0.2507886 seconds
Number of updated asset objects reloaded before import = 0Number of asset objects unloaded after import = 1

========================================================================
Received Import Request.
  Time since last request: 0.000570 seconds.
  path: Assets/Scripts/Visual/InteractCircle.cs
  artifactKey: Guid(096c95f9780e06d41858b705eb019039) Importer(2089858483,b0f066a214c2f5e87bad3c948f4d605d)
Start importing Assets/Scripts/Visual/InteractCircle.cs using Guid(096c95f9780e06d41858b705eb019039) Importer(2089858483,b0f066a214c2f5e87bad3c948f4d605d) (ScriptedImporter) -> (artifact id: 'b98daf7dddc116777f9b5d2f2ea766ae') in 0.1834534 seconds
Number of updated asset objects reloaded before import = 0Number of asset objects unloaded after import = 0

========================================================================
Received Import Request.
  Time since last request: 0.040471 seconds.
  path: Assets/SoundManagerPro/Editor/AudioSourceProEditor.cs
  artifactKey: Guid(97cf32135aa7c7247bdf953161818d78) Importer(2089858483,b0f066a214c2f5e87bad3c948f4d605d)
Start importing Assets/SoundManagerPro/Editor/AudioSourceProEditor.cs using Guid(97cf32135aa7c7247bdf953161818d78) Importer(2089858483,b0f066a214c2f5e87bad3c948f4d605d) (ScriptedImporter) -> (artifact id: '7d81237caea2502de500f69bfb6bf849') in 0.3162083 seconds
Number of updated asset objects reloaded before import = 0Number of asset objects unloaded after import = 0

========================================================================
Received Import Request.
  Time since last request: 0.002404 seconds.
  path: Assets/Shaders/Mirror.shader
  artifactKey: Guid(007e7236206aaf44f8ed28ca324a6922) Importer(2089858483,b0f066a214c2f5e87bad3c948f4d605d)
Start importing Assets/Shaders/Mirror.shader using Guid(007e7236206aaf44f8ed28ca324a6922) Importer(2089858483,b0f066a214c2f5e87bad3c948f4d605d) (ScriptedImporter) -> (artifact id: 'cd54afc5cf91c7af2339d3c6747fdb03') in 0.4514103 seconds
Number of updated asset objects reloaded before import = 0Number of asset objects unloaded after import = 1

========================================================================
Received Import Request.
  Time since last request: 0.029433 seconds.
  path: Assets/SoundManagerPro/Editor/SoundManagerEditorTools.cs
  artifactKey: Guid(57ec2fa30fe03f343b58f20844b00f8e) Importer(2089858483,b0f066a214c2f5e87bad3c948f4d605d)
Start importing Assets/SoundManagerPro/Editor/SoundManagerEditorTools.cs using Guid(57ec2fa30fe03f343b58f20844b00f8e) Importer(2089858483,b0f066a214c2f5e87bad3c948f4d605d) (ScriptedImporter) -> (artifact id: '92b14a78ef509dd46315db6bc1f8a9da') in 0.2041607 seconds
Number of updated asset objects reloaded before import = 0Number of asset objects unloaded after import = 0

========================================================================
Received Import Request.
  Time since last request: 0.048829 seconds.
  path: Assets/SoundManagerPro/Prefabs/SoundManager.prefab
  artifactKey: Guid(d65b5b8b42ae8f54780d300fb8a1b82b) Importer(2089858483,b0f066a214c2f5e87bad3c948f4d605d)
Start importing Assets/SoundManagerPro/Prefabs/SoundManager.prefab using Guid(d65b5b8b42ae8f54780d300fb8a1b82b) Importer(2089858483,b0f066a214c2f5e87bad3c948f4d605d) (ScriptedImporter) -> (artifact id: '64b160467d8b3491172104de4fa027b1') in 0.1366579 seconds
Number of updated asset objects reloaded before import = 0Number of asset objects unloaded after import = 7

========================================================================
Received Import Request.
  Time since last request: 0.058566 seconds.
  path: Assets/Models/Particles/bubblePlane.fbx
  artifactKey: Guid(301c083f72460da49b429f4193fbb92b) Importer(2089858483,b0f066a214c2f5e87bad3c948f4d605d)
Start importing Assets/Models/Particles/bubblePlane.fbx using Guid(301c083f72460da49b429f4193fbb92b) Importer(2089858483,b0f066a214c2f5e87bad3c948f4d605d) (ScriptedImporter) -> (artifact id: '5ad398cf9107924dc93cdc5a954ec613') in 0.1734664 seconds
Number of updated asset objects reloaded before import = 0Number of asset objects unloaded after import = 9

========================================================================
Received Import Request.
  Time since last request: 0.000158 seconds.
  path: Assets/Sounds/Ambient/river-001.wav
  artifactKey: Guid(e135f775b9cc6f340a0a714e7144b8f6) Importer(2089858483,b0f066a214c2f5e87bad3c948f4d605d)
Start importing Assets/Sounds/Ambient/river-001.wav using Guid(e135f775b9cc6f340a0a714e7144b8f6) Importer(2089858483,b0f066a214c2f5e87bad3c948f4d605d) (ScriptedImporter) -> (artifact id: '751618b518e6c4f20b18e3d05a55ec38') in 0.8667377 seconds
Number of updated asset objects reloaded before import = 0Number of asset objects unloaded after import = 1

========================================================================
Received Import Request.
  Time since last request: 0.000102 seconds.
  path: Assets/Sounds/Ambient/river-002.wav
  artifactKey: Guid(821e3ec11c4621c45835ef6a47387b26) Importer(2089858483,b0f066a214c2f5e87bad3c948f4d605d)
Start importing Assets/Sounds/Ambient/river-002.wav using Guid(821e3ec11c4621c45835ef6a47387b26) Importer(2089858483,b0f066a214c2f5e87bad3c948f4d605d) (ScriptedImporter) -> (artifact id: 'ef11c2c80e81b1c9373428ee5ff98a5f') in 0.3117496 seconds
Number of updated asset objects reloaded before import = 0Number of asset objects unloaded after import = 1

========================================================================
Received Import Request.
  Time since last request: 0.000958 seconds.
  path: Assets/Textures/windgustTest.png
  artifactKey: Guid(9265e4104dff141449b6bb49cd0c3f59) Importer(2089858483,b0f066a214c2f5e87bad3c948f4d605d)
Start importing Assets/Textures/windgustTest.png using Guid(9265e4104dff141449b6bb49cd0c3f59) Importer(2089858483,b0f066a214c2f5e87bad3c948f4d605d) (ScriptedImporter) -> (artifact id: '91d8f457d28ddc94fd25d8b9bb11dcbd') in 0.2250025 seconds
Number of updated asset objects reloaded before import = 0Number of asset objects unloaded after import = 1

========================================================================
Received Import Request.
  Time since last request: 0.000093 seconds.
  path: Assets/Models/Cave/runestoneBeamLined.fbx
  artifactKey: Guid(253ad2c24f0154b41af8afd3c2338714) Importer(2089858483,b0f066a214c2f5e87bad3c948f4d605d)
Start importing Assets/Models/Cave/runestoneBeamLined.fbx using Guid(253ad2c24f0154b41af8afd3c2338714) Importer(2089858483,b0f066a214c2f5e87bad3c948f4d605d) (ScriptedImporter) -> (artifact id: 'a355b86bd5ca4497dd922e7715f55396') in 0.1596559 seconds
Number of updated asset objects reloaded before import = 0Number of asset objects unloaded after import = 16

========================================================================
Received Import Request.
  Time since last request: 0.001481 seconds.
  path: Assets/Models/Boat/spear.fbx
  artifactKey: Guid(6b16b09821e15a540a25c33dc208abd9) Importer(2089858483,b0f066a214c2f5e87bad3c948f4d605d)
Start importing Assets/Models/Boat/spear.fbx using Guid(6b16b09821e15a540a25c33dc208abd9) Importer(2089858483,b0f066a214c2f5e87bad3c948f4d605d) (ScriptedImporter) -> (artifact id: 'a3fd26542760761d11b72959414d125b') in 0.1463881 seconds
Number of updated asset objects reloaded before import = 0Number of asset objects unloaded after import = 7

========================================================================
Received Import Request.
  Time since last request: 0.000166 seconds.
  path: Assets/Sounds/Ambient/stone on stone.wav
  artifactKey: Guid(8ef1a7c9bf231794d99b93cd14e57b91) Importer(2089858483,b0f066a214c2f5e87bad3c948f4d605d)
Start importing Assets/Sounds/Ambient/stone on stone.wav using Guid(8ef1a7c9bf231794d99b93cd14e57b91) Importer(2089858483,b0f066a214c2f5e87bad3c948f4d605d) (ScriptedImporter) -> (artifact id: 'f0398691fc0ff5d9d51b7490fc7810c7') in 0.2428748 seconds
Number of updated asset objects reloaded before import = 0Number of asset objects unloaded after import = 1

========================================================================
Received Import Request.
  Time since last request: 0.001810 seconds.
  path: Assets/Sounds/Ambient/underwater ambience.wav
  artifactKey: Guid(7cd12351f55de6c4196b302e8c5c7bad) Importer(2089858483,b0f066a214c2f5e87bad3c948f4d605d)
Start importing Assets/Sounds/Ambient/underwater ambience.wav using Guid(7cd12351f55de6c4196b302e8c5c7bad) Importer(2089858483,b0f066a214c2f5e87bad3c948f4d605d) (ScriptedImporter) -> (artifact id: '27211aa89d7b79b569fd9aaa1d7841e1') in 0.217303 seconds
Number of updated asset objects reloaded before import = 0Number of asset objects unloaded after import = 1

========================================================================
Received Import Request.
  Time since last request: 0.009146 seconds.
  path: Assets/Models/Cave/runestoneBeam02.fbx
  artifactKey: Guid(a7bbbe28ff6f06e4a91ae38cc120124f) Importer(2089858483,b0f066a214c2f5e87bad3c948f4d605d)
Start importing Assets/Models/Cave/runestoneBeam02.fbx using Guid(a7bbbe28ff6f06e4a91ae38cc120124f) Importer(2089858483,b0f066a214c2f5e87bad3c948f4d605d) (ScriptedImporter) -> (artifact id: '735d0c3130ff1e28bed1a8884ab30e1b') in 0.1366744 seconds
Number of updated asset objects reloaded before import = 0Number of asset objects unloaded after import = 16

========================================================================
Received Import Request.
  Time since last request: 0.000081 seconds.
  path: Assets/Sounds/Ambient/wind.wav
  artifactKey: Guid(2cbbc075fdb0cf9479bb7b4c8e31a4b0) Importer(2089858483,b0f066a214c2f5e87bad3c948f4d605d)
Start importing Assets/Sounds/Ambient/wind.wav using Guid(2cbbc075fdb0cf9479bb7b4c8e31a4b0) Importer(2089858483,b0f066a214c2f5e87bad3c948f4d605d) (ScriptedImporter) -> (artifact id: 'dbdf55936ea58d6d33c1ceb6073ea4d4') in 0.1605745 seconds
Number of updated asset objects reloaded before import = 0Number of asset objects unloaded after import = 1

========================================================================
Received Import Request.
  Time since last request: 0.001783 seconds.
  path: Assets/Sounds/Music/1 home v0.3.mp3
  artifactKey: Guid(2628ad5135440fb4085c0efb1c4058e5) Importer(2089858483,b0f066a214c2f5e87bad3c948f4d605d)
Start importing Assets/Sounds/Music/1 home v0.3.mp3 using Guid(2628ad5135440fb4085c0efb1c4058e5) Importer(2089858483,b0f066a214c2f5e87bad3c948f4d605d) (ScriptedImporter) -> (artifact id: '12325a8c3496dfe2c1e29bea6b8ec527') in 0.0949875 seconds
Number of updated asset objects reloaded before import = 0Number of asset objects unloaded after import = 1

========================================================================
Received Import Request.
  Time since last request: 0.000083 seconds.
  path: Assets/Sounds/Footsteps/wood6.wav
  artifactKey: Guid(ed82a568398e3ea488ea04e7352bc200) Importer(2089858483,b0f066a214c2f5e87bad3c948f4d605d)
Start importing Assets/Sounds/Footsteps/wood6.wav using Guid(ed82a568398e3ea488ea04e7352bc200) Importer(2089858483,b0f066a214c2f5e87bad3c948f4d605d) (ScriptedImporter) -> (artifact id: 'a088a4bb872b1b6ab73af0d3254a1fba') in 0.1407559 seconds
Number of updated asset objects reloaded before import = 0Number of asset objects unloaded after import = 1

========================================================================
Received Import Request.
  Time since last request: 0.000049 seconds.
  path: Assets/Standard Assets/Image Effects (Pro Only)/Bloom.js
  artifactKey: Guid(a773099f140e846f7835d27351846623) Importer(2089858483,b0f066a214c2f5e87bad3c948f4d605d)
Start importing Assets/Standard Assets/Image Effects (Pro Only)/Bloom.js using Guid(a773099f140e846f7835d27351846623) Importer(2089858483,b0f066a214c2f5e87bad3c948f4d605d) (ScriptedImporter) -> (artifact id: 'a52e6f9ba910bcd8b727dfd1044aa127') in 0.0726183 seconds
Number of updated asset objects reloaded before import = 0Number of asset objects unloaded after import = 1

========================================================================
Received Import Request.
  Time since last request: 0.000353 seconds.
  path: Assets/Standard Assets/Image Effects (Pro Only)/Blur.js
  artifactKey: Guid(2d7914440ac9e4b22a60e4303888e90c) Importer(2089858483,b0f066a214c2f5e87bad3c948f4d605d)
Start importing Assets/Standard Assets/Image Effects (Pro Only)/Blur.js using Guid(2d7914440ac9e4b22a60e4303888e90c) Importer(2089858483,b0f066a214c2f5e87bad3c948f4d605d) (ScriptedImporter) -> (artifact id: '766dc8d4dc660dbec40db58bb6664938') in 0.0525466 seconds
Number of updated asset objects reloaded before import = 0Number of asset objects unloaded after import = 1

========================================================================
Received Import Request.
  Time since last request: 0.000078 seconds.
  path: Assets/Scripts/SceneSelect.cs
  artifactKey: Guid(96d59de24c9aefe44a8ef6863ee67102) Importer(2089858483,b0f066a214c2f5e87bad3c948f4d605d)
Start importing Assets/Scripts/SceneSelect.cs using Guid(96d59de24c9aefe44a8ef6863ee67102) Importer(2089858483,b0f066a214c2f5e87bad3c948f4d605d) (ScriptedImporter) -> (artifact id: '32cf0c63c645cfc5aecc3a0680ecd44c') in 0.0600402 seconds
Number of updated asset objects reloaded before import = 0Number of asset objects unloaded after import = 0

========================================================================
Received Import Request.
  Time since last request: 0.000109 seconds.
  path: Assets/Models/Hus/inside_test.fbx
  artifactKey: Guid(21afb2aa7c5d2af4087d2435a9276d28) Importer(2089858483,b0f066a214c2f5e87bad3c948f4d605d)
Start importing Assets/Models/Hus/inside_test.fbx using Guid(21afb2aa7c5d2af4087d2435a9276d28) Importer(2089858483,b0f066a214c2f5e87bad3c948f4d605d) (ScriptedImporter) -> (artifact id: '8d2248f3dc4d30eadafff2591a37f387') in 0.1366045 seconds
Number of updated asset objects reloaded before import = 0Number of asset objects unloaded after import = 71

========================================================================
Received Import Request.
  Time since last request: 0.000062 seconds.
  path: Assets/Scripts/PerlinNoise.cs
  artifactKey: Guid(6e7efc96448ab0a48b7805557881ed02) Importer(2089858483,b0f066a214c2f5e87bad3c948f4d605d)
Start importing Assets/Scripts/PerlinNoise.cs using Guid(6e7efc96448ab0a48b7805557881ed02) Importer(2089858483,b0f066a214c2f5e87bad3c948f4d605d) (ScriptedImporter) -> (artifact id: 'c74ed0f0202eaa536f4d721de4b4359a') in 0.07194 seconds
Number of updated asset objects reloaded before import = 0Number of asset objects unloaded after import = 0

========================================================================
Received Import Request.
  Time since last request: 0.018058 seconds.
  path: Assets/Prefabs/Interaction/InteractCircleY.prefab
  artifactKey: Guid(fd15f5c05a271cd46af3e192ffdd09de) Importer(2089858483,b0f066a214c2f5e87bad3c948f4d605d)
Start importing Assets/Prefabs/Interaction/InteractCircleY.prefab using Guid(fd15f5c05a271cd46af3e192ffdd09de) Importer(2089858483,b0f066a214c2f5e87bad3c948f4d605d) (ScriptedImporter) -> (artifact id: '8e053dec3356617f0210b4a510fcfa25') in 0.1232451 seconds
Number of updated asset objects reloaded before import = 0Number of asset objects unloaded after import = 20

========================================================================
Received Import Request.
  Time since last request: 0.000065 seconds.
  path: Assets/Standard Assets/Image Effects (Pro Only)/DepthOfFieldScatter.js
  artifactKey: Guid(f202adaee27c646fa9d90739bb84aa42) Importer(2089858483,b0f066a214c2f5e87bad3c948f4d605d)
Start importing Assets/Standard Assets/Image Effects (Pro Only)/DepthOfFieldScatter.js using Guid(f202adaee27c646fa9d90739bb84aa42) Importer(2089858483,b0f066a214c2f5e87bad3c948f4d605d) (ScriptedImporter) -> (artifact id: 'b8c82f675d8da6b8cfddbe56774ce66a') in 0.0644004 seconds
Number of updated asset objects reloaded before import = 0Number of asset objects unloaded after import = 1

========================================================================
Received Import Request.
  Time since last request: 0.001767 seconds.
  path: Assets/Standard Assets/Image Effects (Pro Only)/GrayscaleEffect.cs
  artifactKey: Guid(243a781cad112c75d0008dfa8d76c639) Importer(2089858483,b0f066a214c2f5e87bad3c948f4d605d)
Start importing Assets/Standard Assets/Image Effects (Pro Only)/GrayscaleEffect.cs using Guid(243a781cad112c75d0008dfa8d76c639) Importer(2089858483,b0f066a214c2f5e87bad3c948f4d605d) (ScriptedImporter) -> (artifact id: '23d3d37c2fd6e10413fe6eaa6f59691c') in 0.0821726 seconds
Number of updated asset objects reloaded before import = 0Number of asset objects unloaded after import = 0

========================================================================
Received Import Request.
  Time since last request: 0.001104 seconds.
  path: Assets/Standard Assets/Image Effects (Pro Only)/Fisheye.js
  artifactKey: Guid(7d5488e098d8f4eb492591bb089fe793) Importer(2089858483,b0f066a214c2f5e87bad3c948f4d605d)
Start importing Assets/Standard Assets/Image Effects (Pro Only)/Fisheye.js using Guid(7d5488e098d8f4eb492591bb089fe793) Importer(2089858483,b0f066a214c2f5e87bad3c948f4d605d) (ScriptedImporter) -> (artifact id: '0651ee60de0005b7a3cb75894e8850a6') in 0.0470292 seconds
Number of updated asset objects reloaded before import = 0Number of asset objects unloaded after import = 1

========================================================================
Received Import Request.
  Time since last request: 0.000582 seconds.
  path: Assets/Standard Assets/Image Effects (Pro Only)/ContrastEnhance.js
  artifactKey: Guid(e653d08d21ce9453591b1dc2100fdfcd) Importer(2089858483,b0f066a214c2f5e87bad3c948f4d605d)
Start importing Assets/Standard Assets/Image Effects (Pro Only)/ContrastEnhance.js using Guid(e653d08d21ce9453591b1dc2100fdfcd) Importer(2089858483,b0f066a214c2f5e87bad3c948f4d605d) (ScriptedImporter) -> (artifact id: '615f4ea5b9b948f968459ff5220d4579') in 0.0447617 seconds
Number of updated asset objects reloaded before import = 0Number of asset objects unloaded after import = 1

========================================================================
Received Import Request.
  Time since last request: 0.000770 seconds.
  path: Assets/Standard Assets/Image Effects (Pro Only)/CameraMotionBlur.js
  artifactKey: Guid(f7db9ec1392f34265817a55853e6ab07) Importer(2089858483,b0f066a214c2f5e87bad3c948f4d605d)
Start importing Assets/Standard Assets/Image Effects (Pro Only)/CameraMotionBlur.js using Guid(f7db9ec1392f34265817a55853e6ab07) Importer(2089858483,b0f066a214c2f5e87bad3c948f4d605d) (ScriptedImporter) -> (artifact id: 'afc76b013a61848526583c1d259cb511') in 0.0413379 seconds
Number of updated asset objects reloaded before import = 0Number of asset objects unloaded after import = 1

========================================================================
Received Import Request.
  Time since last request: 0.000150 seconds.
  path: Assets/Standard Assets/Image Effects (Pro Only)/ColorCorrectionLut.js
  artifactKey: Guid(c1409ce56b1c8422e849019fc420df42) Importer(2089858483,b0f066a214c2f5e87bad3c948f4d605d)
Start importing Assets/Standard Assets/Image Effects (Pro Only)/ColorCorrectionLut.js using Guid(c1409ce56b1c8422e849019fc420df42) Importer(2089858483,b0f066a214c2f5e87bad3c948f4d605d) (ScriptedImporter) -> (artifact id: '64a381a0eb7606ff24bbdef4c1072f1f') in 0.0594783 seconds
Number of updated asset objects reloaded before import = 0Number of asset objects unloaded after import = 1

========================================================================
Received Import Request.
  Time since last request: 0.000061 seconds.
  path: Assets/Models/Boat/bridgeEnd.fbx
  artifactKey: Guid(41ba259f2fb810f4e835b6dc9cc9c81e) Importer(2089858483,b0f066a214c2f5e87bad3c948f4d605d)
Start importing Assets/Models/Boat/bridgeEnd.fbx using Guid(41ba259f2fb810f4e835b6dc9cc9c81e) Importer(2089858483,b0f066a214c2f5e87bad3c948f4d605d) (ScriptedImporter) -> (artifact id: '2627972b46afc79aa974c33858cb05b4') in 0.0842592 seconds
Number of updated asset objects reloaded before import = 0Number of asset objects unloaded after import = 7

========================================================================
Received Import Request.
  Time since last request: 0.000039 seconds.
  path: Assets/DialoguerExamples/Materials/mat_dialoguer_background.mat
  artifactKey: Guid(189141822f3144b14a526b2526483779) Importer(2089858483,b0f066a214c2f5e87bad3c948f4d605d)
Start importing Assets/DialoguerExamples/Materials/mat_dialoguer_background.mat using Guid(189141822f3144b14a526b2526483779) Importer(2089858483,b0f066a214c2f5e87bad3c948f4d605d) (ScriptedImporter) -> (artifact id: '0f063ad9b0185fc81b0f2ed3c4a20c62') in 0.0420559 seconds
Number of updated asset objects reloaded before import = 0Number of asset objects unloaded after import = 1

========================================================================
Received Import Request.
  Time since last request: 0.000049 seconds.
  path: Assets/Scripts/Actions/FadeOutAndIn.cs
  artifactKey: Guid(0ed2d1c27c95c854ebe89611ca3db6b2) Importer(2089858483,b0f066a214c2f5e87bad3c948f4d605d)
Start importing Assets/Scripts/Actions/FadeOutAndIn.cs using Guid(0ed2d1c27c95c854ebe89611ca3db6b2) Importer(2089858483,b0f066a214c2f5e87bad3c948f4d605d) (ScriptedImporter) -> (artifact id: 'c64c012cefc011c2187c1395453cde95') in 0.0445709 seconds
Number of updated asset objects reloaded before import = 0Number of asset objects unloaded after import = 0

========================================================================
Received Import Request.
  Time since last request: 0.000062 seconds.
  path: Assets/Models/Background/boat01.fbx
  artifactKey: Guid(f5b83b28d308c4b47a95d2f3e08073fe) Importer(2089858483,b0f066a214c2f5e87bad3c948f4d605d)
Start importing Assets/Models/Background/boat01.fbx using Guid(f5b83b28d308c4b47a95d2f3e08073fe) Importer(2089858483,b0f066a214c2f5e87bad3c948f4d605d) (ScriptedImporter) -> (artifact id: 'c48539b7ccb8cb9d1ad5e64d287899f2') in 0.0695196 seconds
Number of updated asset objects reloaded before import = 0Number of asset objects unloaded after import = 14

========================================================================
Received Import Request.
  Time since last request: 0.000051 seconds.
  path: Assets/Models/Cave/liftBottom.fbx
  artifactKey: Guid(e2ff516dd7d7acb45a0a09f2c910211a) Importer(2089858483,b0f066a214c2f5e87bad3c948f4d605d)
Start importing Assets/Models/Cave/liftBottom.fbx using Guid(e2ff516dd7d7acb45a0a09f2c910211a) Importer(2089858483,b0f066a214c2f5e87bad3c948f4d605d) (ScriptedImporter) -> (artifact id: '9df757e8b84180a2809175078d40f8f7') in 0.0890852 seconds
Number of updated asset objects reloaded before import = 0Number of asset objects unloaded after import = 7

========================================================================
Received Import Request.
  Time since last request: 0.000030 seconds.
  path: Assets/Sounds/Ambient/stone lever.wav
  artifactKey: Guid(5726531026ca84046b150b05dbf15358) Importer(2089858483,b0f066a214c2f5e87bad3c948f4d605d)
Start importing Assets/Sounds/Ambient/stone lever.wav using Guid(5726531026ca84046b150b05dbf15358) Importer(2089858483,b0f066a214c2f5e87bad3c948f4d605d) (ScriptedImporter) -> (artifact id: 'aaee2e03baa28f282e839c79572acfbf') in 0.131126 seconds
Number of updated asset objects reloaded before import = 0Number of asset objects unloaded after import = 1

========================================================================
Received Import Request.
  Time since last request: 0.000471 seconds.
  path: Assets/DialoguerExamples/NextGen RPG/SFX/select.wav
  artifactKey: Guid(bcf0ba35785034bfeb839b47955a2530) Importer(2089858483,b0f066a214c2f5e87bad3c948f4d605d)
Start importing Assets/DialoguerExamples/NextGen RPG/SFX/select.wav using Guid(bcf0ba35785034bfeb839b47955a2530) Importer(2089858483,b0f066a214c2f5e87bad3c948f4d605d) (ScriptedImporter) -> (artifact id: 'be7e8916f78895e7c819b190da481bc9') in 0.3293941 seconds
Number of updated asset objects reloaded before import = 0Number of asset objects unloaded after import = 1

========================================================================
Received Import Request.
  Time since last request: 0.000403 seconds.
  path: Assets/Dialoguer/DialogueEditor/Skins/dialogueEditorSkinLight.guiskin
  artifactKey: Guid(23007eac0db904e42aca542907250b5c) Importer(2089858483,b0f066a214c2f5e87bad3c948f4d605d)
Start importing Assets/Dialoguer/DialogueEditor/Skins/dialogueEditorSkinLight.guiskin using Guid(23007eac0db904e42aca542907250b5c) Importer(2089858483,b0f066a214c2f5e87bad3c948f4d605d) (ScriptedImporter) -> (artifact id: '67a804e0821ea67453331fdb08214f2b') in 0.3221748 seconds
Number of updated asset objects reloaded before import = 0Number of asset objects unloaded after import = 1

========================================================================
Received Import Request.
  Time since last request: 0.000161 seconds.
  path: Assets/Standard Assets/Image Effects (Pro Only)/VortexEffect.cs
  artifactKey: Guid(a94b781cad112c75d0008dfa8d76c639) Importer(2089858483,b0f066a214c2f5e87bad3c948f4d605d)
Start importing Assets/Standard Assets/Image Effects (Pro Only)/VortexEffect.cs using Guid(a94b781cad112c75d0008dfa8d76c639) Importer(2089858483,b0f066a214c2f5e87bad3c948f4d605d) (ScriptedImporter) -> (artifact id: 'f6e233a68c182852595c81b1106e3996') in 0.0530534 seconds
Number of updated asset objects reloaded before import = 0Number of asset objects unloaded after import = 0

========================================================================
Received Import Request.
  Time since last request: 0.000724 seconds.
  path: Assets/Textures/Background/cloud_01.png
  artifactKey: Guid(d3cfc2ea381f843479c26b98c5405ad5) Importer(2089858483,b0f066a214c2f5e87bad3c948f4d605d)
Start importing Assets/Textures/Background/cloud_01.png using Guid(d3cfc2ea381f843479c26b98c5405ad5) Importer(2089858483,b0f066a214c2f5e87bad3c948f4d605d) (ScriptedImporter) -> (artifact id: '1a7a9f9c64f569882104e372074c5001') in 0.0833894 seconds
Number of updated asset objects reloaded before import = 0Number of asset objects unloaded after import = 1

========================================================================
Received Import Request.
  Time since last request: 0.000089 seconds.
  path: Assets/DialoguerExamples/NextGen RPG/Textures/bottom_ring.png
  artifactKey: Guid(cab55b756fb794468ad88390d9b1ff07) Importer(2089858483,b0f066a214c2f5e87bad3c948f4d605d)
Start importing Assets/DialoguerExamples/NextGen RPG/Textures/bottom_ring.png using Guid(cab55b756fb794468ad88390d9b1ff07) Importer(2089858483,b0f066a214c2f5e87bad3c948f4d605d) (ScriptedImporter) -> (artifact id: 'ba297230ab576e812d9d1a580175b28a') in 0.0834675 seconds
Number of updated asset objects reloaded before import = 0Number of asset objects unloaded after import = 1

========================================================================
Received Import Request.
  Time since last request: 0.000082 seconds.
  path: Assets/DialoguerExamples/NextGen RPG/Textures/normal_center_right.png
  artifactKey: Guid(d8cc8042da2bd46678d638b8c47d239e) Importer(2089858483,b0f066a214c2f5e87bad3c948f4d605d)
Start importing Assets/DialoguerExamples/NextGen RPG/Textures/normal_center_right.png using Guid(d8cc8042da2bd46678d638b8c47d239e) Importer(2089858483,b0f066a214c2f5e87bad3c948f4d605d) (ScriptedImporter) -> (artifact id: 'dfc6e1d39e6f1297d025ee2719879aa7') in 0.0991697 seconds
Number of updated asset objects reloaded before import = 0Number of asset objects unloaded after import = 1

========================================================================
Received Import Request.
  Time since last request: 0.000073 seconds.
  path: Assets/Standard Assets/Image Effects (Pro Only)/TiltShiftHdr.js
  artifactKey: Guid(776cc4b17d3044029b83a0c3fc4c2965) Importer(2089858483,b0f066a214c2f5e87bad3c948f4d605d)
Start importing Assets/Standard Assets/Image Effects (Pro Only)/TiltShiftHdr.js using Guid(776cc4b17d3044029b83a0c3fc4c2965) Importer(2089858483,b0f066a214c2f5e87bad3c948f4d605d) (ScriptedImporter) -> (artifact id: '1b4d7bd3a638b9f1ec1cb255cdc898af') in 0.063505 seconds
Number of updated asset objects reloaded before import = 0Number of asset objects unloaded after import = 1

========================================================================
Received Import Request.
  Time since last request: 0.002893 seconds.
  path: Assets/Standard Assets/Image Effects (Pro Only)/Tonemapping.js
  artifactKey: Guid(dd05e71c69dd4457fa205c9eea7c2326) Importer(2089858483,b0f066a214c2f5e87bad3c948f4d605d)
Start importing Assets/Standard Assets/Image Effects (Pro Only)/Tonemapping.js using Guid(dd05e71c69dd4457fa205c9eea7c2326) Importer(2089858483,b0f066a214c2f5e87bad3c948f4d605d) (ScriptedImporter) -> (artifact id: 'e065c50db9230a70b0132dd233909e76') in 0.0724574 seconds
Number of updated asset objects reloaded before import = 0Number of asset objects unloaded after import = 1

========================================================================
Received Import Request.
  Time since last request: 0.000051 seconds.
  path: Assets/DialoguerExamples/NextGen RPG/Scripts/NextGenRpgDialogueGui.cs
  artifactKey: Guid(62921ad9bc8a94da6b6ed4130714ea59) Importer(2089858483,b0f066a214c2f5e87bad3c948f4d605d)
Start importing Assets/DialoguerExamples/NextGen RPG/Scripts/NextGenRpgDialogueGui.cs using Guid(62921ad9bc8a94da6b6ed4130714ea59) Importer(2089858483,b0f066a214c2f5e87bad3c948f4d605d) (ScriptedImporter) -> (artifact id: 'f7649379eb5b3f266147664758ec7a5e') in 0.0605662 seconds
Number of updated asset objects reloaded before import = 0Number of asset objects unloaded after import = 0

========================================================================
Received Import Request.
  Time since last request: 0.000213 seconds.
  path: Assets/Standard Assets/Image Effects (Pro Only)/ScreenOverlay.js
  artifactKey: Guid(e9b41ef81e8d74f3a814d061ec18b3a7) Importer(2089858483,b0f066a214c2f5e87bad3c948f4d605d)
Start importing Assets/Standard Assets/Image Effects (Pro Only)/ScreenOverlay.js using Guid(e9b41ef81e8d74f3a814d061ec18b3a7) Importer(2089858483,b0f066a214c2f5e87bad3c948f4d605d) (ScriptedImporter) -> (artifact id: 'e0a0733c0cf3fefe96849e3fb8544c28') in 0.0603289 seconds
Number of updated asset objects reloaded before import = 0Number of asset objects unloaded after import = 1

========================================================================
Received Import Request.
  Time since last request: 0.000114 seconds.
  path: Assets/Standard Assets/Physic Materials/Wood.physicmaterial
  artifactKey: Guid(cdf7d3f1ad11f8d6d00011d98d76c639) Importer(2089858483,b0f066a214c2f5e87bad3c948f4d605d)
Start importing Assets/Standard Assets/Physic Materials/Wood.physicmaterial using Guid(cdf7d3f1ad11f8d6d00011d98d76c639) Importer(2089858483,b0f066a214c2f5e87bad3c948f4d605d) (ScriptedImporter) -> (artifact id: '141aa1bde90c492e351a23831999388d') in 0.0476255 seconds
Number of updated asset objects reloaded before import = 0Number of asset objects unloaded after import = 2

========================================================================
Received Import Request.
  Time since last request: 0.000091 seconds.
  path: Assets/DialoguerExamples/NextGen RPG/Textures/normal_bottom_left.png
  artifactKey: Guid(a9060c10af27e40efab56e0d931c9e3f) Importer(2089858483,b0f066a214c2f5e87bad3c948f4d605d)
Start importing Assets/DialoguerExamples/NextGen RPG/Textures/normal_bottom_left.png using Guid(a9060c10af27e40efab56e0d931c9e3f) Importer(2089858483,b0f066a214c2f5e87bad3c948f4d605d) (ScriptedImporter) -> (artifact id: 'e6e229f551450d8e1e8a4da4486064d6') in 0.0734405 seconds
Number of updated asset objects reloaded before import = 0Number of asset objects unloaded after import = 1

========================================================================
Received Import Request.
  Time since last request: 0.000124 seconds.
  path: Assets/DialoguerExamples/NextGen RPG/SFX/choice.wav
  artifactKey: Guid(81a368c593ee64ce6bbd77c41bf49e28) Importer(2089858483,b0f066a214c2f5e87bad3c948f4d605d)
Start importing Assets/DialoguerExamples/NextGen RPG/SFX/choice.wav using Guid(81a368c593ee64ce6bbd77c41bf49e28) Importer(2089858483,b0f066a214c2f5e87bad3c948f4d605d) (ScriptedImporter) -> (artifact id: '68ab422336271033351580f3ca793cc8') in 0.0883041 seconds
Number of updated asset objects reloaded before import = 0Number of asset objects unloaded after import = 1

========================================================================
Received Import Request.
  Time since last request: 0.000070 seconds.
  path: Assets/Models/Background/Trees/birch_02.fbx
  artifactKey: Guid(ee142ba99bf29ea4ebb8e7f1372e642c) Importer(2089858483,b0f066a214c2f5e87bad3c948f4d605d)
Start importing Assets/Models/Background/Trees/birch_02.fbx using Guid(ee142ba99bf29ea4ebb8e7f1372e642c) Importer(2089858483,b0f066a214c2f5e87bad3c948f4d605d) (ScriptedImporter) -> (artifact id: 'f1ee2d049e57b68887f9a6bfe7cbbb69') in 0.0602283 seconds
Number of updated asset objects reloaded before import = 0Number of asset objects unloaded after import = 9

========================================================================
Received Import Request.
  Time since last request: 0.000056 seconds.
  path: Assets/Models/Background/Snow/snow_01.fbx
  artifactKey: Guid(0d3eaf507e68d1e40b5e34ca6e4110f1) Importer(2089858483,b0f066a214c2f5e87bad3c948f4d605d)
Start importing Assets/Models/Background/Snow/snow_01.fbx using Guid(0d3eaf507e68d1e40b5e34ca6e4110f1) Importer(2089858483,b0f066a214c2f5e87bad3c948f4d605d) (ScriptedImporter) -> (artifact id: 'f62d7ba4871a6522e903a4583d9b4e7a') in 0.0675181 seconds
Number of updated asset objects reloaded before import = 0Number of asset objects unloaded after import = 9

========================================================================
Received Import Request.
  Time since last request: 0.001144 seconds.
  path: Assets/DialoguerExamples/Old School RPG/Textures/DialogueBoxDiagonalLines.png
  artifactKey: Guid(30d7a4a8a7fb74f53bea509cd8183b6f) Importer(2089858483,b0f066a214c2f5e87bad3c948f4d605d)
Start importing Assets/DialoguerExamples/Old School RPG/Textures/DialogueBoxDiagonalLines.png using Guid(30d7a4a8a7fb74f53bea509cd8183b6f) Importer(2089858483,b0f066a214c2f5e87bad3c948f4d605d) (ScriptedImporter) -> (artifact id: 'b7e0f07a6c9428f3b7f77c1785cb9a0e') in 0.0590229 seconds
Number of updated asset objects reloaded before import = 0Number of asset objects unloaded after import = 1

========================================================================
Received Import Request.
  Time since last request: 0.000127 seconds.
  path: Assets/Models/Cave/Materials/lambert1.mat
  artifactKey: Guid(cc8936065571ba94eb3f06117789449f) Importer(2089858483,b0f066a214c2f5e87bad3c948f4d605d)
Start importing Assets/Models/Cave/Materials/lambert1.mat using Guid(cc8936065571ba94eb3f06117789449f) Importer(2089858483,b0f066a214c2f5e87bad3c948f4d605d) (ScriptedImporter) -> (artifact id: '1b7dc7849493d85c4673a4a26c6e9398') in 0.0541066 seconds
Number of updated asset objects reloaded before import = 0Number of asset objects unloaded after import = 1

========================================================================
Received Import Request.
  Time since last request: 0.000730 seconds.
  path: Assets/DialoguerExamples/Old School RPG/Textures/DialogueBox.png
  artifactKey: Guid(3f683d07f765946d5835015b977d19f4) Importer(2089858483,b0f066a214c2f5e87bad3c948f4d605d)
Start importing Assets/DialoguerExamples/Old School RPG/Textures/DialogueBox.png using Guid(3f683d07f765946d5835015b977d19f4) Importer(2089858483,b0f066a214c2f5e87bad3c948f4d605d) (ScriptedImporter) -> (artifact id: 'dd8a68b6c1735ddc884865a879efeb8f') in 0.0631769 seconds
Number of updated asset objects reloaded before import = 0Number of asset objects unloaded after import = 1

========================================================================
Received Import Request.
  Time since last request: 0.000198 seconds.
  path: Assets/DialoguerExamples/Old School RPG/Textures/DialogueBoxBack.png
  artifactKey: Guid(a44439d93626c41cb889fb5d34819dcc) Importer(2089858483,b0f066a214c2f5e87bad3c948f4d605d)
Start importing Assets/DialoguerExamples/Old School RPG/Textures/DialogueBoxBack.png using Guid(a44439d93626c41cb889fb5d34819dcc) Importer(2089858483,b0f066a214c2f5e87bad3c948f4d605d) (ScriptedImporter) -> (artifact id: '8ab1099c2a02c9b64fa9dd278b2df8d7') in 0.0609107 seconds
Number of updated asset objects reloaded before import = 0Number of asset objects unloaded after import = 1

========================================================================
Received Import Request.
  Time since last request: 0.000036 seconds.
  path: Assets/DialoguerExamples/NextGen RPG/Textures/normal_top_left.png
  artifactKey: Guid(94655cd651fa84f799be658042705a29) Importer(2089858483,b0f066a214c2f5e87bad3c948f4d605d)
Start importing Assets/DialoguerExamples/NextGen RPG/Textures/normal_top_left.png using Guid(94655cd651fa84f799be658042705a29) Importer(2089858483,b0f066a214c2f5e87bad3c948f4d605d) (ScriptedImporter) -> (artifact id: '3df41b4aedc8a1c8835d3a919719312d') in 0.1251796 seconds
Number of updated asset objects reloaded before import = 0Number of asset objects unloaded after import = 1

========================================================================
Received Import Request.
  Time since last request: 0.000469 seconds.
  path: Assets/DialoguerExamples/NextGen RPG/Textures/hover_bottom_right.png
  artifactKey: Guid(9bc23976e571543db9526ce02c71f53e) Importer(2089858483,b0f066a214c2f5e87bad3c948f4d605d)
Start importing Assets/DialoguerExamples/NextGen RPG/Textures/hover_bottom_right.png using Guid(9bc23976e571543db9526ce02c71f53e) Importer(2089858483,b0f066a214c2f5e87bad3c948f4d605d) (ScriptedImporter) -> (artifact id: '20a3dc7ddb6462adb2b23b9598a59d1b') in 0.1288171 seconds
Number of updated asset objects reloaded before import = 0Number of asset objects unloaded after import = 1

========================================================================
Received Import Request.
  Time since last request: 0.000094 seconds.
  path: Assets/Models/Boat/rope02.fbx
  artifactKey: Guid(a85cdf46439673240810a6a90fc97bc7) Importer(2089858483,b0f066a214c2f5e87bad3c948f4d605d)
Start importing Assets/Models/Boat/rope02.fbx using Guid(a85cdf46439673240810a6a90fc97bc7) Importer(2089858483,b0f066a214c2f5e87bad3c948f4d605d) (ScriptedImporter) -> (artifact id: '7337fac11659debece6e836a089aafad') in 0.1164885 seconds
Number of updated asset objects reloaded before import = 0Number of asset objects unloaded after import = 13

========================================================================
Received Import Request.
  Time since last request: 0.000270 seconds.
  path: Assets/NGUI/Examples/Materials/sand.mat
  artifactKey: Guid(a40a40a3e330dd64b88859d19e82b8ec) Importer(2089858483,b0f066a214c2f5e87bad3c948f4d605d)
Start importing Assets/NGUI/Examples/Materials/sand.mat using Guid(a40a40a3e330dd64b88859d19e82b8ec) Importer(2089858483,b0f066a214c2f5e87bad3c948f4d605d) (ScriptedImporter) -> (artifact id: '93db5bd9257e95f236ba18a69fdcd9c3') in 0.097133 seconds
Number of updated asset objects reloaded before import = 0Number of asset objects unloaded after import = 2

========================================================================
Received Import Request.
  Time since last request: 0.000586 seconds.
  path: Assets/NGUI/Examples/Scenes/Example 13 - Tabs.unity
  artifactKey: Guid(14fe17db4f51e4d4b9b0f63f3fdc8600) Importer(2089858483,b0f066a214c2f5e87bad3c948f4d605d)
Start importing Assets/NGUI/Examples/Scenes/Example 13 - Tabs.unity using Guid(14fe17db4f51e4d4b9b0f63f3fdc8600) Importer(2089858483,b0f066a214c2f5e87bad3c948f4d605d) (ScriptedImporter) -> (artifact id: '545f6349b6965918ffaf1c9d803d64c7') in 0.1030181 seconds
Number of updated asset objects reloaded before import = 0Number of asset objects unloaded after import = 1

========================================================================
Received Import Request.
  Time since last request: 0.007188 seconds.
  path: Assets/Models/Particles/Materials/lambert1.mat
  artifactKey: Guid(cb506d4567a93ed42b11d9c3b9a778e9) Importer(2089858483,b0f066a214c2f5e87bad3c948f4d605d)
Start importing Assets/Models/Particles/Materials/lambert1.mat using Guid(cb506d4567a93ed42b11d9c3b9a778e9) Importer(2089858483,b0f066a214c2f5e87bad3c948f4d605d) (ScriptedImporter) -> (artifact id: 'c87f31fc164071a44e92310af655454f') in 0.0940484 seconds
Number of updated asset objects reloaded before import = 0Number of asset objects unloaded after import = 1

========================================================================
Received Import Request.
  Time since last request: 0.001152 seconds.
  path: Assets/NGUI/Examples/Materials/burlap.mat
  artifactKey: Guid(19fb2eefdd5dffc40926407f1e877f90) Importer(2089858483,b0f066a214c2f5e87bad3c948f4d605d)
Start importing Assets/NGUI/Examples/Materials/burlap.mat using Guid(19fb2eefdd5dffc40926407f1e877f90) Importer(2089858483,b0f066a214c2f5e87bad3c948f4d605d) (ScriptedImporter) -> (artifact id: '723ff0fea21e2e6f79bf27cbface5981') in 0.0982503 seconds
Number of updated asset objects reloaded before import = 0Number of asset objects unloaded after import = 2

========================================================================
Received Import Request.
  Time since last request: 0.000086 seconds.
  path: Assets/NGUI/Examples/Animations/Checkmark.anim
  artifactKey: Guid(baa794242d9902a439adb42668119f24) Importer(2089858483,b0f066a214c2f5e87bad3c948f4d605d)
Start importing Assets/NGUI/Examples/Animations/Checkmark.anim using Guid(baa794242d9902a439adb42668119f24) Importer(2089858483,b0f066a214c2f5e87bad3c948f4d605d) (ScriptedImporter) -> (artifact id: '86bf88445311e83af95fdcae322961f6') in 0.0776812 seconds
Number of updated asset objects reloaded before import = 0Number of asset objects unloaded after import = 1

========================================================================
Received Import Request.
  Time since last request: 0.000147 seconds.
  path: Assets/NGUI/Examples/Animations/Window - Forward.anim
  artifactKey: Guid(5eabd000b213209499a98e6757fcdcc8) Importer(2089858483,b0f066a214c2f5e87bad3c948f4d605d)
Start importing Assets/NGUI/Examples/Animations/Window - Forward.anim using Guid(5eabd000b213209499a98e6757fcdcc8) Importer(2089858483,b0f066a214c2f5e87bad3c948f4d605d) (ScriptedImporter) -> (artifact id: '4d69579c315a5824d8915019fb616a4d') in 0.1197264 seconds
Number of updated asset objects reloaded before import = 0Number of asset objects unloaded after import = 1

========================================================================
Received Import Request.
  Time since last request: 0.000342 seconds.
  path: Assets/NGUI/Examples/Other/French.txt
  artifactKey: Guid(cefb9dda325427d48ab4bc7fff3e8777) Importer(2089858483,b0f066a214c2f5e87bad3c948f4d605d)
Start importing Assets/NGUI/Examples/Other/French.txt using Guid(cefb9dda325427d48ab4bc7fff3e8777) Importer(2089858483,b0f066a214c2f5e87bad3c948f4d605d) (ScriptedImporter) -> (artifact id: '85c65a46eeea82661fe7255d63b3be78') in 0.0923292 seconds
Number of updated asset objects reloaded before import = 0Number of asset objects unloaded after import = 1

========================================================================
Received Import Request.
  Time since last request: 0.012189 seconds.
  path: Assets/NGUI/Examples/Scenes/Example 9 - Quest Log.unity
  artifactKey: Guid(52345d7deca6f844e9aed924a00fcc2c) Importer(2089858483,b0f066a214c2f5e87bad3c948f4d605d)
Start importing Assets/NGUI/Examples/Scenes/Example 9 - Quest Log.unity using Guid(52345d7deca6f844e9aed924a00fcc2c) Importer(2089858483,b0f066a214c2f5e87bad3c948f4d605d) (ScriptedImporter) -> (artifact id: 'ee8484a6a93ed4a957e482706a8e7bea') in 0.1128661 seconds
Number of updated asset objects reloaded before import = 0Number of asset objects unloaded after import = 1

========================================================================
Received Import Request.
  Time since last request: 0.001153 seconds.
  path: Assets/NGUI/Examples/Scenes/Tutorial 5 - Label.unity
  artifactKey: Guid(bdec36b564d476741b30aa534e58c76d) Importer(2089858483,b0f066a214c2f5e87bad3c948f4d605d)
Start importing Assets/NGUI/Examples/Scenes/Tutorial 5 - Label.unity using Guid(bdec36b564d476741b30aa534e58c76d) Importer(2089858483,b0f066a214c2f5e87bad3c948f4d605d) (ScriptedImporter) -> (artifact id: '1d0f394b7eb0a343dc9ebfc3aaeb22c3') in 0.1084021 seconds
Number of updated asset objects reloaded before import = 0Number of asset objects unloaded after import = 1

========================================================================
Received Import Request.
  Time since last request: 0.000123 seconds.
  path: Assets/NGUI/Examples/Scenes/Example 2 - Interaction.unity
  artifactKey: Guid(d07112ae35e3b49439de26a882a05e95) Importer(2089858483,b0f066a214c2f5e87bad3c948f4d605d)
Start importing Assets/NGUI/Examples/Scenes/Example 2 - Interaction.unity using Guid(d07112ae35e3b49439de26a882a05e95) Importer(2089858483,b0f066a214c2f5e87bad3c948f4d605d) (ScriptedImporter) -> (artifact id: '4d3626b6e544815881be2e85cf21a4c5') in 0.1304947 seconds
Number of updated asset objects reloaded before import = 0Number of asset objects unloaded after import = 1

========================================================================
Received Import Request.
  Time since last request: 0.000188 seconds.
  path: Assets/NGUI/Examples/Scenes/Tutorial 7 - Slider.unity
  artifactKey: Guid(4e4cf412fc3056f4f8cb4afb3be0a89a) Importer(2089858483,b0f066a214c2f5e87bad3c948f4d605d)
Start importing Assets/NGUI/Examples/Scenes/Tutorial 7 - Slider.unity using Guid(4e4cf412fc3056f4f8cb4afb3be0a89a) Importer(2089858483,b0f066a214c2f5e87bad3c948f4d605d) (ScriptedImporter) -> (artifact id: '8bb92d23bb9518800134063a0a770c17') in 0.1364832 seconds
Number of updated asset objects reloaded before import = 0Number of asset objects unloaded after import = 1

========================================================================
Received Import Request.
  Time since last request: 0.000112 seconds.
  path: Assets/NGUI/Examples/Scenes/Tutorial 4 - Tiled Sprite.unity
  artifactKey: Guid(1762136fa95ad3841963e6478b5482d3) Importer(2089858483,b0f066a214c2f5e87bad3c948f4d605d)
Start importing Assets/NGUI/Examples/Scenes/Tutorial 4 - Tiled Sprite.unity using Guid(1762136fa95ad3841963e6478b5482d3) Importer(2089858483,b0f066a214c2f5e87bad3c948f4d605d) (ScriptedImporter) -> (artifact id: 'e98571e3f88ccccb3fa4b565b19f2d2c') in 0.1742235 seconds
Number of updated asset objects reloaded before import = 0Number of asset objects unloaded after import = 1

========================================================================
Received Import Request.
  Time since last request: 0.000579 seconds.
  path: Assets/NGUI/Examples/Sounds/Crumple.wav
  artifactKey: Guid(4ecb26c462ed72b4dbfba168ff91e2fa) Importer(2089858483,b0f066a214c2f5e87bad3c948f4d605d)
Start importing Assets/NGUI/Examples/Sounds/Crumple.wav using Guid(4ecb26c462ed72b4dbfba168ff91e2fa) Importer(2089858483,b0f066a214c2f5e87bad3c948f4d605d) (ScriptedImporter) -> (artifact id: 'fa62f969edf0f7890fc06f78d51c673d') in 0.2018369 seconds
Number of updated asset objects reloaded before import = 0Number of asset objects unloaded after import = 1

========================================================================
Received Import Request.
  Time since last request: 0.000059 seconds.
  path: Assets/NGUI/Resources/Shaders/Unlit - Additive Colored.shader
  artifactKey: Guid(3f21c51d36eed214682950784e00f775) Importer(2089858483,b0f066a214c2f5e87bad3c948f4d605d)
Start importing Assets/NGUI/Resources/Shaders/Unlit - Additive Colored.shader using Guid(3f21c51d36eed214682950784e00f775) Importer(2089858483,b0f066a214c2f5e87bad3c948f4d605d) (ScriptedImporter) -> (artifact id: '15d80b010889e14fd03553db37671a80') in 0.1318097 seconds
Number of updated asset objects reloaded before import = 0Number of asset objects unloaded after import = 1

========================================================================
Received Import Request.
  Time since last request: 0.000500 seconds.
  path: Assets/NGUI/Examples/Sounds/Rumble.wav
  artifactKey: Guid(ab4b41aa0a43dcc48a386073b6a1a0d9) Importer(2089858483,b0f066a214c2f5e87bad3c948f4d605d)
Start importing Assets/NGUI/Examples/Sounds/Rumble.wav using Guid(ab4b41aa0a43dcc48a386073b6a1a0d9) Importer(2089858483,b0f066a214c2f5e87bad3c948f4d605d) (ScriptedImporter) -> (artifact id: '9b7018711aa0974e0e663cf9505ab1bd') in 0.1922025 seconds
Number of updated asset objects reloaded before import = 0Number of asset objects unloaded after import = 1

========================================================================
Received Import Request.
  Time since last request: 0.000536 seconds.
  path: Assets/NGUI/Resources/Shaders/Unlit - Dynamic Font (AlphaClip).shader
  artifactKey: Guid(b1f4b562d0ebea24299650435eec3efb) Importer(2089858483,b0f066a214c2f5e87bad3c948f4d605d)
Start importing Assets/NGUI/Resources/Shaders/Unlit - Dynamic Font (AlphaClip).shader using Guid(b1f4b562d0ebea24299650435eec3efb) Importer(2089858483,b0f066a214c2f5e87bad3c948f4d605d) (ScriptedImporter) -> (artifact id: '0eef66c27ff7600a9c37b7921a89c66f') in 0.1105294 seconds
Number of updated asset objects reloaded before import = 0Number of asset objects unloaded after import = 1

========================================================================
Received Import Request.
  Time since last request: 0.001852 seconds.
  path: Assets/NGUI/Resources/Shaders/Unlit - Text (SoftClip).shader
  artifactKey: Guid(9f39f1d1f2f3ee04bb793082eee05819) Importer(2089858483,b0f066a214c2f5e87bad3c948f4d605d)
Start importing Assets/NGUI/Resources/Shaders/Unlit - Text (SoftClip).shader using Guid(9f39f1d1f2f3ee04bb793082eee05819) Importer(2089858483,b0f066a214c2f5e87bad3c948f4d605d) (ScriptedImporter) -> (artifact id: '3acffdcfe972fe8418a61e47dc05657f') in 0.175512 seconds
Number of updated asset objects reloaded before import = 0Number of asset objects unloaded after import = 1

========================================================================
Received Import Request.
  Time since last request: 0.011529 seconds.
  path: Assets/NGUI/Resources/Shaders/Unlit - Masked Colored.shader
  artifactKey: Guid(f9585a629f3ca7a41863121f0b99af20) Importer(2089858483,b0f066a214c2f5e87bad3c948f4d605d)
Start importing Assets/NGUI/Resources/Shaders/Unlit - Masked Colored.shader using Guid(f9585a629f3ca7a41863121f0b99af20) Importer(2089858483,b0f066a214c2f5e87bad3c948f4d605d) (ScriptedImporter) -> (artifact id: 'f36c5233afb1e0725e36ef64b9c46725') in 0.1425463 seconds
Number of updated asset objects reloaded before import = 0Number of asset objects unloaded after import = 1

========================================================================
Received Import Request.
  Time since last request: 0.016271 seconds.
  path: Assets/NGUI/Resources/Shaders/Unlit - Transparent Colored (Packed) (AlphaClip) .shader
  artifactKey: Guid(8705eb83ab801c74b8876f4b901d4587) Importer(2089858483,b0f066a214c2f5e87bad3c948f4d605d)
Start importing Assets/NGUI/Resources/Shaders/Unlit - Transparent Colored (Packed) (AlphaClip) .shader using Guid(8705eb83ab801c74b8876f4b901d4587) Importer(2089858483,b0f066a214c2f5e87bad3c948f4d605d) (ScriptedImporter) -> (artifact id: 'a8e7cb7d68c66f6a1c1c232bafcb9512') in 0.1289819 seconds
Number of updated asset objects reloaded before import = 0Number of asset objects unloaded after import = 1

========================================================================
Received Import Request.
  Time since last request: 0.019035 seconds.
  path: Assets/NGUI/Resources/Shaders/Unlit - Transparent Colored (Packed).shader
  artifactKey: Guid(f3fd145b191cf4040ac6b55cda352a53) Importer(2089858483,b0f066a214c2f5e87bad3c948f4d605d)
Start importing Assets/NGUI/Resources/Shaders/Unlit - Transparent Colored (Packed).shader using Guid(f3fd145b191cf4040ac6b55cda352a53) Importer(2089858483,b0f066a214c2f5e87bad3c948f4d605d) (ScriptedImporter) -> (artifact id: '0a4f8491c39da7025168386ebdf1eb06') in 0.0809955 seconds
Number of updated asset objects reloaded before import = 0Number of asset objects unloaded after import = 1

========================================================================
Received Import Request.
  Time since last request: 0.000343 seconds.
  path: Assets/NGUI/Resources/Shaders/Unlit - Transparent Colored.shader
  artifactKey: Guid(e75727d9555d9d14ca51d91908c681bc) Importer(2089858483,b0f066a214c2f5e87bad3c948f4d605d)
Start importing Assets/NGUI/Resources/Shaders/Unlit - Transparent Colored.shader using Guid(e75727d9555d9d14ca51d91908c681bc) Importer(2089858483,b0f066a214c2f5e87bad3c948f4d605d) (ScriptedImporter) -> (artifact id: 'b9d878396f9cd44a882e69ae1213411b') in 0.1447733 seconds
Number of updated asset objects reloaded before import = 0Number of asset objects unloaded after import = 1

========================================================================
Received Import Request.
  Time since last request: 0.018774 seconds.
  path: Assets/NGUI/Scripts/Editor/NGUIHelp.cs
  artifactKey: Guid(4be77d5f0fc53034eb1f99be556de17f) Importer(2089858483,b0f066a214c2f5e87bad3c948f4d605d)
Start importing Assets/NGUI/Scripts/Editor/NGUIHelp.cs using Guid(4be77d5f0fc53034eb1f99be556de17f) Importer(2089858483,b0f066a214c2f5e87bad3c948f4d605d) (ScriptedImporter) -> (artifact id: '32478d3cce0868d4330996e489e3a034') in 0.1821002 seconds
Number of updated asset objects reloaded before import = 0Number of asset objects unloaded after import = 0

========================================================================
Received Import Request.
  Time since last request: 0.000109 seconds.
  path: Assets/NGUI/Scripts/Editor/ComponentSelector.cs
  artifactKey: Guid(a5a2a079a3e532341bc353243c67d9be) Importer(2089858483,b0f066a214c2f5e87bad3c948f4d605d)
Start importing Assets/NGUI/Scripts/Editor/ComponentSelector.cs using Guid(a5a2a079a3e532341bc353243c67d9be) Importer(2089858483,b0f066a214c2f5e87bad3c948f4d605d) (ScriptedImporter) -> (artifact id: '6e932ae139a007ae7d24ce77d5df1028') in 0.0873861 seconds
Number of updated asset objects reloaded before import = 0Number of asset objects unloaded after import = 0

========================================================================
Received Import Request.
  Time since last request: 0.017045 seconds.
  path: Assets/NGUI/Scripts/Editor/NGUIEditorTools.cs
  artifactKey: Guid(4e758c1de6cfd8b498cd2526d5b629df) Importer(2089858483,b0f066a214c2f5e87bad3c948f4d605d)
Start importing Assets/NGUI/Scripts/Editor/NGUIEditorTools.cs using Guid(4e758c1de6cfd8b498cd2526d5b629df) Importer(2089858483,b0f066a214c2f5e87bad3c948f4d605d) (ScriptedImporter) -> (artifact id: '71f04663f626c6028eb4c1b65c217734') in 0.0858629 seconds
Number of updated asset objects reloaded before import = 0Number of asset objects unloaded after import = 0

========================================================================
Received Import Request.
  Time since last request: 0.008655 seconds.
  path: Assets/NGUI/Resources/Shaders/Unlit - Depth Cutout.shader
  artifactKey: Guid(d1ebcd00c1d17d441abe69a60007327e) Importer(2089858483,b0f066a214c2f5e87bad3c948f4d605d)
Start importing Assets/NGUI/Resources/Shaders/Unlit - Depth Cutout.shader using Guid(d1ebcd00c1d17d441abe69a60007327e) Importer(2089858483,b0f066a214c2f5e87bad3c948f4d605d) (ScriptedImporter) -> (artifact id: 'bbfbb803b53e3ef26da0ff90bd973590') in 0.0874137 seconds
Number of updated asset objects reloaded before import = 0Number of asset objects unloaded after import = 1

========================================================================
Received Import Request.
  Time since last request: 0.000305 seconds.
  path: Assets/NGUI/Scripts/Editor/NGUISettings.cs
  artifactKey: Guid(06fab1249a3cb60469c68b2ee2a0701f) Importer(2089858483,b0f066a214c2f5e87bad3c948f4d605d)
Start importing Assets/NGUI/Scripts/Editor/NGUISettings.cs using Guid(06fab1249a3cb60469c68b2ee2a0701f) Importer(2089858483,b0f066a214c2f5e87bad3c948f4d605d) (ScriptedImporter) -> (artifact id: 'c1b5514670c0fd6953eaa7923dc4369f') in 0.061351 seconds
Number of updated asset objects reloaded before import = 0Number of asset objects unloaded after import = 0

========================================================================
Received Import Request.
  Time since last request: 0.000118 seconds.
  path: Assets/NGUI/Scripts/Editor/TweenVolumeEditor.cs
  artifactKey: Guid(023e6404a70e48148b315cf9737211af) Importer(2089858483,b0f066a214c2f5e87bad3c948f4d605d)
Start importing Assets/NGUI/Scripts/Editor/TweenVolumeEditor.cs using Guid(023e6404a70e48148b315cf9737211af) Importer(2089858483,b0f066a214c2f5e87bad3c948f4d605d) (ScriptedImporter) -> (artifact id: 'f72fdbb80e2f22a14c28313125873a3c') in 0.1784705 seconds
Number of updated asset objects reloaded before import = 0Number of asset objects unloaded after import = 0

========================================================================
Received Import Request.
  Time since last request: 0.023342 seconds.
  path: Assets/NGUI/Scripts/Editor/SpriteSelector.cs
  artifactKey: Guid(623be2c02ff0ce24d83ce440e4fa393d) Importer(2089858483,b0f066a214c2f5e87bad3c948f4d605d)
Start importing Assets/NGUI/Scripts/Editor/SpriteSelector.cs using Guid(623be2c02ff0ce24d83ce440e4fa393d) Importer(2089858483,b0f066a214c2f5e87bad3c948f4d605d) (ScriptedImporter) -> (artifact id: '6ef15d6d2ad6dffa75af661c414754e5') in 0.0901211 seconds
Number of updated asset objects reloaded before import = 0Number of asset objects unloaded after import = 0

========================================================================
Received Import Request.
  Time since last request: 0.001922 seconds.
  path: Assets/NGUI/Scripts/Editor/TweenHeightEditor.cs
  artifactKey: Guid(4c135e5506eb921409b47fa6543134ec) Importer(2089858483,b0f066a214c2f5e87bad3c948f4d605d)
Start importing Assets/NGUI/Scripts/Editor/TweenHeightEditor.cs using Guid(4c135e5506eb921409b47fa6543134ec) Importer(2089858483,b0f066a214c2f5e87bad3c948f4d605d) (ScriptedImporter) -> (artifact id: 'a5d8d3dad4a6943b5026cff3d26db4a0') in 0.1936904 seconds
Number of updated asset objects reloaded before import = 0Number of asset objects unloaded after import = 0

========================================================================
Received Import Request.
  Time since last request: 0.000380 seconds.
  path: Assets/NGUI/Examples/Scenes/Tutorial 9 - Input.unity
  artifactKey: Guid(68b1257573cb4a7409a1a8b78e77bc9f) Importer(2089858483,b0f066a214c2f5e87bad3c948f4d605d)
Start importing Assets/NGUI/Examples/Scenes/Tutorial 9 - Input.unity using Guid(68b1257573cb4a7409a1a8b78e77bc9f) Importer(2089858483,b0f066a214c2f5e87bad3c948f4d605d) (ScriptedImporter) -> (artifact id: '2f8b2831cded928359271346bd2035d2') in 0.0990162 seconds
Number of updated asset objects reloaded before import = 0Number of asset objects unloaded after import = 1

========================================================================
Received Import Request.
  Time since last request: 0.000065 seconds.
  path: Assets/NGUI/Scripts/Editor/UICreateWidgetWizard.cs
  artifactKey: Guid(245788f199aedac469f04dfc612b041f) Importer(2089858483,b0f066a214c2f5e87bad3c948f4d605d)
Start importing Assets/NGUI/Scripts/Editor/UICreateWidgetWizard.cs using Guid(245788f199aedac469f04dfc612b041f) Importer(2089858483,b0f066a214c2f5e87bad3c948f4d605d) (ScriptedImporter) -> (artifact id: 'add2db322130076b0b45be578ffc6589') in 0.1004713 seconds
Number of updated asset objects reloaded before import = 0Number of asset objects unloaded after import = 0

========================================================================
Received Import Request.
  Time since last request: 0.000093 seconds.
  path: Assets/NGUI/Scripts/Editor/UIDrawCallViewer.cs
  artifactKey: Guid(dfd51f6d22e704742bbfa42849ad6d43) Importer(2089858483,b0f066a214c2f5e87bad3c948f4d605d)
Start importing Assets/NGUI/Scripts/Editor/UIDrawCallViewer.cs using Guid(dfd51f6d22e704742bbfa42849ad6d43) Importer(2089858483,b0f066a214c2f5e87bad3c948f4d605d) (ScriptedImporter) -> (artifact id: 'c8b5e1440dd61386ded5970ff96cabf2') in 0.1152983 seconds
Number of updated asset objects reloaded before import = 0Number of asset objects unloaded after import = 0

========================================================================
Received Import Request.
  Time since last request: 0.000133 seconds.
  path: Assets/NGUI/Scripts/Editor/UIButtonEditor.cs
  artifactKey: Guid(f5c5298e1d742444a84b57652af46ff8) Importer(2089858483,b0f066a214c2f5e87bad3c948f4d605d)
Start importing Assets/NGUI/Scripts/Editor/UIButtonEditor.cs using Guid(f5c5298e1d742444a84b57652af46ff8) Importer(2089858483,b0f066a214c2f5e87bad3c948f4d605d) (ScriptedImporter) -> (artifact id: 'bbce72f02e7a02af545e8727611fd449') in 0.1014893 seconds
Number of updated asset objects reloaded before import = 0Number of asset objects unloaded after import = 0

========================================================================
Received Import Request.
  Time since last request: 0.009052 seconds.
  path: Assets/NGUI/Scripts/Editor/UIAtlasMaker.cs
  artifactKey: Guid(6640bfdeeb55c3846ae12d39c4be16c7) Importer(2089858483,b0f066a214c2f5e87bad3c948f4d605d)
Start importing Assets/NGUI/Scripts/Editor/UIAtlasMaker.cs using Guid(6640bfdeeb55c3846ae12d39c4be16c7) Importer(2089858483,b0f066a214c2f5e87bad3c948f4d605d) (ScriptedImporter) -> (artifact id: 'd0c9da3a3c16df2a546b125f743c5eed') in 0.1046114 seconds
Number of updated asset objects reloaded before import = 0Number of asset objects unloaded after import = 0

========================================================================
Received Import Request.
  Time since last request: 0.003376 seconds.
  path: Assets/NGUI/Scripts/Editor/UICameraEditor.cs
  artifactKey: Guid(d0a55f2ca4ffa1b438ee5421182da48a) Importer(2089858483,b0f066a214c2f5e87bad3c948f4d605d)
Start importing Assets/NGUI/Scripts/Editor/UICameraEditor.cs using Guid(d0a55f2ca4ffa1b438ee5421182da48a) Importer(2089858483,b0f066a214c2f5e87bad3c948f4d605d) (ScriptedImporter) -> (artifact id: '65612dc4aedbbdcecc6e468b5e75b1fb') in 0.0951805 seconds
Number of updated asset objects reloaded before import = 0Number of asset objects unloaded after import = 0

========================================================================
Received Import Request.
  Time since last request: 0.007002 seconds.
  path: Assets/NGUI/Scripts/Editor/UIDrawCallInspector.cs
  artifactKey: Guid(ba9d9afe888570648bcbad1b0d7a3971) Importer(2089858483,b0f066a214c2f5e87bad3c948f4d605d)
Start importing Assets/NGUI/Scripts/Editor/UIDrawCallInspector.cs using Guid(ba9d9afe888570648bcbad1b0d7a3971) Importer(2089858483,b0f066a214c2f5e87bad3c948f4d605d) (ScriptedImporter) -> (artifact id: '68962dd8faa7bba028be83e2f9a687fe') in 0.1921451 seconds
Number of updated asset objects reloaded before import = 0Number of asset objects unloaded after import = 0

========================================================================
Received Import Request.
  Time since last request: 0.000251 seconds.
  path: Assets/NGUI/Scripts/Editor/UIScrollBarEditor.cs
  artifactKey: Guid(20f7848ea19ece0419ac9b5999ff0df5) Importer(2089858483,b0f066a214c2f5e87bad3c948f4d605d)
Start importing Assets/NGUI/Scripts/Editor/UIScrollBarEditor.cs using Guid(20f7848ea19ece0419ac9b5999ff0df5) Importer(2089858483,b0f066a214c2f5e87bad3c948f4d605d) (ScriptedImporter) -> (artifact id: '22cc33bb36d23959700bc098c4c37bdb') in 0.0864002 seconds
Number of updated asset objects reloaded before import = 0Number of asset objects unloaded after import = 0

========================================================================
Received Import Request.
  Time since last request: 0.000072 seconds.
  path: Assets/NGUI/Scripts/Editor/UIImageButtonInspector.cs
  artifactKey: Guid(8a405728ee80ddd458732a8e2ac86dff) Importer(2089858483,b0f066a214c2f5e87bad3c948f4d605d)
Start importing Assets/NGUI/Scripts/Editor/UIImageButtonInspector.cs using Guid(8a405728ee80ddd458732a8e2ac86dff) Importer(2089858483,b0f066a214c2f5e87bad3c948f4d605d) (ScriptedImporter) -> (artifact id: 'f7b21b3494a647ac10655dcedb7d40dc') in 0.053055 seconds
Number of updated asset objects reloaded before import = 0Number of asset objects unloaded after import = 0

========================================================================
Received Import Request.
  Time since last request: 0.000086 seconds.
  path: Assets/NGUI/Scripts/Editor/UIProgressBarEditor.cs
  artifactKey: Guid(81229f2f75daa254298ceeba4651fa0d) Importer(2089858483,b0f066a214c2f5e87bad3c948f4d605d)
Start importing Assets/NGUI/Scripts/Editor/UIProgressBarEditor.cs using Guid(81229f2f75daa254298ceeba4651fa0d) Importer(2089858483,b0f066a214c2f5e87bad3c948f4d605d) (ScriptedImporter) -> (artifact id: 'cfb46e7692ead4994a3c57eaff155c40') in 0.0405296 seconds
Number of updated asset objects reloaded before import = 0Number of asset objects unloaded after import = 0

========================================================================
Received Import Request.
  Time since last request: 0.000098 seconds.
  path: Assets/NGUI/Scripts/Editor/UILabelInspector.cs
  artifactKey: Guid(04cb63f7bb5b23f4faa0e2bc480e77c8) Importer(2089858483,b0f066a214c2f5e87bad3c948f4d605d)
Start importing Assets/NGUI/Scripts/Editor/UILabelInspector.cs using Guid(04cb63f7bb5b23f4faa0e2bc480e77c8) Importer(2089858483,b0f066a214c2f5e87bad3c948f4d605d) (ScriptedImporter) -> (artifact id: '39d6a3692db20a944f57995bc6e4af44') in 0.0380594 seconds
Number of updated asset objects reloaded before import = 0Number of asset objects unloaded after import = 0

========================================================================
Received Import Request.
  Time since last request: 0.000487 seconds.
  path: Assets/NGUI/Scripts/Editor/UIPopupListInspector.cs
  artifactKey: Guid(b34b6233cb2c16f46a5c82586eab2960) Importer(2089858483,b0f066a214c2f5e87bad3c948f4d605d)
Start importing Assets/NGUI/Scripts/Editor/UIPopupListInspector.cs using Guid(b34b6233cb2c16f46a5c82586eab2960) Importer(2089858483,b0f066a214c2f5e87bad3c948f4d605d) (ScriptedImporter) -> (artifact id: '338f38855792c49b2bba983b63f69cc9') in 0.0514393 seconds
Number of updated asset objects reloaded before import = 0Number of asset objects unloaded after import = 0

========================================================================
Received Import Request.
  Time since last request: 0.000065 seconds.
  path: Assets/NGUI/Examples/Scenes/Example 8 - Scroll View (Camera).unity
  artifactKey: Guid(53c9f540c7228b54e8593bc0b0db1415) Importer(2089858483,b0f066a214c2f5e87bad3c948f4d605d)
Start importing Assets/NGUI/Examples/Scenes/Example 8 - Scroll View (Camera).unity using Guid(53c9f540c7228b54e8593bc0b0db1415) Importer(2089858483,b0f066a214c2f5e87bad3c948f4d605d) (ScriptedImporter) -> (artifact id: '21ea72675d0f6faea1647a28589f25b2') in 0.0679256 seconds
Number of updated asset objects reloaded before import = 0Number of asset objects unloaded after import = 1

========================================================================
Received Import Request.
  Time since last request: 0.000081 seconds.
  path: Assets/NGUI/Scripts/Editor/TweenColorEditor.cs
  artifactKey: Guid(7928b5af346eed04ba391047b8b0ddc8) Importer(2089858483,b0f066a214c2f5e87bad3c948f4d605d)
Start importing Assets/NGUI/Scripts/Editor/TweenColorEditor.cs using Guid(7928b5af346eed04ba391047b8b0ddc8) Importer(2089858483,b0f066a214c2f5e87bad3c948f4d605d) (ScriptedImporter) -> (artifact id: '92cc2e6b8ae93877607983b4cb65b26a') in 0.0604966 seconds
Number of updated asset objects reloaded before import = 0Number of asset objects unloaded after import = 0

========================================================================
Received Import Request.
  Time since last request: 0.000147 seconds.
  path: Assets/Models/Hus/house_outside_test.fbx
  artifactKey: Guid(be21e64d3d45d5844b2cce4c385f1674) Importer(2089858483,b0f066a214c2f5e87bad3c948f4d605d)
Start importing Assets/Models/Hus/house_outside_test.fbx using Guid(be21e64d3d45d5844b2cce4c385f1674) Importer(2089858483,b0f066a214c2f5e87bad3c948f4d605d) (ScriptedImporter) -> (artifact id: '3330221104c3e9b26f36462135222680') in 0.0793306 seconds
Number of updated asset objects reloaded before import = 0Number of asset objects unloaded after import = 25

========================================================================
Received Import Request.
  Time since last request: 0.000102 seconds.
  path: Assets/NGUI/Scripts/Interaction/UIButtonScale.cs
  artifactKey: Guid(5c041f61e4a9fbf4e830210f5d933ece) Importer(2089858483,b0f066a214c2f5e87bad3c948f4d605d)
Start importing Assets/NGUI/Scripts/Interaction/UIButtonScale.cs using Guid(5c041f61e4a9fbf4e830210f5d933ece) Importer(2089858483,b0f066a214c2f5e87bad3c948f4d605d) (ScriptedImporter) -> (artifact id: '681c9fbe17be1c42fb2284819d7b6981') in 0.0529108 seconds
Number of updated asset objects reloaded before import = 0Number of asset objects unloaded after import = 0

========================================================================
Received Import Request.
  Time since last request: 0.000483 seconds.
  path: Assets/NGUI/Scripts/Interaction/UIButtonKeys.cs
  artifactKey: Guid(35a096bcfb49b9c409c3875999a2cda9) Importer(2089858483,b0f066a214c2f5e87bad3c948f4d605d)
Start importing Assets/NGUI/Scripts/Interaction/UIButtonKeys.cs using Guid(35a096bcfb49b9c409c3875999a2cda9) Importer(2089858483,b0f066a214c2f5e87bad3c948f4d605d) (ScriptedImporter) -> (artifact id: '8dce75447b471c03a63b109753d2c565') in 0.0563046 seconds
Number of updated asset objects reloaded before import = 0Number of asset objects unloaded after import = 0

========================================================================
Received Import Request.
  Time since last request: 0.000283 seconds.
  path: Assets/NGUI/Scripts/Interaction/UIButtonActivate.cs
  artifactKey: Guid(2e1a147c24165da4b8936f4a453da17e) Importer(2089858483,b0f066a214c2f5e87bad3c948f4d605d)
Start importing Assets/NGUI/Scripts/Interaction/UIButtonActivate.cs using Guid(2e1a147c24165da4b8936f4a453da17e) Importer(2089858483,b0f066a214c2f5e87bad3c948f4d605d) (ScriptedImporter) -> (artifact id: 'fc41151322914dbd082711f0fa6a0202') in 0.1003135 seconds
Number of updated asset objects reloaded before import = 0Number of asset objects unloaded after import = 0

========================================================================
Received Import Request.
  Time since last request: 0.002247 seconds.
  path: Assets/NGUI/Scripts/Editor/UITweenerEditor.cs
  artifactKey: Guid(3564c93409a4aaa44a48de1e49be56ba) Importer(2089858483,b0f066a214c2f5e87bad3c948f4d605d)
Start importing Assets/NGUI/Scripts/Editor/UITweenerEditor.cs using Guid(3564c93409a4aaa44a48de1e49be56ba) Importer(2089858483,b0f066a214c2f5e87bad3c948f4d605d) (ScriptedImporter) -> (artifact id: '7a29b44184fa46d249ee83517738bdb8') in 0.1029408 seconds
Number of updated asset objects reloaded before import = 0Number of asset objects unloaded after import = 0

========================================================================
Received Import Request.
  Time since last request: 0.000558 seconds.
  path: Assets/NGUI/Scripts/Editor/UISpriteInspector.cs
  artifactKey: Guid(921cc3716d59a904faeee8dec757dea6) Importer(2089858483,b0f066a214c2f5e87bad3c948f4d605d)
Start importing Assets/NGUI/Scripts/Editor/UISpriteInspector.cs using Guid(921cc3716d59a904faeee8dec757dea6) Importer(2089858483,b0f066a214c2f5e87bad3c948f4d605d) (ScriptedImporter) -> (artifact id: 'e6f7a691a1a515888f9958a37e7cb8f9') in 0.0570058 seconds
Number of updated asset objects reloaded before import = 0Number of asset objects unloaded after import = 0

========================================================================
Received Import Request.
  Time since last request: 0.000102 seconds.
  path: Assets/NGUI/Scripts/Editor/UIWidgetInspector.cs
  artifactKey: Guid(d8a786fe017602a438111c9d297ffcac) Importer(2089858483,b0f066a214c2f5e87bad3c948f4d605d)
Start importing Assets/NGUI/Scripts/Editor/UIWidgetInspector.cs using Guid(d8a786fe017602a438111c9d297ffcac) Importer(2089858483,b0f066a214c2f5e87bad3c948f4d605d) (ScriptedImporter) -> (artifact id: '9c3b83b9d1c80b8b74936e7c40fcaab4') in 0.0716826 seconds
Number of updated asset objects reloaded before import = 0Number of asset objects unloaded after import = 0

========================================================================
Received Import Request.
  Time since last request: 0.000399 seconds.
  path: Assets/NGUI/Scripts/Interaction/UIButtonOffset.cs
  artifactKey: Guid(10616d4ce51c5994086c006a7c1189e3) Importer(2089858483,b0f066a214c2f5e87bad3c948f4d605d)
Start importing Assets/NGUI/Scripts/Interaction/UIButtonOffset.cs using Guid(10616d4ce51c5994086c006a7c1189e3) Importer(2089858483,b0f066a214c2f5e87bad3c948f4d605d) (ScriptedImporter) -> (artifact id: '52c393d049ef78b61c3e2607441bd05e') in 0.0493304 seconds
Number of updated asset objects reloaded before import = 0Number of asset objects unloaded after import = 0

========================================================================
Received Import Request.
  Time since last request: 0.001623 seconds.
  path: Assets/NGUI/Scripts/Editor/UIStretchEditor.cs
  artifactKey: Guid(26aa400b9b7cfb04492304287feb589d) Importer(2089858483,b0f066a214c2f5e87bad3c948f4d605d)
Start importing Assets/NGUI/Scripts/Editor/UIStretchEditor.cs using Guid(26aa400b9b7cfb04492304287feb589d) Importer(2089858483,b0f066a214c2f5e87bad3c948f4d605d) (ScriptedImporter) -> (artifact id: '16886bae472e61249afd5c9144b133b7') in 0.0589034 seconds
Number of updated asset objects reloaded before import = 0Number of asset objects unloaded after import = 0

========================================================================
Received Import Request.
  Time since last request: 0.000092 seconds.
  path: Assets/NGUI/Scripts/Interaction/UIDragDropRoot.cs
  artifactKey: Guid(f58673abf18fa334bbffe3a5b682f103) Importer(2089858483,b0f066a214c2f5e87bad3c948f4d605d)
Start importing Assets/NGUI/Scripts/Interaction/UIDragDropRoot.cs using Guid(f58673abf18fa334bbffe3a5b682f103) Importer(2089858483,b0f066a214c2f5e87bad3c948f4d605d) (ScriptedImporter) -> (artifact id: '962001b2bed000bbee872c0363712fff') in 0.0448162 seconds
Number of updated asset objects reloaded before import = 0Number of asset objects unloaded after import = 0

========================================================================
Received Import Request.
  Time since last request: 0.000208 seconds.
  path: Assets/NGUI/Scripts/Interaction/UIWidgetContainer.cs
  artifactKey: Guid(bc1bf488fc3345a41bad73504e63dce1) Importer(2089858483,b0f066a214c2f5e87bad3c948f4d605d)
Start importing Assets/NGUI/Scripts/Interaction/UIWidgetContainer.cs using Guid(bc1bf488fc3345a41bad73504e63dce1) Importer(2089858483,b0f066a214c2f5e87bad3c948f4d605d) (ScriptedImporter) -> (artifact id: 'c6a45487f5a67f4e6a699d08b8a1178b') in 0.0520976 seconds
Number of updated asset objects reloaded before import = 0Number of asset objects unloaded after import = 0

========================================================================
Received Import Request.
  Time since last request: 0.000473 seconds.
  path: Assets/NGUI/Scripts/Interaction/UIScrollView.cs
  artifactKey: Guid(d81807633ea807d4c8e3fff7e10c6000) Importer(2089858483,b0f066a214c2f5e87bad3c948f4d605d)
Start importing Assets/NGUI/Scripts/Interaction/UIScrollView.cs using Guid(d81807633ea807d4c8e3fff7e10c6000) Importer(2089858483,b0f066a214c2f5e87bad3c948f4d605d) (ScriptedImporter) -> (artifact id: '07a12c461dd1542cd05d97dc28fb1a59') in 0.0449427 seconds
Number of updated asset objects reloaded before import = 0Number of asset objects unloaded after import = 0

========================================================================
Received Import Request.
  Time since last request: 0.004221 seconds.
  path: Assets/NGUI/Scripts/Interaction/UISoundVolume.cs
  artifactKey: Guid(f0ca5f9597ed3ff48aab27234e363f92) Importer(2089858483,b0f066a214c2f5e87bad3c948f4d605d)
Start importing Assets/NGUI/Scripts/Interaction/UISoundVolume.cs using Guid(f0ca5f9597ed3ff48aab27234e363f92) Importer(2089858483,b0f066a214c2f5e87bad3c948f4d605d) (ScriptedImporter) -> (artifact id: '36000c881f58df11b9bc8ae359e52353') in 0.0727138 seconds
Number of updated asset objects reloaded before import = 0Number of asset objects unloaded after import = 0

========================================================================
Received Import Request.
  Time since last request: 0.000127 seconds.
  path: Assets/NGUI/Scripts/Interaction/UIToggledObjects.cs
  artifactKey: Guid(b5f48ecc218d2db49baa9ac1bfe73ba9) Importer(2089858483,b0f066a214c2f5e87bad3c948f4d605d)
Start importing Assets/NGUI/Scripts/Interaction/UIToggledObjects.cs using Guid(b5f48ecc218d2db49baa9ac1bfe73ba9) Importer(2089858483,b0f066a214c2f5e87bad3c948f4d605d) (ScriptedImporter) -> (artifact id: '35bcd15336ea1ddc19e0b2900acba4fa') in 0.0506075 seconds
Number of updated asset objects reloaded before import = 0Number of asset objects unloaded after import = 0

========================================================================
Received Import Request.
  Time since last request: 0.000081 seconds.
  path: Assets/NGUI/Scripts/Interaction/UIDraggableCamera.cs
  artifactKey: Guid(9b2b2744de0a2904ca960e2d57e1ef56) Importer(2089858483,b0f066a214c2f5e87bad3c948f4d605d)
Start importing Assets/NGUI/Scripts/Interaction/UIDraggableCamera.cs using Guid(9b2b2744de0a2904ca960e2d57e1ef56) Importer(2089858483,b0f066a214c2f5e87bad3c948f4d605d) (ScriptedImporter) -> (artifact id: '07c649aca68058506637d37c9fd8281e') in 0.0464692 seconds
Number of updated asset objects reloaded before import = 0Number of asset objects unloaded after import = 0

========================================================================
Received Import Request.
  Time since last request: 0.000162 seconds.
  path: Assets/NGUI/Scripts/Interaction/UIImageButton.cs
  artifactKey: Guid(4271d0dec29cc9845a75627e88f762af) Importer(2089858483,b0f066a214c2f5e87bad3c948f4d605d)
Start importing Assets/NGUI/Scripts/Interaction/UIImageButton.cs using Guid(4271d0dec29cc9845a75627e88f762af) Importer(2089858483,b0f066a214c2f5e87bad3c948f4d605d) (ScriptedImporter) -> (artifact id: '4d68d1fc7e207ef3862477bd6eece748') in 0.0464686 seconds
Number of updated asset objects reloaded before import = 0Number of asset objects unloaded after import = 0

========================================================================
Received Import Request.
  Time since last request: 0.000091 seconds.
  path: Assets/NGUI/Scripts/Interaction/UIDragResize.cs
  artifactKey: Guid(5e85fff0758f722468e15bd6605b5173) Importer(2089858483,b0f066a214c2f5e87bad3c948f4d605d)
Start importing Assets/NGUI/Scripts/Interaction/UIDragResize.cs using Guid(5e85fff0758f722468e15bd6605b5173) Importer(2089858483,b0f066a214c2f5e87bad3c948f4d605d) (ScriptedImporter) -> (artifact id: '1f5fbfc9ef5b1130e5f21388d8997c0b') in 0.0483523 seconds
Number of updated asset objects reloaded before import = 0Number of asset objects unloaded after import = 0

========================================================================
Received Import Request.
  Time since last request: 0.000499 seconds.
  path: Assets/Standard Assets/Image Effects (Pro Only)/PostEffectsHelper.js
  artifactKey: Guid(5a8c1b59f27344754b41795198b8f341) Importer(2089858483,b0f066a214c2f5e87bad3c948f4d605d)
Start importing Assets/Standard Assets/Image Effects (Pro Only)/PostEffectsHelper.js using Guid(5a8c1b59f27344754b41795198b8f341) Importer(2089858483,b0f066a214c2f5e87bad3c948f4d605d) (ScriptedImporter) -> (artifact id: '8083365c96745a8d1c135f587ff98632') in 0.0544076 seconds
Number of updated asset objects reloaded before import = 0Number of asset objects unloaded after import = 1

========================================================================
Received Import Request.
  Time since last request: 0.000201 seconds.
  path: Assets/Textures/interactCircle02.png
  artifactKey: Guid(40a69f51669ecdb45911f58f780b34bd) Importer(2089858483,b0f066a214c2f5e87bad3c948f4d605d)
Start importing Assets/Textures/interactCircle02.png using Guid(40a69f51669ecdb45911f58f780b34bd) Importer(2089858483,b0f066a214c2f5e87bad3c948f4d605d) (ScriptedImporter) -> (artifact id: 'f4a90f8a26b07a99590d75fbbb0de600') in 0.0787487 seconds
Number of updated asset objects reloaded before import = 0Number of asset objects unloaded after import = 1

========================================================================
Received Import Request.
  Time since last request: 0.000230 seconds.
  path: Assets/NGUI/Scripts/Tweening/AnimatedColor.cs
  artifactKey: Guid(d2278f9af1633ae43a759ad6cdb74608) Importer(2089858483,b0f066a214c2f5e87bad3c948f4d605d)
Start importing Assets/NGUI/Scripts/Tweening/AnimatedColor.cs using Guid(d2278f9af1633ae43a759ad6cdb74608) Importer(2089858483,b0f066a214c2f5e87bad3c948f4d605d) (ScriptedImporter) -> (artifact id: '1b19bf0e31a8a430dda91f7e54f08970') in 0.0576031 seconds
Number of updated asset objects reloaded before import = 0Number of asset objects unloaded after import = 0

========================================================================
Received Import Request.
  Time since last request: 0.001667 seconds.
  path: Assets/NGUI/Scripts/Internal/BMFont.cs
  artifactKey: Guid(9254a456c0f8d064a9f8c8596ce772c3) Importer(2089858483,b0f066a214c2f5e87bad3c948f4d605d)
Start importing Assets/NGUI/Scripts/Internal/BMFont.cs using Guid(9254a456c0f8d064a9f8c8596ce772c3) Importer(2089858483,b0f066a214c2f5e87bad3c948f4d605d) (ScriptedImporter) -> (artifact id: '7669157b670ce64b1a2837df6ed392ee') in 0.0499262 seconds
Number of updated asset objects reloaded before import = 0Number of asset objects unloaded after import = 0

========================================================================
Received Import Request.
  Time since last request: 0.004190 seconds.
  path: Assets/NGUI/Scripts/Tweening/TweenOrthoSize.cs
  artifactKey: Guid(365827806a6dd8b4583deeefe6e483c9) Importer(2089858483,b0f066a214c2f5e87bad3c948f4d605d)
Start importing Assets/NGUI/Scripts/Tweening/TweenOrthoSize.cs using Guid(365827806a6dd8b4583deeefe6e483c9) Importer(2089858483,b0f066a214c2f5e87bad3c948f4d605d) (ScriptedImporter) -> (artifact id: '5ee78fa636064b43a578085b2bfe531d') in 0.0805702 seconds
Number of updated asset objects reloaded before import = 0Number of asset objects unloaded after import = 0

========================================================================
Received Import Request.
  Time since last request: 0.000151 seconds.
  path: Assets/NGUI/Scripts/Internal/ByteReader.cs
  artifactKey: Guid(69381003764fe1547ae1574f92908a15) Importer(2089858483,b0f066a214c2f5e87bad3c948f4d605d)
Start importing Assets/NGUI/Scripts/Internal/ByteReader.cs using Guid(69381003764fe1547ae1574f92908a15) Importer(2089858483,b0f066a214c2f5e87bad3c948f4d605d) (ScriptedImporter) -> (artifact id: '3f0ab4ed884496f698f3e1db6e19d519') in 0.1033054 seconds
Number of updated asset objects reloaded before import = 0Number of asset objects unloaded after import = 0

========================================================================
Received Import Request.
  Time since last request: 0.000556 seconds.
  path: Assets/NGUI/Scripts/Internal/NGUIDebug.cs
  artifactKey: Guid(ecb9547bf2766f645b5e6046483a6c72) Importer(2089858483,b0f066a214c2f5e87bad3c948f4d605d)
Start importing Assets/NGUI/Scripts/Internal/NGUIDebug.cs using Guid(ecb9547bf2766f645b5e6046483a6c72) Importer(2089858483,b0f066a214c2f5e87bad3c948f4d605d) (ScriptedImporter) -> (artifact id: 'b94208ade4bc70f11624b9cb3e98f9cb') in 0.0472038 seconds
Number of updated asset objects reloaded before import = 0Number of asset objects unloaded after import = 0

========================================================================
Received Import Request.
  Time since last request: 0.000091 seconds.
  path: Assets/NGUI/Scripts/Tweening/TweenPosition.cs
  artifactKey: Guid(3d166255cacf07b4292b8402b3ddefc5) Importer(2089858483,b0f066a214c2f5e87bad3c948f4d605d)
Start importing Assets/NGUI/Scripts/Tweening/TweenPosition.cs using Guid(3d166255cacf07b4292b8402b3ddefc5) Importer(2089858483,b0f066a214c2f5e87bad3c948f4d605d) (ScriptedImporter) -> (artifact id: 'aa8a3a5d3494e17a7ea764861f323bec') in 0.0580311 seconds
Number of updated asset objects reloaded before import = 0Number of asset objects unloaded after import = 0

========================================================================
Received Import Request.
  Time since last request: 0.007211 seconds.
  path: Assets/NGUI/Scripts/Internal/UIGeometry.cs
  artifactKey: Guid(4033f00d093b3164a9ab789dcce5a78c) Importer(2089858483,b0f066a214c2f5e87bad3c948f4d605d)
Start importing Assets/NGUI/Scripts/Internal/UIGeometry.cs using Guid(4033f00d093b3164a9ab789dcce5a78c) Importer(2089858483,b0f066a214c2f5e87bad3c948f4d605d) (ScriptedImporter) -> (artifact id: 'b0d016026a89b084cb431e93d6f74af1') in 0.0639921 seconds
Number of updated asset objects reloaded before import = 0Number of asset objects unloaded after import = 0

========================================================================
Received Import Request.
  Time since last request: 0.000091 seconds.
  path: Assets/NGUI/Scripts/Tweening/TweenTransform.cs
  artifactKey: Guid(1d805c79a1ab11643bfd9d91e10c195a) Importer(2089858483,b0f066a214c2f5e87bad3c948f4d605d)
Start importing Assets/NGUI/Scripts/Tweening/TweenTransform.cs using Guid(1d805c79a1ab11643bfd9d91e10c195a) Importer(2089858483,b0f066a214c2f5e87bad3c948f4d605d) (ScriptedImporter) -> (artifact id: 'a9c596a96509c4349b9d58b8d73e4e5e') in 0.0579641 seconds
Number of updated asset objects reloaded before import = 0Number of asset objects unloaded after import = 0

========================================================================
Received Import Request.
  Time since last request: 0.000487 seconds.
  path: Assets/NGUI/Scripts/UI/UIFont.cs
  artifactKey: Guid(0b4eb3a400afab046abb8471a9d746d6) Importer(2089858483,b0f066a214c2f5e87bad3c948f4d605d)
Start importing Assets/NGUI/Scripts/UI/UIFont.cs using Guid(0b4eb3a400afab046abb8471a9d746d6) Importer(2089858483,b0f066a214c2f5e87bad3c948f4d605d) (ScriptedImporter) -> (artifact id: '4ca9d0c6edb1cc85f3967812562ac17a') in 0.0916639 seconds
Number of updated asset objects reloaded before import = 0Number of asset objects unloaded after import = 0

========================================================================
Received Import Request.
  Time since last request: 0.000057 seconds.
  path: Assets/NGUI/Scripts/UI/UISpriteAnimation.cs
  artifactKey: Guid(df9bfb5c080dac24cbbc6c9f595ed413) Importer(2089858483,b0f066a214c2f5e87bad3c948f4d605d)
Start importing Assets/NGUI/Scripts/UI/UISpriteAnimation.cs using Guid(df9bfb5c080dac24cbbc6c9f595ed413) Importer(2089858483,b0f066a214c2f5e87bad3c948f4d605d) (ScriptedImporter) -> (artifact id: 'e733c13da7d28d8d1ef64a9db42816de') in 0.0486007 seconds
Number of updated asset objects reloaded before import = 0Number of asset objects unloaded after import = 0

========================================================================
Received Import Request.
  Time since last request: 0.000088 seconds.
  path: Assets/NGUI/Scripts/UI/UIRoot.cs
  artifactKey: Guid(2c5ecb5660b11414fb042fb826e03b73) Importer(2089858483,b0f066a214c2f5e87bad3c948f4d605d)
Start importing Assets/NGUI/Scripts/UI/UIRoot.cs using Guid(2c5ecb5660b11414fb042fb826e03b73) Importer(2089858483,b0f066a214c2f5e87bad3c948f4d605d) (ScriptedImporter) -> (artifact id: '7bb7c64947d3f59dffa1fa0b57940a56') in 0.0482185 seconds
Number of updated asset objects reloaded before import = 0Number of asset objects unloaded after import = 0

========================================================================
Received Import Request.
  Time since last request: 0.000133 seconds.
  path: Assets/NGUI/Scripts/Tweening/SpringPosition.cs
  artifactKey: Guid(9b07b9d136934c04b965f9adb7054484) Importer(2089858483,b0f066a214c2f5e87bad3c948f4d605d)
Start importing Assets/NGUI/Scripts/Tweening/SpringPosition.cs using Guid(9b07b9d136934c04b965f9adb7054484) Importer(2089858483,b0f066a214c2f5e87bad3c948f4d605d) (ScriptedImporter) -> (artifact id: 'e71bc27c557ef746a7aca399838a30ff') in 0.0898225 seconds
Number of updated asset objects reloaded before import = 0Number of asset objects unloaded after import = 0

========================================================================
Received Import Request.
  Time since last request: 0.000110 seconds.
  path: Assets/NGUI/Scripts/Internal/NGUIMath.cs
  artifactKey: Guid(24438193675d223439c8b044419aab8c) Importer(2089858483,b0f066a214c2f5e87bad3c948f4d605d)
Start importing Assets/NGUI/Scripts/Internal/NGUIMath.cs using Guid(24438193675d223439c8b044419aab8c) Importer(2089858483,b0f066a214c2f5e87bad3c948f4d605d) (ScriptedImporter) -> (artifact id: 'e9ec8f7eca3f1974cb437bcd0444fc01') in 0.0521081 seconds
Number of updated asset objects reloaded before import = 0Number of asset objects unloaded after import = 0

========================================================================
Received Import Request.
  Time since last request: 0.000656 seconds.
  path: Assets/NGUI/Scripts/Tweening/TweenScale.cs
  artifactKey: Guid(75e7459110b9666449485c40f25362a5) Importer(2089858483,b0f066a214c2f5e87bad3c948f4d605d)
Start importing Assets/NGUI/Scripts/Tweening/TweenScale.cs using Guid(75e7459110b9666449485c40f25362a5) Importer(2089858483,b0f066a214c2f5e87bad3c948f4d605d) (ScriptedImporter) -> (artifact id: 'f123a9492c989a4e6e7ffbdfc07f3be1') in 0.0924001 seconds
Number of updated asset objects reloaded before import = 0Number of asset objects unloaded after import = 0

========================================================================
Received Import Request.
  Time since last request: 0.006722 seconds.
  path: Assets/NGUI/Scripts/UI/UI2DSpriteAnimation.cs
  artifactKey: Guid(6f945d2f8b430a140a60224c850dbbdb) Importer(2089858483,b0f066a214c2f5e87bad3c948f4d605d)
Start importing Assets/NGUI/Scripts/UI/UI2DSpriteAnimation.cs using Guid(6f945d2f8b430a140a60224c850dbbdb) Importer(2089858483,b0f066a214c2f5e87bad3c948f4d605d) (ScriptedImporter) -> (artifact id: '7d8a92723fadfde1b2a9437c32a34641') in 0.0910531 seconds
Number of updated asset objects reloaded before import = 0Number of asset objects unloaded after import = 0

========================================================================
Received Import Request.
  Time since last request: 0.000077 seconds.
  path: Assets/NGUI/Scripts/UI/UISpriteData.cs
  artifactKey: Guid(f23d662aa841b434588de6b8c3cb5b3e) Importer(2089858483,b0f066a214c2f5e87bad3c948f4d605d)
Start importing Assets/NGUI/Scripts/UI/UISpriteData.cs using Guid(f23d662aa841b434588de6b8c3cb5b3e) Importer(2089858483,b0f066a214c2f5e87bad3c948f4d605d) (ScriptedImporter) -> (artifact id: '6a7084ab670484d6f63820af0ff17009') in 0.0653004 seconds
Number of updated asset objects reloaded before import = 0Number of asset objects unloaded after import = 0

========================================================================
Received Import Request.
  Time since last request: 0.001229 seconds.
  path: Assets/SoundManagerPro/Demo/DemoScripts/DemoPart3.cs
  artifactKey: Guid(5ea190a2945678944817999012b865dd) Importer(2089858483,b0f066a214c2f5e87bad3c948f4d605d)
Start importing Assets/SoundManagerPro/Demo/DemoScripts/DemoPart3.cs using Guid(5ea190a2945678944817999012b865dd) Importer(2089858483,b0f066a214c2f5e87bad3c948f4d605d) (ScriptedImporter) -> (artifact id: 'f5f356f9c46ef32722d6116e0908b13f') in 0.0526088 seconds
Number of updated asset objects reloaded before import = 0Number of asset objects unloaded after import = 0

========================================================================
Received Import Request.
  Time since last request: 0.000309 seconds.
  path: Assets/ScreenDrops/_Demo/demo/LightmapFar-1.exr
  artifactKey: Guid(8441e8ccef056374e8b526b6b758668a) Importer(2089858483,b0f066a214c2f5e87bad3c948f4d605d)
Start importing Assets/ScreenDrops/_Demo/demo/LightmapFar-1.exr using Guid(8441e8ccef056374e8b526b6b758668a) Importer(2089858483,b0f066a214c2f5e87bad3c948f4d605d) (ScriptedImporter) -> (artifact id: '26c33427e502c99cd57d2bacbb8cf92c') in 0.1157057 seconds
Number of updated asset objects reloaded before import = 0Number of asset objects unloaded after import = 1

========================================================================
Received Import Request.
  Time since last request: 0.000616 seconds.
  path: Assets/NGUI/Scripts/UI/UITexture.cs
  artifactKey: Guid(d5c5ca47aa5c01740810b7c66662099f) Importer(2089858483,b0f066a214c2f5e87bad3c948f4d605d)
Start importing Assets/NGUI/Scripts/UI/UITexture.cs using Guid(d5c5ca47aa5c01740810b7c66662099f) Importer(2089858483,b0f066a214c2f5e87bad3c948f4d605d) (ScriptedImporter) -> (artifact id: 'b12f114213cf022539cef626f9c63bde') in 0.074534 seconds
Number of updated asset objects reloaded before import = 0Number of asset objects unloaded after import = 0

========================================================================
Received Import Request.
  Time since last request: 0.000361 seconds.
  path: Assets/ScreenDrops/_Demo/demo/LightmapFar-0.exr
  artifactKey: Guid(c2de9c2c2c48b9d459bed5c1530429e6) Importer(2089858483,b0f066a214c2f5e87bad3c948f4d605d)
Start importing Assets/ScreenDrops/_Demo/demo/LightmapFar-0.exr using Guid(c2de9c2c2c48b9d459bed5c1530429e6) Importer(2089858483,b0f066a214c2f5e87bad3c948f4d605d) (ScriptedImporter) -> (artifact id: 'ac9bcb5e61a92e86124ec3d4a33aa100') in 0.0827013 seconds
Number of updated asset objects reloaded before import = 0Number of asset objects unloaded after import = 1

========================================================================
Received Import Request.
  Time since last request: 0.000095 seconds.
  path: Assets/NGUI/Scripts/UI/UIViewport.cs
  artifactKey: Guid(9a4738b17d7857b4fa52eb2d3ca0cb3a) Importer(2089858483,b0f066a214c2f5e87bad3c948f4d605d)
Start importing Assets/NGUI/Scripts/UI/UIViewport.cs using Guid(9a4738b17d7857b4fa52eb2d3ca0cb3a) Importer(2089858483,b0f066a214c2f5e87bad3c948f4d605d) (ScriptedImporter) -> (artifact id: '88f79a5b060a975f67825e545b3db453') in 0.0488628 seconds
Number of updated asset objects reloaded before import = 0Number of asset objects unloaded after import = 0

========================================================================
Received Import Request.
  Time since last request: 0.000317 seconds.
  path: Assets/SoundManagerPro/Demo/DemoSounds/DJ Etch - Interlude.mp3
  artifactKey: Guid(d40f9af2a4a787f4c9f9135499ad4f48) Importer(2089858483,b0f066a214c2f5e87bad3c948f4d605d)
Start importing Assets/SoundManagerPro/Demo/DemoSounds/DJ Etch - Interlude.mp3 using Guid(d40f9af2a4a787f4c9f9135499ad4f48) Importer(2089858483,b0f066a214c2f5e87bad3c948f4d605d) (ScriptedImporter) -> (artifact id: '62ce14232c17d7c786ba6192767179de') in 0.0972804 seconds
Number of updated asset objects reloaded before import = 0Number of asset objects unloaded after import = 1

========================================================================
Received Import Request.
  Time since last request: 0.000791 seconds.
  path: Assets/SoundManagerPro/Demo/DemoSounds/DJ Etch - Crash Test.mp3
  artifactKey: Guid(1e794a33ace9cfa42ab7a74e2d81affe) Importer(2089858483,b0f066a214c2f5e87bad3c948f4d605d)
Start importing Assets/SoundManagerPro/Demo/DemoSounds/DJ Etch - Crash Test.mp3 using Guid(1e794a33ace9cfa42ab7a74e2d81affe) Importer(2089858483,b0f066a214c2f5e87bad3c948f4d605d) (ScriptedImporter) -> (artifact id: '24756f4261491013c225eb929fc3b8bc') in 0.0873619 seconds
Number of updated asset objects reloaded before import = 0Number of asset objects unloaded after import = 1

========================================================================
Received Import Request.
  Time since last request: 0.000610 seconds.
  path: Assets/SoundManagerPro/Demo/DemoSounds/DJ Etch - Carve Him Up.mp3
  artifactKey: Guid(6e7f20f3cc6466a40b676c631b33e4e6) Importer(2089858483,b0f066a214c2f5e87bad3c948f4d605d)
Start importing Assets/SoundManagerPro/Demo/DemoSounds/DJ Etch - Carve Him Up.mp3 using Guid(6e7f20f3cc6466a40b676c631b33e4e6) Importer(2089858483,b0f066a214c2f5e87bad3c948f4d605d) (ScriptedImporter) -> (artifact id: '22657338a33212f3c31de5ca61a54697') in 0.1560939 seconds
Number of updated asset objects reloaded before import = 0Number of asset objects unloaded after import = 1

========================================================================
Received Import Request.
  Time since last request: 0.000228 seconds.
  path: Assets/NGUI/Scripts/UI/UITextList.cs
  artifactKey: Guid(020d0c1db3283a342ab86731270ea060) Importer(2089858483,b0f066a214c2f5e87bad3c948f4d605d)
Start importing Assets/NGUI/Scripts/UI/UITextList.cs using Guid(020d0c1db3283a342ab86731270ea060) Importer(2089858483,b0f066a214c2f5e87bad3c948f4d605d) (ScriptedImporter) -> (artifact id: 'a5c92d408d89e278b75d778f921b18be') in 0.0688356 seconds
Number of updated asset objects reloaded before import = 0Number of asset objects unloaded after import = 0

========================================================================
Received Import Request.
  Time since last request: 0.000115 seconds.
  path: Assets/NGUI/Scripts/UI/UIStretch.cs
  artifactKey: Guid(94b5bd8d2e1bcbe4580036799fb6ca41) Importer(2089858483,b0f066a214c2f5e87bad3c948f4d605d)
Start importing Assets/NGUI/Scripts/UI/UIStretch.cs using Guid(94b5bd8d2e1bcbe4580036799fb6ca41) Importer(2089858483,b0f066a214c2f5e87bad3c948f4d605d) (ScriptedImporter) -> (artifact id: '4288d5d0e8ebcb6c7e25ee3a64861502') in 0.1680814 seconds
Number of updated asset objects reloaded before import = 0Number of asset objects unloaded after import = 0

========================================================================
Received Import Request.
  Time since last request: 0.000775 seconds.
  path: Assets/SoundManagerPro/Scripts/Extensions/AudioSourceTools.cs
  artifactKey: Guid(d54a620b214305048a1c67e9ec3d0db9) Importer(2089858483,b0f066a214c2f5e87bad3c948f4d605d)
Start importing Assets/SoundManagerPro/Scripts/Extensions/AudioSourceTools.cs using Guid(d54a620b214305048a1c67e9ec3d0db9) Importer(2089858483,b0f066a214c2f5e87bad3c948f4d605d) (ScriptedImporter) -> (artifact id: 'a4384cc7e59b0a9b6c391125db5c86bd') in 0.374705 seconds
Number of updated asset objects reloaded before import = 0Number of asset objects unloaded after import = 0

========================================================================
Received Import Request.
  Time since last request: 0.113690 seconds.
  path: Assets/SoundManagerPro/Scripts/Classes/SFXPoolInfo.cs
  artifactKey: Guid(369a79d4d217643468a94651ffc783d4) Importer(2089858483,b0f066a214c2f5e87bad3c948f4d605d)
Start importing Assets/SoundManagerPro/Scripts/Classes/SFXPoolInfo.cs using Guid(369a79d4d217643468a94651ffc783d4) Importer(2089858483,b0f066a214c2f5e87bad3c948f4d605d) (ScriptedImporter) -> (artifact id: 'be96f09addd5e87d10fb8e6292ba390a') in 0.0992612 seconds
Number of updated asset objects reloaded before import = 0Number of asset objects unloaded after import = 0

========================================================================
Received Import Request.
  Time since last request: 0.000340 seconds.
  path: Assets/SoundManagerPro/Scripts/Extensions/TDTK_SMPRO_INTEGRATION.unitypackage
  artifactKey: Guid(6c94bdd7ebe79ec4aad740db7c232f35) Importer(2089858483,b0f066a214c2f5e87bad3c948f4d605d)
Start importing Assets/SoundManagerPro/Scripts/Extensions/TDTK_SMPRO_INTEGRATION.unitypackage using Guid(6c94bdd7ebe79ec4aad740db7c232f35) Importer(2089858483,b0f066a214c2f5e87bad3c948f4d605d) (ScriptedImporter) -> (artifact id: 'a601170b699e68826c8e44876f0d14ae') in 0.0971298 seconds
Number of updated asset objects reloaded before import = 0Number of asset objects unloaded after import = 1

========================================================================
Received Import Request.
  Time since last request: 0.002222 seconds.
  path: Assets/SoundManagerPro/Scripts/Managers/Singleton.cs
  artifactKey: Guid(eed05b7a2c7899a40bd9c7f4f951b5bc) Importer(2089858483,b0f066a214c2f5e87bad3c948f4d605d)
Start importing Assets/SoundManagerPro/Scripts/Managers/Singleton.cs using Guid(eed05b7a2c7899a40bd9c7f4f951b5bc) Importer(2089858483,b0f066a214c2f5e87bad3c948f4d605d) (ScriptedImporter) -> (artifact id: '8f1f0347d90e0f0442be59836bfab8ff') in 0.1771436 seconds
Number of updated asset objects reloaded before import = 0Number of asset objects unloaded after import = 0

========================================================================
Received Import Request.
  Time since last request: 0.007018 seconds.
  path: Assets/SoundManagerPro/Scripts/Extensions/UFPS_SMPRO_INTEGRATION.unitypackage
  artifactKey: Guid(d2d0f4edd7198064195ae543bef4ecd3) Importer(2089858483,b0f066a214c2f5e87bad3c948f4d605d)
Start importing Assets/SoundManagerPro/Scripts/Extensions/UFPS_SMPRO_INTEGRATION.unitypackage using Guid(d2d0f4edd7198064195ae543bef4ecd3) Importer(2089858483,b0f066a214c2f5e87bad3c948f4d605d) (ScriptedImporter) -> (artifact id: 'cfdebcf6936a4d322f4741e30ccb8f4d') in 0.1691974 seconds
Number of updated asset objects reloaded before import = 0Number of asset objects unloaded after import = 1

========================================================================
Received Import Request.
  Time since last request: 0.000165 seconds.
  path: Assets/SoundManagerPro/Scripts/Managers/SoundManager_SFX_Internal.cs
  artifactKey: Guid(7010ac4097fccc0469f3e8daf8cb2fc8) Importer(2089858483,b0f066a214c2f5e87bad3c948f4d605d)
Start importing Assets/SoundManagerPro/Scripts/Managers/SoundManager_SFX_Internal.cs using Guid(7010ac4097fccc0469f3e8daf8cb2fc8) Importer(2089858483,b0f066a214c2f5e87bad3c948f4d605d) (ScriptedImporter) -> (artifact id: 'a19505114a3c251b75fd7f488323684e') in 0.4216348 seconds
Number of updated asset objects reloaded before import = 0Number of asset objects unloaded after import = 0

========================================================================
Received Import Request.
  Time since last request: 0.001177 seconds.
  path: Assets/SoundManagerPro/Demo/DummyScenes/MusicScene1.unity
  artifactKey: Guid(899cd6f0df719764b91179cd00c28108) Importer(2089858483,b0f066a214c2f5e87bad3c948f4d605d)
Start importing Assets/SoundManagerPro/Demo/DummyScenes/MusicScene1.unity using Guid(899cd6f0df719764b91179cd00c28108) Importer(2089858483,b0f066a214c2f5e87bad3c948f4d605d) (ScriptedImporter) -> (artifact id: '4bfc4a0ea3c7c3470227891725295f73') in 0.0803311 seconds
Number of updated asset objects reloaded before import = 0Number of asset objects unloaded after import = 1

========================================================================
Received Import Request.
  Time since last request: 0.000028 seconds.
  path: Assets/Dialoguer/DialogueEditor/Scripts/Editor/DialogueEditorHelp.cs
  artifactKey: Guid(57f7cf4c41a884e8baad6b58f8f06327) Importer(2089858483,b0f066a214c2f5e87bad3c948f4d605d)
Start importing Assets/Dialoguer/DialogueEditor/Scripts/Editor/DialogueEditorHelp.cs using Guid(57f7cf4c41a884e8baad6b58f8f06327) Importer(2089858483,b0f066a214c2f5e87bad3c948f4d605d) (ScriptedImporter) -> (artifact id: 'dea3d2f3db6c2741913252058324ae06') in 0.0372938 seconds
Number of updated asset objects reloaded before import = 0Number of asset objects unloaded after import = 0

========================================================================
Received Import Request.
  Time since last request: 0.000216 seconds.
  path: Assets/SoundManagerPro/Scripts/Managers/SoundManager_Internal.cs
  artifactKey: Guid(7d9383cdf9ab899408d13ec65c16ccdc) Importer(2089858483,b0f066a214c2f5e87bad3c948f4d605d)
Start importing Assets/SoundManagerPro/Scripts/Managers/SoundManager_Internal.cs using Guid(7d9383cdf9ab899408d13ec65c16ccdc) Importer(2089858483,b0f066a214c2f5e87bad3c948f4d605d) (ScriptedImporter) -> (artifact id: '18206c9d1955c49365c5938c02fb721f') in 0.6920677 seconds
Number of updated asset objects reloaded before import = 0Number of asset objects unloaded after import = 0

========================================================================
Received Import Request.
  Time since last request: 0.162027 seconds.
  path: Assets/Dialoguer/DialogueEditor/Scripts/Statics/VariableEditorGetEquation.cs
  artifactKey: Guid(55394a764d4404eb0a3233cc034862c6) Importer(2089858483,b0f066a214c2f5e87bad3c948f4d605d)
Start importing Assets/Dialoguer/DialogueEditor/Scripts/Statics/VariableEditorGetEquation.cs using Guid(55394a764d4404eb0a3233cc034862c6) Importer(2089858483,b0f066a214c2f5e87bad3c948f4d605d) (ScriptedImporter) -> (artifact id: '5ab68a0bdf7a963cc935aa8f131bfb7d') in 0.1611645 seconds
Number of updated asset objects reloaded before import = 0Number of asset objects unloaded after import = 0

========================================================================
Received Import Request.
  Time since last request: 0.322133 seconds.
  path: Assets/Dialoguer/DialogueEditor/Scripts/Statics/DialogueEditorWaitTypes.cs
  artifactKey: Guid(0ec4399d9d0c849c0a3d3642eeb454b6) Importer(2089858483,b0f066a214c2f5e87bad3c948f4d605d)
Start importing Assets/Dialoguer/DialogueEditor/Scripts/Statics/DialogueEditorWaitTypes.cs using Guid(0ec4399d9d0c849c0a3d3642eeb454b6) Importer(2089858483,b0f066a214c2f5e87bad3c948f4d605d) (ScriptedImporter) -> (artifact id: '718c950416046e2040b5cdfdaf83ffb3') in 0.1827937 seconds
Number of updated asset objects reloaded before import = 0Number of asset objects unloaded after import = 0

========================================================================
Received Import Request.
  Time since last request: 0.000928 seconds.
  path: Assets/ScreenDrops/_Demo/demo/LightmapNear-1.exr
  artifactKey: Guid(5307f4fbeb0956f4b96edd8b8bc983d0) Importer(2089858483,b0f066a214c2f5e87bad3c948f4d605d)
Start importing Assets/ScreenDrops/_Demo/demo/LightmapNear-1.exr using Guid(5307f4fbeb0956f4b96edd8b8bc983d0) Importer(2089858483,b0f066a214c2f5e87bad3c948f4d605d) (ScriptedImporter) -> (artifact id: '388c2917e1b9965978bad0c8856d1fa5') in 0.2624898 seconds
Number of updated asset objects reloaded before import = 0Number of asset objects unloaded after import = 1

========================================================================
Received Import Request.
  Time since last request: 0.000555 seconds.
  path: Assets/Dialoguer/Dialoguer/Scripts/Objects/DialoguerTheme.cs
  artifactKey: Guid(612eca39830d9489ab3aee1effe63bd9) Importer(2089858483,b0f066a214c2f5e87bad3c948f4d605d)
Start importing Assets/Dialoguer/Dialoguer/Scripts/Objects/DialoguerTheme.cs using Guid(612eca39830d9489ab3aee1effe63bd9) Importer(2089858483,b0f066a214c2f5e87bad3c948f4d605d) (ScriptedImporter) -> (artifact id: '4fab46ea53759ca944f1c65b5af7213c') in 0.144853 seconds
Number of updated asset objects reloaded before import = 0Number of asset objects unloaded after import = 0

========================================================================
Received Import Request.
  Time since last request: 0.005770 seconds.
  path: Assets/Dialoguer/Dialoguer/Scripts/Objects/DialoguerTextData.cs
  artifactKey: Guid(b7fd3828c0c954ad7838b3122223eb81) Importer(2089858483,b0f066a214c2f5e87bad3c948f4d605d)
Start importing Assets/Dialoguer/Dialoguer/Scripts/Objects/DialoguerTextData.cs using Guid(b7fd3828c0c954ad7838b3122223eb81) Importer(2089858483,b0f066a214c2f5e87bad3c948f4d605d) (ScriptedImporter) -> (artifact id: 'e61a3957ca1e2e5e0e5133c8c8187226') in 0.1132478 seconds
Number of updated asset objects reloaded before import = 0Number of asset objects unloaded after import = 0

========================================================================
Received Import Request.
  Time since last request: 0.004572 seconds.
  path: Assets/Dialoguer/Dialoguer/Scripts/Phases/EndPhase.cs
  artifactKey: Guid(eecc0b3ce1d0b4bc99182b0463e3f3e3) Importer(2089858483,b0f066a214c2f5e87bad3c948f4d605d)
Start importing Assets/Dialoguer/Dialoguer/Scripts/Phases/EndPhase.cs using Guid(eecc0b3ce1d0b4bc99182b0463e3f3e3) Importer(2089858483,b0f066a214c2f5e87bad3c948f4d605d) (ScriptedImporter) -> (artifact id: 'c38450fb9a013456b5dfa67c50437dfe') in 0.0872746 seconds
Number of updated asset objects reloaded before import = 0Number of asset objects unloaded after import = 0

========================================================================
Received Import Request.
  Time since last request: 0.040663 seconds.
  path: Assets/Dialoguer/DialogueEditor/Scripts/Editor/VariableEditorWindow.cs
  artifactKey: Guid(4a9c52ede922e402abddcf9144b096e0) Importer(2089858483,b0f066a214c2f5e87bad3c948f4d605d)
Start importing Assets/Dialoguer/DialogueEditor/Scripts/Editor/VariableEditorWindow.cs using Guid(4a9c52ede922e402abddcf9144b096e0) Importer(2089858483,b0f066a214c2f5e87bad3c948f4d605d) (ScriptedImporter) -> (artifact id: 'a5b4899cc03bdd642b56eeac251d07df') in 0.0950186 seconds
Number of updated asset objects reloaded before import = 0Number of asset objects unloaded after import = 0

========================================================================
Received Import Request.
  Time since last request: 0.001041 seconds.
  path: Assets/SoundManagerPro/Scripts/Extensions/DFGUI_SMPRO_INTEGRATION.unitypackage
  artifactKey: Guid(b2f4a4fa02526fa48936b6e1b0aa27da) Importer(2089858483,b0f066a214c2f5e87bad3c948f4d605d)
Start importing Assets/SoundManagerPro/Scripts/Extensions/DFGUI_SMPRO_INTEGRATION.unitypackage using Guid(b2f4a4fa02526fa48936b6e1b0aa27da) Importer(2089858483,b0f066a214c2f5e87bad3c948f4d605d) (ScriptedImporter) -> (artifact id: 'cb9e18a90388e2ddcae71318acf2231b') in 0.1021052 seconds
Number of updated asset objects reloaded before import = 0Number of asset objects unloaded after import = 1

========================================================================
Received Import Request.
  Time since last request: 0.003487 seconds.
  path: Assets/Dialoguer/Dialoguer/Scripts/Phases/BranchedTextPhase.cs
  artifactKey: Guid(20e2313a600ea4dc4ae9c714e8d5f6a8) Importer(2089858483,b0f066a214c2f5e87bad3c948f4d605d)
Start importing Assets/Dialoguer/Dialoguer/Scripts/Phases/BranchedTextPhase.cs using Guid(20e2313a600ea4dc4ae9c714e8d5f6a8) Importer(2089858483,b0f066a214c2f5e87bad3c948f4d605d) (ScriptedImporter) -> (artifact id: '31a8db3459581c4127f9ce27e1710b0e') in 0.0989833 seconds
Number of updated asset objects reloaded before import = 0Number of asset objects unloaded after import = 0

========================================================================
Received Import Request.
  Time since last request: 0.001124 seconds.
  path: Assets/Dialoguer/Dialoguer/Scripts/Statics/PhaseVarSubStrings.cs
  artifactKey: Guid(9cd3bef2639494994ae67cd8c346efcc) Importer(2089858483,b0f066a214c2f5e87bad3c948f4d605d)
Start importing Assets/Dialoguer/Dialoguer/Scripts/Statics/PhaseVarSubStrings.cs using Guid(9cd3bef2639494994ae67cd8c346efcc) Importer(2089858483,b0f066a214c2f5e87bad3c948f4d605d) (ScriptedImporter) -> (artifact id: 'a76be62254b96e262f7978d059798372') in 0.0772407 seconds
Number of updated asset objects reloaded before import = 0Number of asset objects unloaded after import = 0

========================================================================
Received Import Request.
  Time since last request: 0.008279 seconds.
  path: Assets/NGUI/Examples/Atlases/Fantasy/Fantasy Atlas.prefab
  artifactKey: Guid(f95e07e3d350bf748b0c42b453a69d2e) Importer(2089858483,b0f066a214c2f5e87bad3c948f4d605d)
Start importing Assets/NGUI/Examples/Atlases/Fantasy/Fantasy Atlas.prefab using Guid(f95e07e3d350bf748b0c42b453a69d2e) Importer(2089858483,b0f066a214c2f5e87bad3c948f4d605d) (ScriptedImporter) -> (artifact id: 'eea302131d8142ae34c51fc82ffee35c') in 0.1574977 seconds
Number of updated asset objects reloaded before import = 0Number of asset objects unloaded after import = 5

========================================================================
Received Import Request.
  Time since last request: 0.043478 seconds.
  path: Assets/Dialoguer/Dialoguer/Scripts/Phases/SendMessagePhase.cs
  artifactKey: Guid(6556cb3da90ce46eca8b03b4fbd4617f) Importer(2089858483,b0f066a214c2f5e87bad3c948f4d605d)
Start importing Assets/Dialoguer/Dialoguer/Scripts/Phases/SendMessagePhase.cs using Guid(6556cb3da90ce46eca8b03b4fbd4617f) Importer(2089858483,b0f066a214c2f5e87bad3c948f4d605d) (ScriptedImporter) -> (artifact id: '51a24c907fcd9cfd370db3200d2983d7') in 0.1594777 seconds
Number of updated asset objects reloaded before import = 0Number of asset objects unloaded after import = 0

========================================================================
Received Import Request.
  Time since last request: 0.073219 seconds.
  path: Assets/NGUI/Examples/Atlases/Refractive/Refractive Atlas - Masks.psd
  artifactKey: Guid(0428f8f60fa9fc44fbc83b1388991bca) Importer(2089858483,b0f066a214c2f5e87bad3c948f4d605d)
Start importing Assets/NGUI/Examples/Atlases/Refractive/Refractive Atlas - Masks.psd using Guid(0428f8f60fa9fc44fbc83b1388991bca) Importer(2089858483,b0f066a214c2f5e87bad3c948f4d605d) (ScriptedImporter) -> (artifact id: 'b5cb8424362afbf9480c6b2cd128b3c3') in 0.1872175 seconds
Number of updated asset objects reloaded before import = 0Number of asset objects unloaded after import = 1

========================================================================
Received Import Request.
  Time since last request: 0.000875 seconds.
  path: Assets/NGUI/Examples/Atlases/Refractive/Refractive Atlas.psd
  artifactKey: Guid(35452be164663f146b8829318f9c05eb) Importer(2089858483,b0f066a214c2f5e87bad3c948f4d605d)
Start importing Assets/NGUI/Examples/Atlases/Refractive/Refractive Atlas.psd using Guid(35452be164663f146b8829318f9c05eb) Importer(2089858483,b0f066a214c2f5e87bad3c948f4d605d) (ScriptedImporter) -> (artifact id: '922cfa0b869fae6027e95e36d2a76cf8') in 0.1006313 seconds
Number of updated asset objects reloaded before import = 0Number of asset objects unloaded after import = 1

========================================================================
Received Import Request.
  Time since last request: 0.000240 seconds.
  path: Assets/Dialoguer/Dialoguer/Scripts/Statics/PhaseState.cs
  artifactKey: Guid(a4065a48ada984534a8db349d068306d) Importer(2089858483,b0f066a214c2f5e87bad3c948f4d605d)
Start importing Assets/Dialoguer/Dialoguer/Scripts/Statics/PhaseState.cs using Guid(a4065a48ada984534a8db349d068306d) Importer(2089858483,b0f066a214c2f5e87bad3c948f4d605d) (ScriptedImporter) -> (artifact id: '20c9c15757e4992b2105119279413d33') in 0.1150726 seconds
Number of updated asset objects reloaded before import = 0Number of asset objects unloaded after import = 0

========================================================================
Received Import Request.
  Time since last request: 0.000164 seconds.
  path: Assets/Dialoguer/DialogueEditor/Scripts/Statics/VariableEditorSetEquation.cs
  artifactKey: Guid(b494fa728428d4317a3414fdc1ebb60a) Importer(2089858483,b0f066a214c2f5e87bad3c948f4d605d)
Start importing Assets/Dialoguer/DialogueEditor/Scripts/Statics/VariableEditorSetEquation.cs using Guid(b494fa728428d4317a3414fdc1ebb60a) Importer(2089858483,b0f066a214c2f5e87bad3c948f4d605d) (ScriptedImporter) -> (artifact id: '2d1b479487b7e172e16c8306e3dfd78b') in 0.0927307 seconds
Number of updated asset objects reloaded before import = 0Number of asset objects unloaded after import = 0

========================================================================
Received Import Request.
  Time since last request: 0.000082 seconds.
  path: Assets/NGUI/Examples/Atlases/Wooden/Arimo14.prefab
  artifactKey: Guid(800fce3d977b52d4cadf1a0790a413f0) Importer(2089858483,b0f066a214c2f5e87bad3c948f4d605d)
Start importing Assets/NGUI/Examples/Atlases/Wooden/Arimo14.prefab using Guid(800fce3d977b52d4cadf1a0790a413f0) Importer(2089858483,b0f066a214c2f5e87bad3c948f4d605d) (ScriptedImporter) -> (artifact id: '61a436698f21deabd44398f00e954164') in 0.1122473 seconds
Number of updated asset objects reloaded before import = 0Number of asset objects unloaded after import = 5

========================================================================
Received Import Request.
  Time since last request: 0.000095 seconds.
  path: Assets/NGUI/Examples/Atlases/Wooden/Arimo14.tga
  artifactKey: Guid(34598662602230e4281f2aba2397b578) Importer(2089858483,b0f066a214c2f5e87bad3c948f4d605d)
Start importing Assets/NGUI/Examples/Atlases/Wooden/Arimo14.tga using Guid(34598662602230e4281f2aba2397b578) Importer(2089858483,b0f066a214c2f5e87bad3c948f4d605d) (ScriptedImporter) -> (artifact id: '82a968d31b03d8ced8b07cb2af4a897f') in 0.0805356 seconds
Number of updated asset objects reloaded before import = 0Number of asset objects unloaded after import = 1

========================================================================
Received Import Request.
  Time since last request: 0.000043 seconds.
  path: Assets/NGUI/Scripts/UI/UILabel.cs
  artifactKey: Guid(e9d0b5f3bbe925a408bd595c79d0bf63) Importer(2089858483,b0f066a214c2f5e87bad3c948f4d605d)
Start importing Assets/NGUI/Scripts/UI/UILabel.cs using Guid(e9d0b5f3bbe925a408bd595c79d0bf63) Importer(2089858483,b0f066a214c2f5e87bad3c948f4d605d) (ScriptedImporter) -> (artifact id: '890303c928592f9bb8fc514d1003a6f5') in 0.1460878 seconds
Number of updated asset objects reloaded before import = 0Number of asset objects unloaded after import = 0

========================================================================
Received Import Request.
  Time since last request: 0.010754 seconds.
  path: Assets/NGUI/Scripts/Tweening/AnimatedAlpha.cs
  artifactKey: Guid(6f9aef6d5962d8849aa830ef46c7c993) Importer(2089858483,b0f066a214c2f5e87bad3c948f4d605d)
Start importing Assets/NGUI/Scripts/Tweening/AnimatedAlpha.cs using Guid(6f9aef6d5962d8849aa830ef46c7c993) Importer(2089858483,b0f066a214c2f5e87bad3c948f4d605d) (ScriptedImporter) -> (artifact id: 'efcc19b04754b383db70bf24dda0a9e9') in 0.097792 seconds
Number of updated asset objects reloaded before import = 0Number of asset objects unloaded after import = 0

========================================================================
Received Import Request.
  Time since last request: 0.005862 seconds.
  path: Assets/NGUI/Examples/Atlases/Wooden/Arimo18.prefab
  artifactKey: Guid(0f5e030a8cdc292438f880d3ec49ef64) Importer(2089858483,b0f066a214c2f5e87bad3c948f4d605d)
Start importing Assets/NGUI/Examples/Atlases/Wooden/Arimo18.prefab using Guid(0f5e030a8cdc292438f880d3ec49ef64) Importer(2089858483,b0f066a214c2f5e87bad3c948f4d605d) (ScriptedImporter) -> (artifact id: '4f41c2f1bb3ae19efc71a262a345bec3') in 0.1068483 seconds
Number of updated asset objects reloaded before import = 0Number of asset objects unloaded after import = 5

========================================================================
Received Import Request.
  Time since last request: 0.003022 seconds.
  path: Assets/NGUI/Examples/Atlases/Wooden/Arimo18.tga
  artifactKey: Guid(0d2934d77585b8f4ab5725d4e57ed6a5) Importer(2089858483,b0f066a214c2f5e87bad3c948f4d605d)
Start importing Assets/NGUI/Examples/Atlases/Wooden/Arimo18.tga using Guid(0d2934d77585b8f4ab5725d4e57ed6a5) Importer(2089858483,b0f066a214c2f5e87bad3c948f4d605d) (ScriptedImporter) -> (artifact id: '4a991eebcf6ea93acbf8935041af3c72') in 0.1175317 seconds
Number of updated asset objects reloaded before import = 0Number of asset objects unloaded after import = 1

========================================================================
Received Import Request.
  Time since last request: 0.000981 seconds.
  path: Assets/NGUI/Scripts/Internal/UIWidget.cs
  artifactKey: Guid(858a20c1b21a3f94bb5b2d3b901c9aaf) Importer(2089858483,b0f066a214c2f5e87bad3c948f4d605d)
Start importing Assets/NGUI/Scripts/Internal/UIWidget.cs using Guid(858a20c1b21a3f94bb5b2d3b901c9aaf) Importer(2089858483,b0f066a214c2f5e87bad3c948f4d605d) (ScriptedImporter) -> (artifact id: '7e4834ec89bfae9f5cfa1f0e9072ceea') in 0.1321639 seconds
Number of updated asset objects reloaded before import = 0Number of asset objects unloaded after import = 0

========================================================================
Received Import Request.
  Time since last request: 0.010505 seconds.
  path: Assets/SoundManagerPro/Demo/DemoScripts/ScriptWithEvents.cs
  artifactKey: Guid(657b8286362040d4c91a89f3a30d6842) Importer(2089858483,b0f066a214c2f5e87bad3c948f4d605d)
Start importing Assets/SoundManagerPro/Demo/DemoScripts/ScriptWithEvents.cs using Guid(657b8286362040d4c91a89f3a30d6842) Importer(2089858483,b0f066a214c2f5e87bad3c948f4d605d) (ScriptedImporter) -> (artifact id: '282aacd9357de5ec151b6b1e23512c0c') in 0.0840801 seconds
Number of updated asset objects reloaded before import = 0Number of asset objects unloaded after import = 0

========================================================================
Received Import Request.
  Time since last request: 0.004177 seconds.
  path: Assets/NGUI/Examples/Atlases/Wooden/Control - Colored Vertical Scroll Bar.prefab
  artifactKey: Guid(6f802c84f4ff4e1489958bbce5149bcc) Importer(2089858483,b0f066a214c2f5e87bad3c948f4d605d)
Start importing Assets/NGUI/Examples/Atlases/Wooden/Control - Colored Vertical Scroll Bar.prefab using Guid(6f802c84f4ff4e1489958bbce5149bcc) Importer(2089858483,b0f066a214c2f5e87bad3c948f4d605d) (ScriptedImporter) -> (artifact id: '29cf58ee26afd1a17d38e0d4fb2af98e') in 0.0847106 seconds
Number of updated asset objects reloaded before import = 0Number of asset objects unloaded after import = 18

========================================================================
Received Import Request.
  Time since last request: 0.000100 seconds.
  path: Assets/NGUI/Examples/Atlases/Wooden/Control - Simple Button.prefab
  artifactKey: Guid(7c3a28b051e872b448d4808cfcf9199c) Importer(2089858483,b0f066a214c2f5e87bad3c948f4d605d)
Start importing Assets/NGUI/Examples/Atlases/Wooden/Control - Simple Button.prefab using Guid(7c3a28b051e872b448d4808cfcf9199c) Importer(2089858483,b0f066a214c2f5e87bad3c948f4d605d) (ScriptedImporter) -> (artifact id: '51a7a00cea330fa75c6d94c5da9e2710') in 0.0737918 seconds
Number of updated asset objects reloaded before import = 0Number of asset objects unloaded after import = 10

========================================================================
Received Import Request.
  Time since last request: 0.008483 seconds.
  path: Assets/NGUI/Examples/Atlases/Wooden/Control - Simple Text Box.prefab
  artifactKey: Guid(23c0cd5b08147994c821cf4615b25bc7) Importer(2089858483,b0f066a214c2f5e87bad3c948f4d605d)
Start importing Assets/NGUI/Examples/Atlases/Wooden/Control - Simple Text Box.prefab using Guid(23c0cd5b08147994c821cf4615b25bc7) Importer(2089858483,b0f066a214c2f5e87bad3c948f4d605d) (ScriptedImporter) -> (artifact id: '5c9e3ffb2c63c74e454f3647aaf4f312') in 0.0687956 seconds
Number of updated asset objects reloaded before import = 0Number of asset objects unloaded after import = 10

========================================================================
Received Import Request.
  Time since last request: 0.000109 seconds.
  path: Assets/NGUI/Examples/Atlases/Wooden/Control - Simple Popup List.prefab
  artifactKey: Guid(004eb8234dcbc3f4bb49009e57a6ed44) Importer(2089858483,b0f066a214c2f5e87bad3c948f4d605d)
Start importing Assets/NGUI/Examples/Atlases/Wooden/Control - Simple Popup List.prefab using Guid(004eb8234dcbc3f4bb49009e57a6ed44) Importer(2089858483,b0f066a214c2f5e87bad3c948f4d605d) (ScriptedImporter) -> (artifact id: '6ba1e1466d6de06d340a9ac198f3288f') in 0.0790799 seconds
Number of updated asset objects reloaded before import = 0Number of asset objects unloaded after import = 11

========================================================================
Received Import Request.
  Time since last request: 0.000065 seconds.
  path: Assets/NGUI/Examples/Atlases/SciFi/SciFi Atlas.prefab
  artifactKey: Guid(2f2473f73b9ca724f9080d6d76009ea2) Importer(2089858483,b0f066a214c2f5e87bad3c948f4d605d)
Start importing Assets/NGUI/Examples/Atlases/SciFi/SciFi Atlas.prefab using Guid(2f2473f73b9ca724f9080d6d76009ea2) Importer(2089858483,b0f066a214c2f5e87bad3c948f4d605d) (ScriptedImporter) -> (artifact id: 'fc72430de1ecc59eec24f320dc79ef43') in 0.0920075 seconds
Number of updated asset objects reloaded before import = 0Number of asset objects unloaded after import = 5

========================================================================
Received Import Request.
  Time since last request: 0.000210 seconds.
  path: Assets/NGUI/Examples/Models/Orc/FBX.FBX
  artifactKey: Guid(1badfd6944994af44b5ddf21766a94bc) Importer(2089858483,b0f066a214c2f5e87bad3c948f4d605d)
Start importing Assets/NGUI/Examples/Models/Orc/FBX.FBX using Guid(1badfd6944994af44b5ddf21766a94bc) Importer(2089858483,b0f066a214c2f5e87bad3c948f4d605d) (ScriptedImporter) -> (artifact id: '233714301bf1ed0bfe96db80098aa30b') in 0.1172436 seconds
Number of updated asset objects reloaded before import = 0Number of asset objects unloaded after import = 62

========================================================================
Received Import Request.
  Time since last request: 0.000149 seconds.
  path: Assets/NGUI/Examples/Models/Orc Armor/Orc Armor (Maps).png
  artifactKey: Guid(8307261b94c5d8a4f99775a836199d20) Importer(2089858483,b0f066a214c2f5e87bad3c948f4d605d)
Start importing Assets/NGUI/Examples/Models/Orc Armor/Orc Armor (Maps).png using Guid(8307261b94c5d8a4f99775a836199d20) Importer(2089858483,b0f066a214c2f5e87bad3c948f4d605d) (ScriptedImporter) -> (artifact id: 'f5f444f5c682579dc1244275a32079a6') in 0.1490689 seconds
Number of updated asset objects reloaded before import = 0Number of asset objects unloaded after import = 1

========================================================================
Received Import Request.
  Time since last request: 0.005561 seconds.
  path: Assets/NGUI/Examples/Models/Orc/Orc Skin (Normal).png
  artifactKey: Guid(144032073d79c0644914a9fa2b44ce33) Importer(2089858483,b0f066a214c2f5e87bad3c948f4d605d)
Start importing Assets/NGUI/Examples/Models/Orc/Orc Skin (Normal).png using Guid(144032073d79c0644914a9fa2b44ce33) Importer(2089858483,b0f066a214c2f5e87bad3c948f4d605d) (ScriptedImporter) -> (artifact id: '634242ebf75b8ee162ce78367b566b7c') in 0.1519665 seconds
Number of updated asset objects reloaded before import = 0Number of asset objects unloaded after import = 1

========================================================================
Received Import Request.
  Time since last request: 0.001936 seconds.
  path: Assets/NGUI/Examples/Scripts/Other/ChatInput.cs
  artifactKey: Guid(0c4f0ea813e2aef4588e27970990027a) Importer(2089858483,b0f066a214c2f5e87bad3c948f4d605d)
Start importing Assets/NGUI/Examples/Scripts/Other/ChatInput.cs using Guid(0c4f0ea813e2aef4588e27970990027a) Importer(2089858483,b0f066a214c2f5e87bad3c948f4d605d) (ScriptedImporter) -> (artifact id: '1cfec2973cd5c13c394af44b76af4d3a') in 0.0814515 seconds
Number of updated asset objects reloaded before import = 0Number of asset objects unloaded after import = 0

========================================================================
Received Import Request.
  Time since last request: 0.000117 seconds.
  path: Assets/NGUI/Examples/Models/Orc Armor/Orc Bracers.prefab
  artifactKey: Guid(8d847f26b6745fb4d9076f59a3cf0151) Importer(2089858483,b0f066a214c2f5e87bad3c948f4d605d)
Start importing Assets/NGUI/Examples/Models/Orc Armor/Orc Bracers.prefab using Guid(8d847f26b6745fb4d9076f59a3cf0151) Importer(2089858483,b0f066a214c2f5e87bad3c948f4d605d) (ScriptedImporter) -> (artifact id: 'e5b79c81b8926e2cef1b3e5ef02f6d6b') in 0.0856105 seconds
Number of updated asset objects reloaded before import = 0Number of asset objects unloaded after import = 8

========================================================================
Received Import Request.
  Time since last request: 0.004016 seconds.
  path: Assets/NGUI/Examples/Scripts/Other/LagPosition.cs
  artifactKey: Guid(7e58031db5aeb444da199e06c340c871) Importer(2089858483,b0f066a214c2f5e87bad3c948f4d605d)
Start importing Assets/NGUI/Examples/Scripts/Other/LagPosition.cs using Guid(7e58031db5aeb444da199e06c340c871) Importer(2089858483,b0f066a214c2f5e87bad3c948f4d605d) (ScriptedImporter) -> (artifact id: '4da42b12b6ca6a7efe4e6512eafff522') in 0.057671 seconds
Number of updated asset objects reloaded before import = 0Number of asset objects unloaded after import = 0

========================================================================
Received Import Request.
  Time since last request: 0.000668 seconds.
  path: Assets/NGUI/Examples/Models/Orc Armor/Orc Armor.shader
  artifactKey: Guid(ed64773f587bb9846918065b72c58283) Importer(2089858483,b0f066a214c2f5e87bad3c948f4d605d)
Start importing Assets/NGUI/Examples/Models/Orc Armor/Orc Armor.shader using Guid(ed64773f587bb9846918065b72c58283) Importer(2089858483,b0f066a214c2f5e87bad3c948f4d605d) (ScriptedImporter) -> (artifact id: 'abb0c10966bbe71a9ca5fe327a74aeb5') in 0.0984007 seconds
Number of updated asset objects reloaded before import = 0Number of asset objects unloaded after import = 1

========================================================================
Received Import Request.
  Time since last request: 0.002155 seconds.
  path: Assets/NGUI/Examples/Models/Orc Armor/Shoulders.FBX
  artifactKey: Guid(90d839770baeee54097f3c167e390010) Importer(2089858483,b0f066a214c2f5e87bad3c948f4d605d)
Start importing Assets/NGUI/Examples/Models/Orc Armor/Shoulders.FBX using Guid(90d839770baeee54097f3c167e390010) Importer(2089858483,b0f066a214c2f5e87bad3c948f4d605d) (ScriptedImporter) -> (artifact id: 'ffe313160c5744923384ab4496a85b8c') in 0.1153649 seconds
Number of updated asset objects reloaded before import = 0Number of asset objects unloaded after import = 8

========================================================================
Received Import Request.
  Time since last request: 0.000265 seconds.
  path: Assets/NGUI/Examples/Atlases/Wooden/Arimo20.txt
  artifactKey: Guid(015fa701d862b2f4bab32228aaade619) Importer(2089858483,b0f066a214c2f5e87bad3c948f4d605d)
Start importing Assets/NGUI/Examples/Atlases/Wooden/Arimo20.txt using Guid(015fa701d862b2f4bab32228aaade619) Importer(2089858483,b0f066a214c2f5e87bad3c948f4d605d) (ScriptedImporter) -> (artifact id: '0ce8dc536d80d7832c3d616c2b55b342') in 0.0762317 seconds
Number of updated asset objects reloaded before import = 0Number of asset objects unloaded after import = 1

========================================================================
Received Import Request.
  Time since last request: 0.000066 seconds.
  path: Assets/Prefabs/Background/Particles/ForCave/snowParticlesLarge 2.prefab
  artifactKey: Guid(30b0189e02ffbfc41a3fbc9a8fb31e0d) Importer(2089858483,b0f066a214c2f5e87bad3c948f4d605d)
Start importing Assets/Prefabs/Background/Particles/ForCave/snowParticlesLarge 2.prefab using Guid(30b0189e02ffbfc41a3fbc9a8fb31e0d) Importer(2089858483,b0f066a214c2f5e87bad3c948f4d605d) (ScriptedImporter) -> (artifact id: 'fdb01850fb668d8cc47335eef2c784ee') in 0.5822978 seconds
Number of updated asset objects reloaded before import = 0Number of asset objects unloaded after import = 7

========================================================================
Received Import Request.
  Time since last request: 0.000078 seconds.
  path: Assets/Prefabs/Background/Particles/ForHouse/snowParticlesLarge.prefab
  artifactKey: Guid(cc9d7b04b59fb4d438341c3cbe343780) Importer(2089858483,b0f066a214c2f5e87bad3c948f4d605d)
Start importing Assets/Prefabs/Background/Particles/ForHouse/snowParticlesLarge.prefab using Guid(cc9d7b04b59fb4d438341c3cbe343780) Importer(2089858483,b0f066a214c2f5e87bad3c948f4d605d) (ScriptedImporter) -> (artifact id: 'f59edd3cf7555f1317caa75c969fc1a4') in 0.1307746 seconds
Number of updated asset objects reloaded before import = 0Number of asset objects unloaded after import = 7

========================================================================
Received Import Request.
  Time since last request: 0.000179 seconds.
  path: Assets/Prefabs/Background/Particles/ForCave/snowParticlesSmall 2.prefab
  artifactKey: Guid(e37b278bb2ea61d4a8e0415a2f974203) Importer(2089858483,b0f066a214c2f5e87bad3c948f4d605d)
Start importing Assets/Prefabs/Background/Particles/ForCave/snowParticlesSmall 2.prefab using Guid(e37b278bb2ea61d4a8e0415a2f974203) Importer(2089858483,b0f066a214c2f5e87bad3c948f4d605d) (ScriptedImporter) -> (artifact id: '70715779d58ea719b476d6d82f00a3ef') in 0.2744781 seconds
Number of updated asset objects reloaded before import = 0Number of asset objects unloaded after import = 7

========================================================================
Received Import Request.
  Time since last request: 0.001545 seconds.
  path: Assets/Standard Assets/Image Effects (Pro Only)/_Sources/Shaders/ContrastComposite.shader
  artifactKey: Guid(273404942eede4ea1883ca1fb2942507) Importer(2089858483,b0f066a214c2f5e87bad3c948f4d605d)
Start importing Assets/Standard Assets/Image Effects (Pro Only)/_Sources/Shaders/ContrastComposite.shader using Guid(273404942eede4ea1883ca1fb2942507) Importer(2089858483,b0f066a214c2f5e87bad3c948f4d605d) (ScriptedImporter) -> (artifact id: 'f16bdc0565e22d97f0ff6420d53eeb8e') in 0.0751436 seconds
Number of updated asset objects reloaded before import = 0Number of asset objects unloaded after import = 1

========================================================================
Received Import Request.
  Time since last request: 0.000098 seconds.
  path: Assets/Standard Assets/Image Effects (Pro Only)/_Sources/Shaders/FisheyeShader.shader
  artifactKey: Guid(874ceab4425f64bccb1d14032f4452b1) Importer(2089858483,b0f066a214c2f5e87bad3c948f4d605d)
Start importing Assets/Standard Assets/Image Effects (Pro Only)/_Sources/Shaders/FisheyeShader.shader using Guid(874ceab4425f64bccb1d14032f4452b1) Importer(2089858483,b0f066a214c2f5e87bad3c948f4d605d) (ScriptedImporter) -> (artifact id: 'a0a7df8818b1d3fc3902d8cb22691ce4') in 0.0951162 seconds
Number of updated asset objects reloaded before import = 0Number of asset objects unloaded after import = 1

========================================================================
Received Import Request.
  Time since last request: 0.000056 seconds.
  path: Assets/Standard Assets/Image Effects (Pro Only)/_Sources/Shaders/ColorCorrectionSelective.shader
  artifactKey: Guid(e515e0f94cefc4c0db54b45cba621544) Importer(2089858483,b0f066a214c2f5e87bad3c948f4d605d)
Start importing Assets/Standard Assets/Image Effects (Pro Only)/_Sources/Shaders/ColorCorrectionSelective.shader using Guid(e515e0f94cefc4c0db54b45cba621544) Importer(2089858483,b0f066a214c2f5e87bad3c948f4d605d) (ScriptedImporter) -> (artifact id: '665910c7b4c7b7a56b3aa8c3cfadc7f1') in 0.1063403 seconds
Number of updated asset objects reloaded before import = 0Number of asset objects unloaded after import = 1

========================================================================
Received Import Request.
  Time since last request: 0.000868 seconds.
  path: Assets/Standard Assets/Image Effects (Pro Only)/_Sources/Shaders/ColorCorrectionCurvesSimple.shader
  artifactKey: Guid(438ddd58d82c84d9eb1fdc56111702e1) Importer(2089858483,b0f066a214c2f5e87bad3c948f4d605d)
Start importing Assets/Standard Assets/Image Effects (Pro Only)/_Sources/Shaders/ColorCorrectionCurvesSimple.shader using Guid(438ddd58d82c84d9eb1fdc56111702e1) Importer(2089858483,b0f066a214c2f5e87bad3c948f4d605d) (ScriptedImporter) -> (artifact id: '7cbb0d519ebc5cb1d0b62edf79ef3552') in 0.0845796 seconds
Number of updated asset objects reloaded before import = 0Number of asset objects unloaded after import = 1

========================================================================
Received Import Request.
  Time since last request: 0.000182 seconds.
  path: Assets/NGUI/Scripts/UI/UIOrthoCamera.cs
  artifactKey: Guid(e99a627c1d84ba64faaf1a819b50fd6e) Importer(2089858483,b0f066a214c2f5e87bad3c948f4d605d)
Start importing Assets/NGUI/Scripts/UI/UIOrthoCamera.cs using Guid(e99a627c1d84ba64faaf1a819b50fd6e) Importer(2089858483,b0f066a214c2f5e87bad3c948f4d605d) (ScriptedImporter) -> (artifact id: 'd2bb335db2dd1ea7758326064a7808a8') in 0.0994909 seconds
Number of updated asset objects reloaded before import = 0Number of asset objects unloaded after import = 0

========================================================================
Received Import Request.
  Time since last request: 0.003455 seconds.
  path: Assets/NGUI/Examples/Models/Orc Armor/Orc Armor (Diffuse).psd
  artifactKey: Guid(0939ed6c7613e5e43a5cdc04a678a966) Importer(2089858483,b0f066a214c2f5e87bad3c948f4d605d)
Start importing Assets/NGUI/Examples/Models/Orc Armor/Orc Armor (Diffuse).psd using Guid(0939ed6c7613e5e43a5cdc04a678a966) Importer(2089858483,b0f066a214c2f5e87bad3c948f4d605d) (ScriptedImporter) -> (artifact id: 'f34b5f813a4568fac397b86da7f4baca') in 0.115035 seconds
Number of updated asset objects reloaded before import = 0Number of asset objects unloaded after import = 1

========================================================================
Received Import Request.
  Time since last request: 0.000066 seconds.
  path: Assets/Standard Assets/Image Effects (Pro Only)/_Sources/Shaders/RadialBlur.shader
  artifactKey: Guid(f58445347fe2e4b8396487ed2bfa02ad) Importer(2089858483,b0f066a214c2f5e87bad3c948f4d605d)
Start importing Assets/Standard Assets/Image Effects (Pro Only)/_Sources/Shaders/RadialBlur.shader using Guid(f58445347fe2e4b8396487ed2bfa02ad) Importer(2089858483,b0f066a214c2f5e87bad3c948f4d605d) (ScriptedImporter) -> (artifact id: '0b5b299b6d314884d2c1deab38ad6ec7') in 0.0679451 seconds
Number of updated asset objects reloaded before import = 0Number of asset objects unloaded after import = 1

========================================================================
Received Import Request.
  Time since last request: 0.000058 seconds.
  path: Assets/Standard Assets/Image Effects (Pro Only)/_Sources/Shaders/NoiseEffectShaderYUV.shader
  artifactKey: Guid(0e447868506ba49f0a73235b8a8b647a) Importer(2089858483,b0f066a214c2f5e87bad3c948f4d605d)
Start importing Assets/Standard Assets/Image Effects (Pro Only)/_Sources/Shaders/NoiseEffectShaderYUV.shader using Guid(0e447868506ba49f0a73235b8a8b647a) Importer(2089858483,b0f066a214c2f5e87bad3c948f4d605d) (ScriptedImporter) -> (artifact id: 'b54cc600ae53159082b0454ad6992280') in 0.1002055 seconds
Number of updated asset objects reloaded before import = 0Number of asset objects unloaded after import = 1

========================================================================
Received Import Request.
  Time since last request: 0.000280 seconds.
  path: Assets/Standard Assets/Image Effects (Pro Only)/_Sources/Shaders/ShowAlphaChannel.shader
  artifactKey: Guid(da310021e2a4142429d95c537846dc38) Importer(2089858483,b0f066a214c2f5e87bad3c948f4d605d)
Start importing Assets/Standard Assets/Image Effects (Pro Only)/_Sources/Shaders/ShowAlphaChannel.shader using Guid(da310021e2a4142429d95c537846dc38) Importer(2089858483,b0f066a214c2f5e87bad3c948f4d605d) (ScriptedImporter) -> (artifact id: 'de056afa6dbf663a87d60aa10afc27c4') in 0.074023 seconds
Number of updated asset objects reloaded before import = 0Number of asset objects unloaded after import = 1

========================================================================
Received Import Request.
  Time since last request: 0.000160 seconds.
  path: Assets/Standard Assets/Image Effects (Pro Only)/_Sources/Shaders/SunShaftsComposite.shader
  artifactKey: Guid(d3b1c8c1036784176946f5cfbfb7fe4c) Importer(2089858483,b0f066a214c2f5e87bad3c948f4d605d)
Start importing Assets/Standard Assets/Image Effects (Pro Only)/_Sources/Shaders/SunShaftsComposite.shader using Guid(d3b1c8c1036784176946f5cfbfb7fe4c) Importer(2089858483,b0f066a214c2f5e87bad3c948f4d605d) (ScriptedImporter) -> (artifact id: '5a711d810cc4196f5b57bc9915040c52') in 0.0821036 seconds
Number of updated asset objects reloaded before import = 0Number of asset objects unloaded after import = 1

========================================================================
Received Import Request.
  Time since last request: 0.002544 seconds.
  path: Assets/Standard Assets/Image Effects (Pro Only)/_Sources/Shaders/ScreenSpaceAmbientObscurance.shader
  artifactKey: Guid(95616c020c5604dda96cf76afbbc0272) Importer(2089858483,b0f066a214c2f5e87bad3c948f4d605d)
Start importing Assets/Standard Assets/Image Effects (Pro Only)/_Sources/Shaders/ScreenSpaceAmbientObscurance.shader using Guid(95616c020c5604dda96cf76afbbc0272) Importer(2089858483,b0f066a214c2f5e87bad3c948f4d605d) (ScriptedImporter) -> (artifact id: '744337e473e6e3568deda58885e76a24') in 0.0819807 seconds
Number of updated asset objects reloaded before import = 0Number of asset objects unloaded after import = 1

========================================================================
Received Import Request.
  Time since last request: 0.000243 seconds.
  path: Assets/NGUI/Examples/Scripts/Other/PlayIdleAnimations.cs
  artifactKey: Guid(e7393c14f99274841887c9890b46216d) Importer(2089858483,b0f066a214c2f5e87bad3c948f4d605d)
Start importing Assets/NGUI/Examples/Scripts/Other/PlayIdleAnimations.cs using Guid(e7393c14f99274841887c9890b46216d) Importer(2089858483,b0f066a214c2f5e87bad3c948f4d605d) (ScriptedImporter) -> (artifact id: '4fb95a516119a938f72e72c73717fc68') in 0.0537594 seconds
Number of updated asset objects reloaded before import = 0Number of asset objects unloaded after import = 0

========================================================================
Received Import Request.
  Time since last request: 0.000133 seconds.
  path: Assets/Standard Assets/Image Effects (Pro Only)/_Sources/Textures/color correction ramp.png
  artifactKey: Guid(d440902fad11e807d00044888d76c639) Importer(2089858483,b0f066a214c2f5e87bad3c948f4d605d)
Start importing Assets/Standard Assets/Image Effects (Pro Only)/_Sources/Textures/color correction ramp.png using Guid(d440902fad11e807d00044888d76c639) Importer(2089858483,b0f066a214c2f5e87bad3c948f4d605d) (ScriptedImporter) -> (artifact id: '27280e688c875f8cfb843ef887683ba7') in 0.0866186 seconds
Number of updated asset objects reloaded before import = 0Number of asset objects unloaded after import = 1

========================================================================
Received Import Request.
  Time since last request: 0.000068 seconds.
  path: Assets/Standard Assets/Image Effects (Pro Only)/_Sources/Textures/ContrastEnhanced3D16.png
  artifactKey: Guid(ecd9a2c463dcb476891e43d7c9f16ffa) Importer(2089858483,b0f066a214c2f5e87bad3c948f4d605d)
Start importing Assets/Standard Assets/Image Effects (Pro Only)/_Sources/Textures/ContrastEnhanced3D16.png using Guid(ecd9a2c463dcb476891e43d7c9f16ffa) Importer(2089858483,b0f066a214c2f5e87bad3c948f4d605d) (ScriptedImporter) -> (artifact id: '8183ddd69129d560f00b77a4832156d5') in 0.0838108 seconds
Number of updated asset objects reloaded before import = 0Number of asset objects unloaded after import = 1

========================================================================
Received Import Request.
  Time since last request: 0.002092 seconds.
  path: Assets/Standard Assets/Image Effects (Pro Only)/_Sources/Shaders/VignettingShader.shader
  artifactKey: Guid(627943dc7a9a74286b70a4f694a0acd5) Importer(2089858483,b0f066a214c2f5e87bad3c948f4d605d)
Start importing Assets/Standard Assets/Image Effects (Pro Only)/_Sources/Shaders/VignettingShader.shader using Guid(627943dc7a9a74286b70a4f694a0acd5) Importer(2089858483,b0f066a214c2f5e87bad3c948f4d605d) (ScriptedImporter) -> (artifact id: '4640f29157bf0a49c9fbab506794b8c9') in 0.0726607 seconds
Number of updated asset objects reloaded before import = 0Number of asset objects unloaded after import = 1

========================================================================
Received Import Request.
  Time since last request: 0.000058 seconds.
  path: Assets/Standard Assets/Image Effects (Pro Only)/_Sources/Shaders/TwirlEffect.shader
  artifactKey: Guid(641b781cad112c75d0008dfa8d76c639) Importer(2089858483,b0f066a214c2f5e87bad3c948f4d605d)
Start importing Assets/Standard Assets/Image Effects (Pro Only)/_Sources/Shaders/TwirlEffect.shader using Guid(641b781cad112c75d0008dfa8d76c639) Importer(2089858483,b0f066a214c2f5e87bad3c948f4d605d) (ScriptedImporter) -> (artifact id: '999a293870b57f8c66318a34c97d13cb') in 0.0821207 seconds
Number of updated asset objects reloaded before import = 0Number of asset objects unloaded after import = 1

========================================================================
Received Import Request.
  Time since last request: 0.000094 seconds.
  path: Assets/Standard Assets/Image Effects (Pro Only)/_Sources/Textures/grayscale ramp.png
  artifactKey: Guid(e9a9781cad112c75d0008dfa8d76c639) Importer(2089858483,b0f066a214c2f5e87bad3c948f4d605d)
Start importing Assets/Standard Assets/Image Effects (Pro Only)/_Sources/Textures/grayscale ramp.png using Guid(e9a9781cad112c75d0008dfa8d76c639) Importer(2089858483,b0f066a214c2f5e87bad3c948f4d605d) (ScriptedImporter) -> (artifact id: '4093dc1f6eb1c54418bfdce56370a55a') in 0.1113545 seconds
Number of updated asset objects reloaded before import = 0Number of asset objects unloaded after import = 1

========================================================================
Received Import Request.
  Time since last request: 0.000062 seconds.
  path: Assets/Dialoguer/DialogueEditor/Scripts/Objects/VariableObjects/DialogueEditorVariableObject.cs
  artifactKey: Guid(cca7e595e8b9949e1a1591e93b25772a) Importer(2089858483,b0f066a214c2f5e87bad3c948f4d605d)
Start importing Assets/Dialoguer/DialogueEditor/Scripts/Objects/VariableObjects/DialogueEditorVariableObject.cs using Guid(cca7e595e8b9949e1a1591e93b25772a) Importer(2089858483,b0f066a214c2f5e87bad3c948f4d605d) (ScriptedImporter) -> (artifact id: '586a90e7fb0d385a1f03f25528eba540') in 0.0842356 seconds
Number of updated asset objects reloaded before import = 0Number of asset objects unloaded after import = 0

========================================================================
Received Import Request.
  Time since last request: 0.000870 seconds.
  path: Assets/Dialoguer/DialogueEditor/Scripts/Objects/DialogueObjects/DialogueEditorDragPhaseObject.cs
  artifactKey: Guid(dc18d1ccd33b249cda4ac99286f30e5e) Importer(2089858483,b0f066a214c2f5e87bad3c948f4d605d)
Start importing Assets/Dialoguer/DialogueEditor/Scripts/Objects/DialogueObjects/DialogueEditorDragPhaseObject.cs using Guid(dc18d1ccd33b249cda4ac99286f30e5e) Importer(2089858483,b0f066a214c2f5e87bad3c948f4d605d) (ScriptedImporter) -> (artifact id: '05af32776952565335826d656784dc1c') in 0.0680821 seconds
Number of updated asset objects reloaded before import = 0Number of asset objects unloaded after import = 0

========================================================================
Received Import Request.
  Time since last request: 0.000083 seconds.
  path: Assets/Dialoguer/DialogueEditor/Scripts/Objects/DialogueObjects/DialogueEditorSelectionObject.cs
  artifactKey: Guid(431bfe0b1812a42e1bc2aacd52c87b75) Importer(2089858483,b0f066a214c2f5e87bad3c948f4d605d)
Start importing Assets/Dialoguer/DialogueEditor/Scripts/Objects/DialogueObjects/DialogueEditorSelectionObject.cs using Guid(431bfe0b1812a42e1bc2aacd52c87b75) Importer(2089858483,b0f066a214c2f5e87bad3c948f4d605d) (ScriptedImporter) -> (artifact id: 'b290c16e6a627ba5a9dfbf489d3f83f4') in 0.06805 seconds
Number of updated asset objects reloaded before import = 0Number of asset objects unloaded after import = 0

========================================================================
Received Import Request.
  Time since last request: 0.000103 seconds.
  path: Assets/Dialoguer/DialogueEditor/Scripts/Objects/DialogueObjects/DialogueEditorGlobalVariablesContainer.cs
  artifactKey: Guid(fb00068a6fc2b4ce39d55285923e10f0) Importer(2089858483,b0f066a214c2f5e87bad3c948f4d605d)
Start importing Assets/Dialoguer/DialogueEditor/Scripts/Objects/DialogueObjects/DialogueEditorGlobalVariablesContainer.cs using Guid(fb00068a6fc2b4ce39d55285923e10f0) Importer(2089858483,b0f066a214c2f5e87bad3c948f4d605d) (ScriptedImporter) -> (artifact id: 'f3a803985e49c00b2d53a537fcc0928e') in 0.0621827 seconds
Number of updated asset objects reloaded before import = 0Number of asset objects unloaded after import = 0

========================================================================
Received Import Request.
  Time since last request: 0.001080 seconds.
  path: Assets/Dialoguer/DialogueEditor/Scripts/Objects/DialogueObjects/DialogueEditorMasterObject.cs
  artifactKey: Guid(62dd653b8b218421d88f237ac44e1a17) Importer(2089858483,b0f066a214c2f5e87bad3c948f4d605d)
Start importing Assets/Dialoguer/DialogueEditor/Scripts/Objects/DialogueObjects/DialogueEditorMasterObject.cs using Guid(62dd653b8b218421d88f237ac44e1a17) Importer(2089858483,b0f066a214c2f5e87bad3c948f4d605d) (ScriptedImporter) -> (artifact id: '60fd0e5d69b40c50d10acb4503362607') in 0.0624833 seconds
Number of updated asset objects reloaded before import = 0Number of asset objects unloaded after import = 0

========================================================================
Received Import Request.
  Time since last request: 0.001091 seconds.
  path: Assets/NGUI/Examples/Atlases/Wooden/Control - Simple Vertical Slider.prefab
  artifactKey: Guid(73c06049ef328174489241d773446e1f) Importer(2089858483,b0f066a214c2f5e87bad3c948f4d605d)
Start importing Assets/NGUI/Examples/Atlases/Wooden/Control - Simple Vertical Slider.prefab using Guid(73c06049ef328174489241d773446e1f) Importer(2089858483,b0f066a214c2f5e87bad3c948f4d605d) (ScriptedImporter) -> (artifact id: '5f6f9be99401989bb79b011c26a90446') in 0.1045729 seconds
Number of updated asset objects reloaded before import = 0Number of asset objects unloaded after import = 16

========================================================================
Received Import Request.
  Time since last request: 0.000032 seconds.
  path: Assets/Dialoguer/DialogueEditor/Textures/GUI/Dark/icon_asyncPhase.png
  artifactKey: Guid(b92fddcf186264248a4dfcac958a3b64) Importer(2089858483,b0f066a214c2f5e87bad3c948f4d605d)
Start importing Assets/Dialoguer/DialogueEditor/Textures/GUI/Dark/icon_asyncPhase.png using Guid(b92fddcf186264248a4dfcac958a3b64) Importer(2089858483,b0f066a214c2f5e87bad3c948f4d605d) (ScriptedImporter) -> (artifact id: '02d99a55dda8a15976d3143be76b3d46') in 0.0916749 seconds
Number of updated asset objects reloaded before import = 0Number of asset objects unloaded after import = 1

========================================================================
Received Import Request.
  Time since last request: 0.000516 seconds.
  path: Assets/Dialoguer/DialogueEditor/Textures/GUI/Dark/icon_setVariablePhase.png
  artifactKey: Guid(83d1f7122b1e142fbbd723dc99494f42) Importer(2089858483,b0f066a214c2f5e87bad3c948f4d605d)
Start importing Assets/Dialoguer/DialogueEditor/Textures/GUI/Dark/icon_setVariablePhase.png using Guid(83d1f7122b1e142fbbd723dc99494f42) Importer(2089858483,b0f066a214c2f5e87bad3c948f4d605d) (ScriptedImporter) -> (artifact id: '5dfc994f4528a968329a37fb2c548efb') in 0.1293937 seconds
Number of updated asset objects reloaded before import = 0Number of asset objects unloaded after import = 1

========================================================================
Received Import Request.
  Time since last request: 0.000866 seconds.
  path: Assets/Dialoguer/DialogueEditor/Textures/GUI/Dark/connector_empty_hover.png
  artifactKey: Guid(ecd4942f1f49c4ed3a0e00cde1100967) Importer(2089858483,b0f066a214c2f5e87bad3c948f4d605d)
Start importing Assets/Dialoguer/DialogueEditor/Textures/GUI/Dark/connector_empty_hover.png using Guid(ecd4942f1f49c4ed3a0e00cde1100967) Importer(2089858483,b0f066a214c2f5e87bad3c948f4d605d) (ScriptedImporter) -> (artifact id: 'ec675416af7ed0db59b74f11584b1ea4') in 0.1042366 seconds
Number of updated asset objects reloaded before import = 0Number of asset objects unloaded after import = 1

========================================================================
Received Import Request.
  Time since last request: 0.000129 seconds.
  path: Assets/Dialoguer/DialogueEditor/Textures/GUI/Dark/icon_sendMessagePhase.png
  artifactKey: Guid(50f7e10ca461f4d669bafd21f1968eaa) Importer(2089858483,b0f066a214c2f5e87bad3c948f4d605d)
Start importing Assets/Dialoguer/DialogueEditor/Textures/GUI/Dark/icon_sendMessagePhase.png using Guid(50f7e10ca461f4d669bafd21f1968eaa) Importer(2089858483,b0f066a214c2f5e87bad3c948f4d605d) (ScriptedImporter) -> (artifact id: '080f8e6f090b6daa3ae012cdf1b4a7ed') in 0.0886365 seconds
Number of updated asset objects reloaded before import = 0Number of asset objects unloaded after import = 1

========================================================================
Received Import Request.
  Time since last request: 0.000302 seconds.
  path: Assets/Dialoguer/DialogueEditor/Textures/GUI/Dark/icon_conditionalPhase.png
  artifactKey: Guid(7ba0d2357d3144968a97bcc9d613e74c) Importer(2089858483,b0f066a214c2f5e87bad3c948f4d605d)
Start importing Assets/Dialoguer/DialogueEditor/Textures/GUI/Dark/icon_conditionalPhase.png using Guid(7ba0d2357d3144968a97bcc9d613e74c) Importer(2089858483,b0f066a214c2f5e87bad3c948f4d605d) (ScriptedImporter) -> (artifact id: '59dbd050e881f8da5a41a2126136e965') in 0.1404698 seconds
Number of updated asset objects reloaded before import = 0Number of asset objects unloaded after import = 1

========================================================================
Received Import Request.
  Time since last request: 0.026322 seconds.
  path: Assets/Standard Assets/Image Effects (Pro Only)/_Sources/Textures/NoiseEffectGrain.png
  artifactKey: Guid(ffa9c02760c2b4e8eb9814ec06c4b05b) Importer(2089858483,b0f066a214c2f5e87bad3c948f4d605d)
Start importing Assets/Standard Assets/Image Effects (Pro Only)/_Sources/Textures/NoiseEffectGrain.png using Guid(ffa9c02760c2b4e8eb9814ec06c4b05b) Importer(2089858483,b0f066a214c2f5e87bad3c948f4d605d) (ScriptedImporter) -> (artifact id: '2a684bd4ae972d770bc09ae835bb641b') in 0.14886 seconds
Number of updated asset objects reloaded before import = 0Number of asset objects unloaded after import = 1

========================================================================
Received Import Request.
  Time since last request: 0.000129 seconds.
  path: Assets/Standard Assets/Image Effects (Pro Only)/_Sources/Shaders/ChromaticAberrationShader.shader
  artifactKey: Guid(2b4f29398d9484ccfa9fd220449f5eee) Importer(2089858483,b0f066a214c2f5e87bad3c948f4d605d)
Start importing Assets/Standard Assets/Image Effects (Pro Only)/_Sources/Shaders/ChromaticAberrationShader.shader using Guid(2b4f29398d9484ccfa9fd220449f5eee) Importer(2089858483,b0f066a214c2f5e87bad3c948f4d605d) (ScriptedImporter) -> (artifact id: 'e0c7283ed822412af4286667fa6371fa') in 0.0367935 seconds
Number of updated asset objects reloaded before import = 0Number of asset objects unloaded after import = 1

========================================================================
Received Import Request.
  Time since last request: 0.000128 seconds.
  path: Assets/NGUI/Examples/Atlases/Refractive/Refractive Atlas - Bump.psd
  artifactKey: Guid(d76cce1d794620346b2ef8868ec101e5) Importer(2089858483,b0f066a214c2f5e87bad3c948f4d605d)
Start importing Assets/NGUI/Examples/Atlases/Refractive/Refractive Atlas - Bump.psd using Guid(d76cce1d794620346b2ef8868ec101e5) Importer(2089858483,b0f066a214c2f5e87bad3c948f4d605d) (ScriptedImporter) -> (artifact id: 'c5aefe31482abb3da91adeb3fe5a4468') in 0.0541417 seconds
Number of updated asset objects reloaded before import = 0Number of asset objects unloaded after import = 1

========================================================================
Received Import Request.
  Time since last request: 0.000049 seconds.
  path: Assets/Dialoguer/DialogueEditor/Textures/GUI/Light/button_close_hover.png
  artifactKey: Guid(aad61eaacb7d54c4bb34cc73d365c47b) Importer(2089858483,b0f066a214c2f5e87bad3c948f4d605d)
Start importing Assets/Dialoguer/DialogueEditor/Textures/GUI/Light/button_close_hover.png using Guid(aad61eaacb7d54c4bb34cc73d365c47b) Importer(2089858483,b0f066a214c2f5e87bad3c948f4d605d) (ScriptedImporter) -> (artifact id: '31b25fc7ef89587e4928cc14c5074741') in 0.0513305 seconds
Number of updated asset objects reloaded before import = 0Number of asset objects unloaded after import = 1

========================================================================
Received Import Request.
  Time since last request: 0.000045 seconds.
  path: Assets/Dialoguer/DialogueEditor/Textures/GUI/Light/connector_full_hover.png
  artifactKey: Guid(ab776f314c28e424ca4a0c1fc4a4c7a9) Importer(2089858483,b0f066a214c2f5e87bad3c948f4d605d)
Start importing Assets/Dialoguer/DialogueEditor/Textures/GUI/Light/connector_full_hover.png using Guid(ab776f314c28e424ca4a0c1fc4a4c7a9) Importer(2089858483,b0f066a214c2f5e87bad3c948f4d605d) (ScriptedImporter) -> (artifact id: '74b11bb0dbdebd31a07c0445bb476855') in 0.0925669 seconds
Number of updated asset objects reloaded before import = 0Number of asset objects unloaded after import = 1

========================================================================
Received Import Request.
  Time since last request: 0.000191 seconds.
  path: Assets/Dialoguer/DialogueEditor/Textures/GUI/Dark/toolbar_left_active.png
  artifactKey: Guid(19232a6109dba4324b910ac963197c47) Importer(2089858483,b0f066a214c2f5e87bad3c948f4d605d)
Start importing Assets/Dialoguer/DialogueEditor/Textures/GUI/Dark/toolbar_left_active.png using Guid(19232a6109dba4324b910ac963197c47) Importer(2089858483,b0f066a214c2f5e87bad3c948f4d605d) (ScriptedImporter) -> (artifact id: '62054f68d5d2457ffd3831226f1ac509') in 0.0690655 seconds
Number of updated asset objects reloaded before import = 0Number of asset objects unloaded after import = 1

========================================================================
Received Import Request.
  Time since last request: 0.000122 seconds.
  path: Assets/Dialoguer/DialogueEditor/Textures/GUI/Dark/toolbar_left_onHover.png
  artifactKey: Guid(ecbd87cbed71542fe9c00508f1b8a324) Importer(2089858483,b0f066a214c2f5e87bad3c948f4d605d)
Start importing Assets/Dialoguer/DialogueEditor/Textures/GUI/Dark/toolbar_left_onHover.png using Guid(ecbd87cbed71542fe9c00508f1b8a324) Importer(2089858483,b0f066a214c2f5e87bad3c948f4d605d) (ScriptedImporter) -> (artifact id: 'fe3e45bffb42ea7366cb3763d5bdd7bf') in 0.0821876 seconds
Number of updated asset objects reloaded before import = 0Number of asset objects unloaded after import = 1

========================================================================
Received Import Request.
  Time since last request: 0.000144 seconds.
  path: Assets/Dialoguer/DialogueEditor/Textures/GUI/Dark/toolbar_center_hover.png
  artifactKey: Guid(acbb397d0cdd440e68db930165a69668) Importer(2089858483,b0f066a214c2f5e87bad3c948f4d605d)
Start importing Assets/Dialoguer/DialogueEditor/Textures/GUI/Dark/toolbar_center_hover.png using Guid(acbb397d0cdd440e68db930165a69668) Importer(2089858483,b0f066a214c2f5e87bad3c948f4d605d) (ScriptedImporter) -> (artifact id: '2ce3ab29db1c80a23b526c0a1cf31a11') in 0.0912985 seconds
Number of updated asset objects reloaded before import = 0Number of asset objects unloaded after import = 1

========================================================================
Received Import Request.
  Time since last request: 0.000049 seconds.
  path: Assets/Dialoguer/DialogueEditor/Textures/GUI/Light/icon_asyncPhase.png
  artifactKey: Guid(345a5d32df3fb420e802f5ef85eac3ae) Importer(2089858483,b0f066a214c2f5e87bad3c948f4d605d)
Start importing Assets/Dialoguer/DialogueEditor/Textures/GUI/Light/icon_asyncPhase.png using Guid(345a5d32df3fb420e802f5ef85eac3ae) Importer(2089858483,b0f066a214c2f5e87bad3c948f4d605d) (ScriptedImporter) -> (artifact id: '5f18f98897887da5bc6fd850b1e057ab') in 0.0860341 seconds
Number of updated asset objects reloaded before import = 0Number of asset objects unloaded after import = 1

========================================================================
Received Import Request.
  Time since last request: 0.000150 seconds.
  path: Assets/Dialoguer/DialogueEditor/Textures/GUI/Light/toolbar_left_onHover.png
  artifactKey: Guid(a95e0f7d6fab34eb09f9f3da327804c2) Importer(2089858483,b0f066a214c2f5e87bad3c948f4d605d)
Start importing Assets/Dialoguer/DialogueEditor/Textures/GUI/Light/toolbar_left_onHover.png using Guid(a95e0f7d6fab34eb09f9f3da327804c2) Importer(2089858483,b0f066a214c2f5e87bad3c948f4d605d) (ScriptedImporter) -> (artifact id: 'dee3e6e70c9afd9d6f81bfac03501320') in 0.0890922 seconds
Number of updated asset objects reloaded before import = 0Number of asset objects unloaded after import = 1

========================================================================
Received Import Request.
  Time since last request: 0.000074 seconds.
  path: Assets/Dialoguer/DialogueEditor/Textures/GUI/Light/toolbar_right_normal.png
  artifactKey: Guid(c5cf2c36dc5d540be89470fc798b3057) Importer(2089858483,b0f066a214c2f5e87bad3c948f4d605d)
Start importing Assets/Dialoguer/DialogueEditor/Textures/GUI/Light/toolbar_right_normal.png using Guid(c5cf2c36dc5d540be89470fc798b3057) Importer(2089858483,b0f066a214c2f5e87bad3c948f4d605d) (ScriptedImporter) -> (artifact id: 'e31354b0c3dbc63d4f0797a2d4e026a7') in 0.0948864 seconds
Number of updated asset objects reloaded before import = 0Number of asset objects unloaded after import = 1

========================================================================
Received Import Request.
  Time since last request: 0.000148 seconds.
  path: Assets/Dialoguer/DialogueEditor/Textures/GUI/Light/icon_endPhase.png
  artifactKey: Guid(70c477ed405c543a2a1e46c150fc86ad) Importer(2089858483,b0f066a214c2f5e87bad3c948f4d605d)
Start importing Assets/Dialoguer/DialogueEditor/Textures/GUI/Light/icon_endPhase.png using Guid(70c477ed405c543a2a1e46c150fc86ad) Importer(2089858483,b0f066a214c2f5e87bad3c948f4d605d) (ScriptedImporter) -> (artifact id: '4e071c87240171f171a9a7eb6f993aef') in 0.0611416 seconds
Number of updated asset objects reloaded before import = 0Number of asset objects unloaded after import = 1

========================================================================
Received Import Request.
  Time since last request: 0.000058 seconds.
  path: Assets/Dialoguer/DialogueEditor/Textures/GUI/Light/toolbar_left_normal.png
  artifactKey: Guid(9e853c0fbbff0450594cb90bcc9a3cba) Importer(2089858483,b0f066a214c2f5e87bad3c948f4d605d)
Start importing Assets/Dialoguer/DialogueEditor/Textures/GUI/Light/toolbar_left_normal.png using Guid(9e853c0fbbff0450594cb90bcc9a3cba) Importer(2089858483,b0f066a214c2f5e87bad3c948f4d605d) (ScriptedImporter) -> (artifact id: '5d9943428c4a12d4a8ae527e1174ee39') in 0.0697551 seconds
Number of updated asset objects reloaded before import = 0Number of asset objects unloaded after import = 1

========================================================================
Received Import Request.
  Time since last request: 0.000718 seconds.
  path: Assets/Dialoguer/DialogueEditor/Textures/GUI/Dark/toolbar_right_onHover.png
  artifactKey: Guid(1eadcfc57b7f6490cb820c5cba53680b) Importer(2089858483,b0f066a214c2f5e87bad3c948f4d605d)
Start importing Assets/Dialoguer/DialogueEditor/Textures/GUI/Dark/toolbar_right_onHover.png using Guid(1eadcfc57b7f6490cb820c5cba53680b) Importer(2089858483,b0f066a214c2f5e87bad3c948f4d605d) (ScriptedImporter) -> (artifact id: 'ce59e2f79c5450e5156fac980ae3011e') in 0.0567813 seconds
Number of updated asset objects reloaded before import = 0Number of asset objects unloaded after import = 1

========================================================================
Received Import Request.
  Time since last request: 0.000389 seconds.
  path: Assets/Dialoguer/DialogueEditor/Textures/GUI/Dark/toolbar_right_normal.png
  artifactKey: Guid(5c4af60f535bd4e0a8a4920b91cde524) Importer(2089858483,b0f066a214c2f5e87bad3c948f4d605d)
Start importing Assets/Dialoguer/DialogueEditor/Textures/GUI/Dark/toolbar_right_normal.png using Guid(5c4af60f535bd4e0a8a4920b91cde524) Importer(2089858483,b0f066a214c2f5e87bad3c948f4d605d) (ScriptedImporter) -> (artifact id: 'd3518bed224ac4e6fc4820127292abae') in 0.049931 seconds
Number of updated asset objects reloaded before import = 0Number of asset objects unloaded after import = 1

========================================================================
Received Import Request.
  Time since last request: 0.000041 seconds.
  path: Assets/Dialoguer/DialogueEditor/Textures/GUI/Light/scrollbox_bg.png
  artifactKey: Guid(65591621296174d248badb44358b6b5b) Importer(2089858483,b0f066a214c2f5e87bad3c948f4d605d)
Start importing Assets/Dialoguer/DialogueEditor/Textures/GUI/Light/scrollbox_bg.png using Guid(65591621296174d248badb44358b6b5b) Importer(2089858483,b0f066a214c2f5e87bad3c948f4d605d) (ScriptedImporter) -> (artifact id: '4d4772e0de5fa8884f9dc337f90b3150') in 0.0614738 seconds
Number of updated asset objects reloaded before import = 0Number of asset objects unloaded after import = 1

========================================================================
Received Import Request.
  Time since last request: 0.000054 seconds.
  path: Assets/NGUI/Examples/Scripts/InventorySystem/Editor/InvDatabaseInspector.cs
  artifactKey: Guid(1a4e623d2eabebb4e8f6296a5fee1116) Importer(2089858483,b0f066a214c2f5e87bad3c948f4d605d)
Start importing Assets/NGUI/Examples/Scripts/InventorySystem/Editor/InvDatabaseInspector.cs using Guid(1a4e623d2eabebb4e8f6296a5fee1116) Importer(2089858483,b0f066a214c2f5e87bad3c948f4d605d) (ScriptedImporter) -> (artifact id: '51c4b6c07c96b840d1e5fc90bb361ede') in 0.0494061 seconds
Number of updated asset objects reloaded before import = 0Number of asset objects unloaded after import = 0

========================================================================
Received Import Request.
  Time since last request: 0.009392 seconds.
  path: Assets/NGUI/Examples/Scripts/InventorySystem/System/InvDatabase.cs
  artifactKey: Guid(5be182ce83f3ee04b941134953597507) Importer(2089858483,b0f066a214c2f5e87bad3c948f4d605d)
Start importing Assets/NGUI/Examples/Scripts/InventorySystem/System/InvDatabase.cs using Guid(5be182ce83f3ee04b941134953597507) Importer(2089858483,b0f066a214c2f5e87bad3c948f4d605d) (ScriptedImporter) -> (artifact id: '4b71528d780e03add50320068de2724b') in 0.0669201 seconds
Number of updated asset objects reloaded before import = 0Number of asset objects unloaded after import = 0

========================================================================
Received Import Request.
  Time since last request: 0.000036 seconds.
  path: Assets/Standard Assets/Image Effects (Pro Only)/_Sources/Shaders/Contrast Stretch/Adaptation.shader
  artifactKey: Guid(257bc83cbeb544540bd0e558aa9b1383) Importer(2089858483,b0f066a214c2f5e87bad3c948f4d605d)
Start importing Assets/Standard Assets/Image Effects (Pro Only)/_Sources/Shaders/Contrast Stretch/Adaptation.shader using Guid(257bc83cbeb544540bd0e558aa9b1383) Importer(2089858483,b0f066a214c2f5e87bad3c948f4d605d) (ScriptedImporter) -> (artifact id: '9d48afba00d6263f1eea40a4ad501245') in 0.0759244 seconds
Number of updated asset objects reloaded before import = 0Number of asset objects unloaded after import = 1

========================================================================
Received Import Request.
  Time since last request: 0.003141 seconds.
  path: Assets/NGUI/Examples/Scripts/InventorySystem/Game/UICursor.cs
  artifactKey: Guid(a60dfda9b1153fd4ca035013c64cf495) Importer(2089858483,b0f066a214c2f5e87bad3c948f4d605d)
Start importing Assets/NGUI/Examples/Scripts/InventorySystem/Game/UICursor.cs using Guid(a60dfda9b1153fd4ca035013c64cf495) Importer(2089858483,b0f066a214c2f5e87bad3c948f4d605d) (ScriptedImporter) -> (artifact id: '04e5f465c208fa8c81323d88895d9813') in 0.0554104 seconds
Number of updated asset objects reloaded before import = 0Number of asset objects unloaded after import = 0

========================================================================
Received Import Request.
  Time since last request: 0.002283 seconds.
  path: Assets/NGUI/Examples/Scripts/InventorySystem/System/InvAttachmentPoint.cs
  artifactKey: Guid(2a05a718b5cd2ae4eb90743bca9a1032) Importer(2089858483,b0f066a214c2f5e87bad3c948f4d605d)
Start importing Assets/NGUI/Examples/Scripts/InventorySystem/System/InvAttachmentPoint.cs using Guid(2a05a718b5cd2ae4eb90743bca9a1032) Importer(2089858483,b0f066a214c2f5e87bad3c948f4d605d) (ScriptedImporter) -> (artifact id: 'e879d9dbace9d844fff2841fa38bdf38') in 0.0509158 seconds
Number of updated asset objects reloaded before import = 0Number of asset objects unloaded after import = 0

========================================================================
Received Import Request.
  Time since last request: 0.000091 seconds.
  path: Assets/NGUI/Examples/Scripts/InventorySystem/System/InvBaseItem.cs
  artifactKey: Guid(ed0e631b209a1b2429fe081e9717671b) Importer(2089858483,b0f066a214c2f5e87bad3c948f4d605d)
Start importing Assets/NGUI/Examples/Scripts/InventorySystem/System/InvBaseItem.cs using Guid(ed0e631b209a1b2429fe081e9717671b) Importer(2089858483,b0f066a214c2f5e87bad3c948f4d605d) (ScriptedImporter) -> (artifact id: 'f8a1ba6d3b8c484abc22079031cb3018') in 0.055152 seconds
Number of updated asset objects reloaded before import = 0Number of asset objects unloaded after import = 0

========================================================================
Received Import Request.
  Time since last request: 0.000070 seconds.
  path: Assets/NGUI/Examples/Scripts/InventorySystem/Game/UIItemStorage.cs
  artifactKey: Guid(849fd93d348255049af49ba16fb8bcb0) Importer(2089858483,b0f066a214c2f5e87bad3c948f4d605d)
Start importing Assets/NGUI/Examples/Scripts/InventorySystem/Game/UIItemStorage.cs using Guid(849fd93d348255049af49ba16fb8bcb0) Importer(2089858483,b0f066a214c2f5e87bad3c948f4d605d) (ScriptedImporter) -> (artifact id: '49c9297aaf867c21fb2e5b7db61fa9ca') in 0.0653166 seconds
Number of updated asset objects reloaded before import = 0Number of asset objects unloaded after import = 0

========================================================================
Received Import Request.
  Time since last request: 0.000073 seconds.
  path: Assets/NGUI/Examples/Atlases/SciFi/SciFi Font - Normal.prefab
  artifactKey: Guid(ac44b8a25154a9d40a172ab5851e0986) Importer(2089858483,b0f066a214c2f5e87bad3c948f4d605d)
Start importing Assets/NGUI/Examples/Atlases/SciFi/SciFi Font - Normal.prefab using Guid(ac44b8a25154a9d40a172ab5851e0986) Importer(2089858483,b0f066a214c2f5e87bad3c948f4d605d) (ScriptedImporter) -> (artifact id: '008120f6a58c7ab7f75781e15f7bce70') in 0.0650523 seconds
Number of updated asset objects reloaded before import = 0Number of asset objects unloaded after import = 5

========================================================================
Received Import Request.
  Time since last request: 0.000393 seconds.
  path: Assets/Textures/Background/Y.psd
  artifactKey: Guid(e19c82cef6fcd2a4684b8dfdf60004b5) Importer(2089858483,b0f066a214c2f5e87bad3c948f4d605d)
Start importing Assets/Textures/Background/Y.psd using Guid(e19c82cef6fcd2a4684b8dfdf60004b5) Importer(2089858483,b0f066a214c2f5e87bad3c948f4d605d) (ScriptedImporter) -> (artifact id: 'e96a83158bfdea6301d841d24a85b9ed') in 0.0744401 seconds
Number of updated asset objects reloaded before import = 0Number of asset objects unloaded after import = 1

========================================================================
Received Import Request.
  Time since last request: 0.000056 seconds.
  path: Assets/Standard Assets/Image Effects (Pro Only)/_Sources/Shaders/_BloomAndFlares/MobileBloom.shader
  artifactKey: Guid(68a00c837b82e4c6d92e7da765dc5f1d) Importer(2089858483,b0f066a214c2f5e87bad3c948f4d605d)
Start importing Assets/Standard Assets/Image Effects (Pro Only)/_Sources/Shaders/_BloomAndFlares/MobileBloom.shader using Guid(68a00c837b82e4c6d92e7da765dc5f1d) Importer(2089858483,b0f066a214c2f5e87bad3c948f4d605d) (ScriptedImporter) -> (artifact id: '93bbc2a6fe830c9c7e9e5db1795c191b') in 0.0463001 seconds
Number of updated asset objects reloaded before import = 0Number of asset objects unloaded after import = 1

========================================================================
Received Import Request.
  Time since last request: 0.006469 seconds.
  path: Assets/Standard Assets/Image Effects (Pro Only)/_Sources/Shaders/_BloomAndFlares/MobileBlur.shader
  artifactKey: Guid(f9d5fa183cd6b45eeb1491f74863cd91) Importer(2089858483,b0f066a214c2f5e87bad3c948f4d605d)
Start importing Assets/Standard Assets/Image Effects (Pro Only)/_Sources/Shaders/_BloomAndFlares/MobileBlur.shader using Guid(f9d5fa183cd6b45eeb1491f74863cd91) Importer(2089858483,b0f066a214c2f5e87bad3c948f4d605d) (ScriptedImporter) -> (artifact id: '2276689b331fe76925ccf72a785fba3e') in 0.0513158 seconds
Number of updated asset objects reloaded before import = 0Number of asset objects unloaded after import = 1

========================================================================
Received Import Request.
  Time since last request: 0.000101 seconds.
  path: Assets/Standard Assets/Image Effects (Pro Only)/_Sources/Shaders/_BloomAndFlares/BlurAndFlares.shader
  artifactKey: Guid(be6e39cf196f146d5be72fbefb18ed75) Importer(2089858483,b0f066a214c2f5e87bad3c948f4d605d)
Start importing Assets/Standard Assets/Image Effects (Pro Only)/_Sources/Shaders/_BloomAndFlares/BlurAndFlares.shader using Guid(be6e39cf196f146d5be72fbefb18ed75) Importer(2089858483,b0f066a214c2f5e87bad3c948f4d605d) (ScriptedImporter) -> (artifact id: 'f7f3b06f17fb7c3fd27b63c69205ade1') in 0.0448804 seconds
Number of updated asset objects reloaded before import = 0Number of asset objects unloaded after import = 1

========================================================================
Received Import Request.
  Time since last request: 0.001106 seconds.
  path: Assets/Standard Assets/Image Effects (Pro Only)/_Sources/Shaders/_DepthOfField/SeparableBlur.shader
  artifactKey: Guid(e97c14fbb5ea04c3a902cc533d7fc5d1) Importer(2089858483,b0f066a214c2f5e87bad3c948f4d605d)
Start importing Assets/Standard Assets/Image Effects (Pro Only)/_Sources/Shaders/_DepthOfField/SeparableBlur.shader using Guid(e97c14fbb5ea04c3a902cc533d7fc5d1) Importer(2089858483,b0f066a214c2f5e87bad3c948f4d605d) (ScriptedImporter) -> (artifact id: '63ee445041ac83218bd0b63919430527') in 0.0398239 seconds
Number of updated asset objects reloaded before import = 0Number of asset objects unloaded after import = 1

========================================================================
Received Import Request.
  Time since last request: 0.000058 seconds.
  path: Assets/Standard Assets/Image Effects (Pro Only)/_Sources/Shaders/_DepthOfField/DepthOfField34.shader
  artifactKey: Guid(987fb0677d01f43ce8a9dbf12271e668) Importer(2089858483,b0f066a214c2f5e87bad3c948f4d605d)
Start importing Assets/Standard Assets/Image Effects (Pro Only)/_Sources/Shaders/_DepthOfField/DepthOfField34.shader using Guid(987fb0677d01f43ce8a9dbf12271e668) Importer(2089858483,b0f066a214c2f5e87bad3c948f4d605d) (ScriptedImporter) -> (artifact id: '39d2809e9ea68cb6bc9ceadf4f65a84e') in 0.0658885 seconds
Number of updated asset objects reloaded before import = 0Number of asset objects unloaded after import = 1

========================================================================
Received Import Request.
  Time since last request: 0.000049 seconds.
  path: Assets/Standard Assets/Image Effects (Pro Only)/_Sources/Shaders/_BloomAndFlares/BlendOneOne.shader
  artifactKey: Guid(f7898d203e9b94c0dbe2bf9dd5cb32c0) Importer(2089858483,b0f066a214c2f5e87bad3c948f4d605d)
Start importing Assets/Standard Assets/Image Effects (Pro Only)/_Sources/Shaders/_BloomAndFlares/BlendOneOne.shader using Guid(f7898d203e9b94c0dbe2bf9dd5cb32c0) Importer(2089858483,b0f066a214c2f5e87bad3c948f4d605d) (ScriptedImporter) -> (artifact id: 'e2a4be37e3ab4ff7092a97607bad3e0b') in 0.0563819 seconds
Number of updated asset objects reloaded before import = 0Number of asset objects unloaded after import = 1

========================================================================
Received Import Request.
  Time since last request: 0.000510 seconds.
  path: Assets/Standard Assets/Image Effects (Pro Only)/_Sources/Shaders/_Antialiasing/FXAA2.shader
  artifactKey: Guid(cd5b323dcc592457790ff18b528f5e67) Importer(2089858483,b0f066a214c2f5e87bad3c948f4d605d)
Start importing Assets/Standard Assets/Image Effects (Pro Only)/_Sources/Shaders/_Antialiasing/FXAA2.shader using Guid(cd5b323dcc592457790ff18b528f5e67) Importer(2089858483,b0f066a214c2f5e87bad3c948f4d605d) (ScriptedImporter) -> (artifact id: 'd21f3576c4a6be92ef00d37f0efabfae') in 0.0487165 seconds
Number of updated asset objects reloaded before import = 0Number of asset objects unloaded after import = 1

========================================================================
Received Import Request.
  Time since last request: 0.001547 seconds.
  path: Assets/Standard Assets/Image Effects (Pro Only)/_Sources/Shaders/_DepthOfField/Bokeh34.shader
  artifactKey: Guid(57cdacf9b217546aaa18edf39a6151c0) Importer(2089858483,b0f066a214c2f5e87bad3c948f4d605d)
Start importing Assets/Standard Assets/Image Effects (Pro Only)/_Sources/Shaders/_DepthOfField/Bokeh34.shader using Guid(57cdacf9b217546aaa18edf39a6151c0) Importer(2089858483,b0f066a214c2f5e87bad3c948f4d605d) (ScriptedImporter) -> (artifact id: '3d0c28532219da4b03057e6224c384ae') in 0.0759657 seconds
Number of updated asset objects reloaded before import = 0Number of asset objects unloaded after import = 1

========================================================================
Received Import Request.
  Time since last request: 0.004017 seconds.
  path: Assets/Standard Assets/Image Effects (Pro Only)/_Sources/Shaders/_DepthOfField/TiltShiftHdrLensBlur.shader
  artifactKey: Guid(bf34d2a25450349699e8ae6456fa7ca9) Importer(2089858483,b0f066a214c2f5e87bad3c948f4d605d)
Start importing Assets/Standard Assets/Image Effects (Pro Only)/_Sources/Shaders/_DepthOfField/TiltShiftHdrLensBlur.shader using Guid(bf34d2a25450349699e8ae6456fa7ca9) Importer(2089858483,b0f066a214c2f5e87bad3c948f4d605d) (ScriptedImporter) -> (artifact id: '4cbc3c5612661cb91336c4d3d74aa5bb') in 0.2027107 seconds
Number of updated asset objects reloaded before import = 0Number of asset objects unloaded after import = 1

========================================================================
Received Import Request.
  Time since last request: 0.081936 seconds.
  path: Assets/NGUI/Scripts/Interaction/UICenterOnChild.cs
  artifactKey: Guid(d35d721694fa0ee48a2d14bddfcbf4a4) Importer(2089858483,b0f066a214c2f5e87bad3c948f4d605d)
Start importing Assets/NGUI/Scripts/Interaction/UICenterOnChild.cs using Guid(d35d721694fa0ee48a2d14bddfcbf4a4) Importer(2089858483,b0f066a214c2f5e87bad3c948f4d605d) (ScriptedImporter) -> (artifact id: '5d2702f5b97ec685d60a0ace55ea76c0') in 0.0817239 seconds
Number of updated asset objects reloaded before import = 0Number of asset objects unloaded after import = 0

========================================================================
Received Import Request.
  Time since last request: 0.002519 seconds.
  path: Assets/SoundManagerPro/Scripts/Classes/SFXGroup.cs
  artifactKey: Guid(5efe91ecd21c286469ff227cfd2a1c22) Importer(2089858483,b0f066a214c2f5e87bad3c948f4d605d)
Start importing Assets/SoundManagerPro/Scripts/Classes/SFXGroup.cs using Guid(5efe91ecd21c286469ff227cfd2a1c22) Importer(2089858483,b0f066a214c2f5e87bad3c948f4d605d) (ScriptedImporter) -> (artifact id: 'e254e8e154fe485a9703564ff1c448b2') in 0.0397891 seconds
Number of updated asset objects reloaded before import = 0Number of asset objects unloaded after import = 0

========================================================================
Received Import Request.
  Time since last request: 0.001869 seconds.
  path: Assets/Dialoguer/DialogueEditor/Textures/GUI/Light/connector_empty_normal.png
  artifactKey: Guid(ebf5eae36ad694c1794b31f0ed77e007) Importer(2089858483,b0f066a214c2f5e87bad3c948f4d605d)
Start importing Assets/Dialoguer/DialogueEditor/Textures/GUI/Light/connector_empty_normal.png using Guid(ebf5eae36ad694c1794b31f0ed77e007) Importer(2089858483,b0f066a214c2f5e87bad3c948f4d605d) (ScriptedImporter) -> (artifact id: 'c26e7333b0d8194c80524146c9415c83') in 0.0647471 seconds
Number of updated asset objects reloaded before import = 0Number of asset objects unloaded after import = 1

========================================================================
Received Import Request.
  Time since last request: 0.002494 seconds.
  path: Assets/Models/Boat/barrel.fbx
  artifactKey: Guid(51a63cf60482ef64ca01c10207fabf9a) Importer(2089858483,b0f066a214c2f5e87bad3c948f4d605d)
Start importing Assets/Models/Boat/barrel.fbx using Guid(51a63cf60482ef64ca01c10207fabf9a) Importer(2089858483,b0f066a214c2f5e87bad3c948f4d605d) (ScriptedImporter) -> (artifact id: '8087deecbb45778936c06b81d0b1c2ab') in 0.1101042 seconds
Number of updated asset objects reloaded before import = 0Number of asset objects unloaded after import = 17

========================================================================
Received Import Request.
  Time since last request: 0.000704 seconds.
  path: Assets/Dialoguer/Dialoguer/Scripts/Phases/EmptyPhase.cs
  artifactKey: Guid(b1996080c91e54cbcac0194226ae10f3) Importer(2089858483,b0f066a214c2f5e87bad3c948f4d605d)
Start importing Assets/Dialoguer/Dialoguer/Scripts/Phases/EmptyPhase.cs using Guid(b1996080c91e54cbcac0194226ae10f3) Importer(2089858483,b0f066a214c2f5e87bad3c948f4d605d) (ScriptedImporter) -> (artifact id: 'b37054021c1d7d5b5f14a3413c2910e6') in 0.1041837 seconds
Number of updated asset objects reloaded before import = 0Number of asset objects unloaded after import = 0

========================================================================
Received Import Request.
  Time since last request: 0.000075 seconds.
  path: Assets/NGUI/Examples/Atlases/Fantasy/Fantasy Font - Normal.txt
  artifactKey: Guid(ad5ef776461ab4649b17aed42c0cea38) Importer(2089858483,b0f066a214c2f5e87bad3c948f4d605d)
Start importing Assets/NGUI/Examples/Atlases/Fantasy/Fantasy Font - Normal.txt using Guid(ad5ef776461ab4649b17aed42c0cea38) Importer(2089858483,b0f066a214c2f5e87bad3c948f4d605d) (ScriptedImporter) -> (artifact id: '4ee6a5992ff256ad363b7ab2d97b28b5') in 0.1143264 seconds
Number of updated asset objects reloaded before import = 0Number of asset objects unloaded after import = 1

========================================================================
Received Import Request.
  Time since last request: 0.002780 seconds.
  path: Assets/DialoguerExamples/Old School RPG/Textures/DialogueBoxBorder.png
  artifactKey: Guid(975cf1f8ec8c64c96a173c88d0bf9b4d) Importer(2089858483,b0f066a214c2f5e87bad3c948f4d605d)
Start importing Assets/DialoguerExamples/Old School RPG/Textures/DialogueBoxBorder.png using Guid(975cf1f8ec8c64c96a173c88d0bf9b4d) Importer(2089858483,b0f066a214c2f5e87bad3c948f4d605d) (ScriptedImporter) -> (artifact id: 'b9682b3c04533ddd7f102e1e131defc5') in 0.2204265 seconds
Number of updated asset objects reloaded before import = 0Number of asset objects unloaded after import = 1

========================================================================
Received Import Request.
  Time since last request: 0.000075 seconds.
  path: Assets/Models/Materials/lambert1.mat
  artifactKey: Guid(36cafa62afdd26141af09d9aba236d86) Importer(2089858483,b0f066a214c2f5e87bad3c948f4d605d)
Start importing Assets/Models/Materials/lambert1.mat using Guid(36cafa62afdd26141af09d9aba236d86) Importer(2089858483,b0f066a214c2f5e87bad3c948f4d605d) (ScriptedImporter) -> (artifact id: 'faaf6f131722508619b0295dc5b53e8a') in 0.1203961 seconds
Number of updated asset objects reloaded before import = 0Number of asset objects unloaded after import = 1

========================================================================
Received Import Request.
  Time since last request: 0.002777 seconds.
  path: Assets/Scripts/HiResScreenShots.cs
  artifactKey: Guid(9adbf917168543c41b30a9a24b6b0e93) Importer(2089858483,b0f066a214c2f5e87bad3c948f4d605d)
Start importing Assets/Scripts/HiResScreenShots.cs using Guid(9adbf917168543c41b30a9a24b6b0e93) Importer(2089858483,b0f066a214c2f5e87bad3c948f4d605d) (ScriptedImporter) -> (artifact id: '6b19170919506b8fe51a17e93b152d54') in 0.0476899 seconds
Number of updated asset objects reloaded before import = 0Number of asset objects unloaded after import = 0

========================================================================
Received Import Request.
  Time since last request: 0.001371 seconds.
  path: Assets/NGUI/Examples/Scenes/Example 11 - Drag & Drop.unity
  artifactKey: Guid(7d9c1ac4eded11d46b40e7949b834ca1) Importer(2089858483,b0f066a214c2f5e87bad3c948f4d605d)
Start importing Assets/NGUI/Examples/Scenes/Example 11 - Drag & Drop.unity using Guid(7d9c1ac4eded11d46b40e7949b834ca1) Importer(2089858483,b0f066a214c2f5e87bad3c948f4d605d) (ScriptedImporter) -> (artifact id: 'c1fdd565fc73d25de2c4128a084b0dde') in 0.0354533 seconds
Number of updated asset objects reloaded before import = 0Number of asset objects unloaded after import = 1

========================================================================
Received Import Request.
  Time since last request: 0.000033 seconds.
  path: Assets/Models/Character/charWalk03.fbx
  artifactKey: Guid(5916d271e208007449e4f6c104b07605) Importer(2089858483,b0f066a214c2f5e87bad3c948f4d605d)
Start importing Assets/Models/Character/charWalk03.fbx using Guid(5916d271e208007449e4f6c104b07605) Importer(2089858483,b0f066a214c2f5e87bad3c948f4d605d) (ScriptedImporter) -> (artifact id: 'f398776cd9086ca73ab8d44b892e4419') in 0.0967911 seconds
Number of updated asset objects reloaded before import = 0Number of asset objects unloaded after import = 167

========================================================================
Received Import Request.
  Time since last request: 0.002770 seconds.
  path: Assets/Models/Cave/rock01.fbx
  artifactKey: Guid(c9357c99ff2278a4987379b1caa3984a) Importer(2089858483,b0f066a214c2f5e87bad3c948f4d605d)
Start importing Assets/Models/Cave/rock01.fbx using Guid(c9357c99ff2278a4987379b1caa3984a) Importer(2089858483,b0f066a214c2f5e87bad3c948f4d605d) (ScriptedImporter) -> (artifact id: 'de0a55b10b80190e89e9317728241cbd') in 0.0454193 seconds
Number of updated asset objects reloaded before import = 0Number of asset objects unloaded after import = 7

========================================================================
Received Import Request.
  Time since last request: 0.000128 seconds.
  path: Assets/Models/Boat/cornerSupport.fbx
  artifactKey: Guid(9d33717f124b5b94ba28bd411ef4ca49) Importer(2089858483,b0f066a214c2f5e87bad3c948f4d605d)
Start importing Assets/Models/Boat/cornerSupport.fbx using Guid(9d33717f124b5b94ba28bd411ef4ca49) Importer(2089858483,b0f066a214c2f5e87bad3c948f4d605d) (ScriptedImporter) -> (artifact id: 'f986d051bd901baca55c614b10fdc627') in 0.1153221 seconds
Number of updated asset objects reloaded before import = 0Number of asset objects unloaded after import = 19

========================================================================
Received Import Request.
  Time since last request: 0.001828 seconds.
  path: Assets/Models/Water/wavesStraight.fbx
  artifactKey: Guid(9b757d64c7204134e8465e0e3d95b08a) Importer(2089858483,b0f066a214c2f5e87bad3c948f4d605d)
Start importing Assets/Models/Water/wavesStraight.fbx using Guid(9b757d64c7204134e8465e0e3d95b08a) Importer(2089858483,b0f066a214c2f5e87bad3c948f4d605d) (ScriptedImporter) -> (artifact id: '561650adb8d8cc71f8909da63a9349b2') in 0.0569256 seconds
Number of updated asset objects reloaded before import = 0Number of asset objects unloaded after import = 13

========================================================================
Received Import Request.
  Time since last request: 0.000078 seconds.
  path: Assets/Models/Boat/smallBeam.fbx
  artifactKey: Guid(0969bc2011816cd459d4847a6915c6d2) Importer(2089858483,b0f066a214c2f5e87bad3c948f4d605d)
Start importing Assets/Models/Boat/smallBeam.fbx using Guid(0969bc2011816cd459d4847a6915c6d2) Importer(2089858483,b0f066a214c2f5e87bad3c948f4d605d) (ScriptedImporter) -> (artifact id: '35516355319bc6ce79dfe9f6631445a4') in 0.0797069 seconds
Number of updated asset objects reloaded before import = 0Number of asset objects unloaded after import = 9

========================================================================
Received Import Request.
  Time since last request: 0.000145 seconds.
  path: Assets/Scripts/MoveWithPlatform.cs
  artifactKey: Guid(31c11c3d23322af4d8f0c21c56593cda) Importer(2089858483,b0f066a214c2f5e87bad3c948f4d605d)
Start importing Assets/Scripts/MoveWithPlatform.cs using Guid(31c11c3d23322af4d8f0c21c56593cda) Importer(2089858483,b0f066a214c2f5e87bad3c948f4d605d) (ScriptedImporter) -> (artifact id: '3c65b71202dd73a52ac99992193b06a9') in 0.0516465 seconds
Number of updated asset objects reloaded before import = 0Number of asset objects unloaded after import = 0

========================================================================
Received Import Request.
  Time since last request: 0.004362 seconds.
  path: Assets/SoundManagerPro/Demo/SoundManagerProDemoScenePart3.unity
  artifactKey: Guid(e7b0079dcf7f1b442922739c335548ff) Importer(2089858483,b0f066a214c2f5e87bad3c948f4d605d)
Start importing Assets/SoundManagerPro/Demo/SoundManagerProDemoScenePart3.unity using Guid(e7b0079dcf7f1b442922739c335548ff) Importer(2089858483,b0f066a214c2f5e87bad3c948f4d605d) (ScriptedImporter) -> (artifact id: '166b8da2e179d37218ca438bd5c38e5e') in 0.0630605 seconds
Number of updated asset objects reloaded before import = 0Number of asset objects unloaded after import = 1

========================================================================
Received Import Request.
  Time since last request: 0.000087 seconds.
  path: Assets/Models/Hus/fireplace01.fbx
  artifactKey: Guid(44baf96f94126ed49860756c1235a4fd) Importer(2089858483,b0f066a214c2f5e87bad3c948f4d605d)
Start importing Assets/Models/Hus/fireplace01.fbx using Guid(44baf96f94126ed49860756c1235a4fd) Importer(2089858483,b0f066a214c2f5e87bad3c948f4d605d) (ScriptedImporter) -> (artifact id: 'f0340870d5cf7776c94699deae855ed3') in 0.0452789 seconds
Number of updated asset objects reloaded before import = 0Number of asset objects unloaded after import = 7

========================================================================
Received Import Request.
  Time since last request: 0.000059 seconds.
  path: Assets/ScreenDrops/_Shaders/screendropsNormal.shader
  artifactKey: Guid(b2eaac9a017707e47af891b82952352b) Importer(2089858483,b0f066a214c2f5e87bad3c948f4d605d)
Start importing Assets/ScreenDrops/_Shaders/screendropsNormal.shader using Guid(b2eaac9a017707e47af891b82952352b) Importer(2089858483,b0f066a214c2f5e87bad3c948f4d605d) (ScriptedImporter) -> (artifact id: 'cb1fde1517679f03af40839f4b89c693') in 0.0553564 seconds
Number of updated asset objects reloaded before import = 0Number of asset objects unloaded after import = 1

========================================================================
Received Import Request.
  Time since last request: 0.008173 seconds.
  path: Assets/Editor/Image Effects/AntialiasingAsPostEffectEditor.js
  artifactKey: Guid(36f48f2018eba4c07a9ed16f79126f55) Importer(2089858483,b0f066a214c2f5e87bad3c948f4d605d)
Start importing Assets/Editor/Image Effects/AntialiasingAsPostEffectEditor.js using Guid(36f48f2018eba4c07a9ed16f79126f55) Importer(2089858483,b0f066a214c2f5e87bad3c948f4d605d) (ScriptedImporter) -> (artifact id: '3bc474288df63b0ddef4bdfe03b2c646') in 0.0703784 seconds
Number of updated asset objects reloaded before import = 0Number of asset objects unloaded after import = 1

========================================================================
Received Import Request.
  Time since last request: 0.007005 seconds.
  path: Assets/Scripts/IKTest.cs
  artifactKey: Guid(2cc569bc35fd97a4cb27192b69de75ce) Importer(2089858483,b0f066a214c2f5e87bad3c948f4d605d)
Start importing Assets/Scripts/IKTest.cs using Guid(2cc569bc35fd97a4cb27192b69de75ce) Importer(2089858483,b0f066a214c2f5e87bad3c948f4d605d) (ScriptedImporter) -> (artifact id: 'cfce452fc68c8ca17b2092b9ed88938c') in 0.1186421 seconds
Number of updated asset objects reloaded before import = 0Number of asset objects unloaded after import = 0

========================================================================
Received Import Request.
  Time since last request: 0.006300 seconds.
  path: Assets/Animations/DefaultAvatar.fbm/body_specular_map.tga
  artifactKey: Guid(df5b13d72b33c2545bfbb5f3247c6cc2) Importer(2089858483,b0f066a214c2f5e87bad3c948f4d605d)
Start importing Assets/Animations/DefaultAvatar.fbm/body_specular_map.tga using Guid(df5b13d72b33c2545bfbb5f3247c6cc2) Importer(2089858483,b0f066a214c2f5e87bad3c948f4d605d) (ScriptedImporter) -> (artifact id: 'c36cc7e8affb4e826d3b2ca7d9ba5145') in 0.1089482 seconds
Number of updated asset objects reloaded before import = 0Number of asset objects unloaded after import = 1

========================================================================
Received Import Request.
  Time since last request: 0.002325 seconds.
  path: Assets/Models/Cave/secondCave01.fbx
  artifactKey: Guid(10c0d3f4b7e3bdc4b9be179072989687) Importer(2089858483,b0f066a214c2f5e87bad3c948f4d605d)
Start importing Assets/Models/Cave/secondCave01.fbx using Guid(10c0d3f4b7e3bdc4b9be179072989687) Importer(2089858483,b0f066a214c2f5e87bad3c948f4d605d) (ScriptedImporter) -> (artifact id: 'f8216e02b2dd4617a0b5c882999985c0') in 0.1274677 seconds
Number of updated asset objects reloaded before import = 0Number of asset objects unloaded after import = 7

========================================================================
Received Import Request.
  Time since last request: 0.000078 seconds.
  path: Assets/Prefabs/Boat/topRailing.prefab
  artifactKey: Guid(6df41a574b1a3e34899f267c055e1ff6) Importer(2089858483,b0f066a214c2f5e87bad3c948f4d605d)
Start importing Assets/Prefabs/Boat/topRailing.prefab using Guid(6df41a574b1a3e34899f267c055e1ff6) Importer(2089858483,b0f066a214c2f5e87bad3c948f4d605d) (ScriptedImporter) -> (artifact id: '4ffa0b5cc00f5bfc857aa43446996d47') in 0.0812381 seconds
Number of updated asset objects reloaded before import = 0Number of asset objects unloaded after import = 14

========================================================================
Received Import Request.
  Time since last request: 0.000086 seconds.
  path: Assets/Sounds/Ambient/fire.wav
  artifactKey: Guid(1ae0f76d8140da04e90e0d9a707ef2af) Importer(2089858483,b0f066a214c2f5e87bad3c948f4d605d)
Start importing Assets/Sounds/Ambient/fire.wav using Guid(1ae0f76d8140da04e90e0d9a707ef2af) Importer(2089858483,b0f066a214c2f5e87bad3c948f4d605d) (ScriptedImporter) -> (artifact id: '0c0fcb0d3707579b2794cec38c5f3de4') in 0.1872056 seconds
Number of updated asset objects reloaded before import = 0Number of asset objects unloaded after import = 1

========================================================================
Received Import Request.
  Time since last request: 0.000318 seconds.
  path: Assets/Animations/DefaultAvatar.fbm/body_color_map.tga
  artifactKey: Guid(65172773270454b4f932f3c541a2fd41) Importer(2089858483,b0f066a214c2f5e87bad3c948f4d605d)
Start importing Assets/Animations/DefaultAvatar.fbm/body_color_map.tga using Guid(65172773270454b4f932f3c541a2fd41) Importer(2089858483,b0f066a214c2f5e87bad3c948f4d605d) (ScriptedImporter) -> (artifact id: '305dffa3f035d4dc9255618a3dac0f39') in 0.0898018 seconds
Number of updated asset objects reloaded before import = 0Number of asset objects unloaded after import = 1

========================================================================
Received Import Request.
  Time since last request: 0.005640 seconds.
  path: Assets/Standard Assets/Image Effects (Pro Only)/AmbientObscurance.js
  artifactKey: Guid(43d955acba56d47d3be0eb7eef88325c) Importer(2089858483,b0f066a214c2f5e87bad3c948f4d605d)
Start importing Assets/Standard Assets/Image Effects (Pro Only)/AmbientObscurance.js using Guid(43d955acba56d47d3be0eb7eef88325c) Importer(2089858483,b0f066a214c2f5e87bad3c948f4d605d) (ScriptedImporter) -> (artifact id: '74e10a05f3416d2c3b3f80223b997492') in 0.1309977 seconds
Number of updated asset objects reloaded before import = 0Number of asset objects unloaded after import = 1

========================================================================
Received Import Request.
  Time since last request: 0.000158 seconds.
  path: Assets/DialoguerExamples/Old School RPG/SFX/text_end.wav
  artifactKey: Guid(c5e55fb02bf804b5e8495fdd6f5edb2a) Importer(2089858483,b0f066a214c2f5e87bad3c948f4d605d)
Start importing Assets/DialoguerExamples/Old School RPG/SFX/text_end.wav using Guid(c5e55fb02bf804b5e8495fdd6f5edb2a) Importer(2089858483,b0f066a214c2f5e87bad3c948f4d605d) (ScriptedImporter) -> (artifact id: 'f9ab047bb98b452d538cb205ccfe8e8f') in 0.1672101 seconds
Number of updated asset objects reloaded before import = 0Number of asset objects unloaded after import = 1

========================================================================
Received Import Request.
  Time since last request: 0.000037 seconds.
  path: Assets/Prefabs/Cave/runestoneLift.prefab
  artifactKey: Guid(5e5b14d3392b02142b956e510e2e571c) Importer(2089858483,b0f066a214c2f5e87bad3c948f4d605d)
Start importing Assets/Prefabs/Cave/runestoneLift.prefab using Guid(5e5b14d3392b02142b956e510e2e571c) Importer(2089858483,b0f066a214c2f5e87bad3c948f4d605d) (ScriptedImporter) -> (artifact id: '764a2d3232626e2ad1332081851fdfea') in 0.0875679 seconds
Number of updated asset objects reloaded before import = 0Number of asset objects unloaded after import = 34

========================================================================
Received Import Request.
  Time since last request: 0.000133 seconds.
  path: Assets/Models/Cave/chair1.fbx
  artifactKey: Guid(3583c997f27bb644d8d8b9e54f518268) Importer(2089858483,b0f066a214c2f5e87bad3c948f4d605d)
Start importing Assets/Models/Cave/chair1.fbx using Guid(3583c997f27bb644d8d8b9e54f518268) Importer(2089858483,b0f066a214c2f5e87bad3c948f4d605d) (ScriptedImporter) -> (artifact id: '515d4745c57c99d4d17f247c19e406b2') in 0.1155512 seconds
Number of updated asset objects reloaded before import = 0Number of asset objects unloaded after import = 29

========================================================================
Received Import Request.
  Time since last request: 0.000100 seconds.
  path: Assets/Shaders/NoNormals_CutoffGlowInSteps.shader
  artifactKey: Guid(6e77194877983b04bb1c5bdce9ae8e88) Importer(2089858483,b0f066a214c2f5e87bad3c948f4d605d)
Start importing Assets/Shaders/NoNormals_CutoffGlowInSteps.shader using Guid(6e77194877983b04bb1c5bdce9ae8e88) Importer(2089858483,b0f066a214c2f5e87bad3c948f4d605d) (ScriptedImporter) -> (artifact id: '804988d0c11d73c5e5258c0bdf027428') in 0.0467757 seconds
Number of updated asset objects reloaded before import = 0Number of asset objects unloaded after import = 1

========================================================================
Received Import Request.
  Time since last request: 0.000364 seconds.
  path: Assets/NGUI/Examples/Scenes/Tutorial 11 - Popup List.unity
  artifactKey: Guid(990d6e5744591ce47a61262e6b9d4c64) Importer(2089858483,b0f066a214c2f5e87bad3c948f4d605d)
Start importing Assets/NGUI/Examples/Scenes/Tutorial 11 - Popup List.unity using Guid(990d6e5744591ce47a61262e6b9d4c64) Importer(2089858483,b0f066a214c2f5e87bad3c948f4d605d) (ScriptedImporter) -> (artifact id: '2f5dada1c9b59eb7d1ce6858c893e956') in 0.0707136 seconds
Number of updated asset objects reloaded before import = 0Number of asset objects unloaded after import = 1

========================================================================
Received Import Request.
  Time since last request: 0.000084 seconds.
  path: Assets/DialoguerExamples/NextGen RPG/Textures/normal_top_right.png
  artifactKey: Guid(5e59f768baeee416ab4d59bd5a627d6f) Importer(2089858483,b0f066a214c2f5e87bad3c948f4d605d)
Start importing Assets/DialoguerExamples/NextGen RPG/Textures/normal_top_right.png using Guid(5e59f768baeee416ab4d59bd5a627d6f) Importer(2089858483,b0f066a214c2f5e87bad3c948f4d605d) (ScriptedImporter) -> (artifact id: 'd6bb339abd3c6819cab23b6b5bd890bc') in 0.0664868 seconds
Number of updated asset objects reloaded before import = 0Number of asset objects unloaded after import = 1

========================================================================
Received Import Request.
  Time since last request: 0.000174 seconds.
  path: Assets/Scripts/LightFadeout.cs
  artifactKey: Guid(4136411ff95257a40901260d838f4a1f) Importer(2089858483,b0f066a214c2f5e87bad3c948f4d605d)
Start importing Assets/Scripts/LightFadeout.cs using Guid(4136411ff95257a40901260d838f4a1f) Importer(2089858483,b0f066a214c2f5e87bad3c948f4d605d) (ScriptedImporter) -> (artifact id: 'bb5d6d25e48e6299ee42c40c88b1f2e6') in 0.0331294 seconds
Number of updated asset objects reloaded before import = 0Number of asset objects unloaded after import = 0

========================================================================
Received Import Request.
  Time since last request: 0.000128 seconds.
  path: Assets/Scripts/Windgusts.cs
  artifactKey: Guid(0ab3b86ff1ed1b24c8927481e4e16b68) Importer(2089858483,b0f066a214c2f5e87bad3c948f4d605d)
Start importing Assets/Scripts/Windgusts.cs using Guid(0ab3b86ff1ed1b24c8927481e4e16b68) Importer(2089858483,b0f066a214c2f5e87bad3c948f4d605d) (ScriptedImporter) -> (artifact id: '743f6b1f83dc227f7e1469b86bf93377') in 0.0319183 seconds
Number of updated asset objects reloaded before import = 0Number of asset objects unloaded after import = 0

========================================================================
Received Import Request.
  Time since last request: 0.000394 seconds.
  path: Assets/SoundManagerPro/Demo/SoundManagerProDemoScene.unity
  artifactKey: Guid(09f3461e83a2db84ca5057431a356cd0) Importer(2089858483,b0f066a214c2f5e87bad3c948f4d605d)
Start importing Assets/SoundManagerPro/Demo/SoundManagerProDemoScene.unity using Guid(09f3461e83a2db84ca5057431a356cd0) Importer(2089858483,b0f066a214c2f5e87bad3c948f4d605d) (ScriptedImporter) -> (artifact id: 'e7f164f380cdb5003b094b80af4adba1') in 0.0329586 seconds
Number of updated asset objects reloaded before import = 0Number of asset objects unloaded after import = 1

========================================================================
Received Import Request.
  Time since last request: 0.000039 seconds.
  path: Assets/Textures/Background/net01.psd
  artifactKey: Guid(60b7fab11aa2c214d861f1e58e787c12) Importer(2089858483,b0f066a214c2f5e87bad3c948f4d605d)
Start importing Assets/Textures/Background/net01.psd using Guid(60b7fab11aa2c214d861f1e58e787c12) Importer(2089858483,b0f066a214c2f5e87bad3c948f4d605d) (ScriptedImporter) -> (artifact id: 'ddedee1490fa9762b5789de97c78b2dd') in 0.0463674 seconds
Number of updated asset objects reloaded before import = 0Number of asset objects unloaded after import = 1

========================================================================
Received Import Request.
  Time since last request: 0.000036 seconds.
  path: Assets/Models/Cave/runestoneLift.fbx
  artifactKey: Guid(f9755676b5784614286debf39e4f7547) Importer(2089858483,b0f066a214c2f5e87bad3c948f4d605d)
Start importing Assets/Models/Cave/runestoneLift.fbx using Guid(f9755676b5784614286debf39e4f7547) Importer(2089858483,b0f066a214c2f5e87bad3c948f4d605d) (ScriptedImporter) -> (artifact id: 'b85e73e9143bf370250b0849dc543393') in 0.0495939 seconds
Number of updated asset objects reloaded before import = 0Number of asset objects unloaded after import = 30

========================================================================
Received Import Request.
  Time since last request: 0.000045 seconds.
  path: Assets/Scripts/Actions/StartParticles.cs
  artifactKey: Guid(6e67aabedada15941a16992b9d1bb4f0) Importer(2089858483,b0f066a214c2f5e87bad3c948f4d605d)
Start importing Assets/Scripts/Actions/StartParticles.cs using Guid(6e67aabedada15941a16992b9d1bb4f0) Importer(2089858483,b0f066a214c2f5e87bad3c948f4d605d) (ScriptedImporter) -> (artifact id: 'e3a08b7e3fb747ab9d841d9952370445') in 0.037463 seconds
Number of updated asset objects reloaded before import = 0Number of asset objects unloaded after import = 0

========================================================================
Received Import Request.
  Time since last request: 0.000130 seconds.
  path: Assets/Editor/Image Effects/TonemappingEditor.js
  artifactKey: Guid(49b4d4c810eb44642b415cf62b24efe3) Importer(2089858483,b0f066a214c2f5e87bad3c948f4d605d)
Start importing Assets/Editor/Image Effects/TonemappingEditor.js using Guid(49b4d4c810eb44642b415cf62b24efe3) Importer(2089858483,b0f066a214c2f5e87bad3c948f4d605d) (ScriptedImporter) -> (artifact id: '253749f052172de5a0140cfd8b5e129e') in 0.0790393 seconds
Number of updated asset objects reloaded before import = 0Number of asset objects unloaded after import = 1

========================================================================
Received Prepare
Refreshing native plugins compatible for Editor in 0.01 ms, found 0 plugins.
Preloading 0 native plugins for Editor in 0.00 ms.
Unloading 3 Unused Serialized files (Serialized files now loaded: 0)
Unloading 409 unused Assets / (438.1 KB). Loaded Objects now: 1112.
Memory consumption went from 86.1 MB to 85.7 MB.
Total: 1166.876400 ms (FindLiveObjects: 11.180200 ms CreateObjectMapping: 0.158000 ms MarkObjects: 1134.783400 ms  DeleteObjects: 20.747800 ms)

Prepare: number of updated asset objects reloaded= 0
========================================================================
Received Import Request.
  Time since last request: 685.185669 seconds.
  path: Assets/Scripts/MirrorReflection.cs
  artifactKey: Guid(f76877309cb6ec949ae7b8713e534913) Importer(2089858483,b0f066a214c2f5e87bad3c948f4d605d)
Start importing Assets/Scripts/MirrorReflection.cs using Guid(f76877309cb6ec949ae7b8713e534913) Importer(2089858483,b0f066a214c2f5e87bad3c948f4d605d) (ScriptedImporter) -> (artifact id: '40c415ba75bc6cbc34cf714d9cae44c3') in 1.4647843 seconds
Number of updated asset objects reloaded before import = 0Number of asset objects unloaded after import = 0

========================================================================
Received Import Request.
  Time since last request: 0.000387 seconds.
  path: Assets/Dialoguer/DialogueEditor/Scripts/Objects/DialogueObjects/DialogueEditorPhaseObject.cs
  artifactKey: Guid(d3f678adf785742a1a5740981633ea70) Importer(2089858483,b0f066a214c2f5e87bad3c948f4d605d)
Start importing Assets/Dialoguer/DialogueEditor/Scripts/Objects/DialogueObjects/DialogueEditorPhaseObject.cs using Guid(d3f678adf785742a1a5740981633ea70) Importer(2089858483,b0f066a214c2f5e87bad3c948f4d605d) (ScriptedImporter) -> (artifact id: 'bac4c1d3880cee4ae67f141aecc708ea') in 0.0678284 seconds
Number of updated asset objects reloaded before import = 0Number of asset objects unloaded after import = 0

========================================================================
Received Import Request.
  Time since last request: 0.001806 seconds.
  path: Assets/Scripts/HiResScreenShots.cs
  artifactKey: Guid(9adbf917168543c41b30a9a24b6b0e93) Importer(2089858483,b0f066a214c2f5e87bad3c948f4d605d)
Start importing Assets/Scripts/HiResScreenShots.cs using Guid(9adbf917168543c41b30a9a24b6b0e93) Importer(2089858483,b0f066a214c2f5e87bad3c948f4d605d) (ScriptedImporter) -> (artifact id: 'd6372d1990e176f7467674c2748e4b65') in 0.0500517 seconds
Number of updated asset objects reloaded before import = 0Number of asset objects unloaded after import = 0

