[Licensing::Module] Trying to connect to existing licensing client channel...
Built from '6000.3/staging' branch; Version is '6000.3.9f1 (7a9955a4f2fa) revision 8034645'; Using compiler version '194234433'; Build Type 'Release'
OS: 'Windows 11  (10.0.26100) Core' Language: 'da' Physical Memory: 7930 MB
BatchMode: 1, IsHumanControllingUs: 0, StartBugReporterOnCrash: 0, Is64bit: 1
System  architecture: x64
Process architecture: x64
Date: 2026-02-19T19:56:05Z
[Licensing::IpcConnector] Successfully connected to: "LicenseClient-senge" at "2026-02-19T19:56:05.9064848Z"

COMMAND LINE ARGUMENTS:
C:\Program Files\Unity\Hub\Editor\6000.3.9f1\Editor\Unity.exe
-adb2
-batchMode
-noUpm
-name
AssetImportWorker0
-projectPath
C:/Users/senge/Documents/Projekter/Surtr
-logFile
Logs/AssetImportWorker0.log
-srvPort
61987
-licensingIpc
LicenseClient-senge
-job-worker-count
5
-background-job-worker-count
8
-gc-helper-count
1
-name
AssetImport
Successfully changed project path to: C:/Users/senge/Documents/Projekter/Surtr
C:/Users/senge/Documents/Projekter/Surtr
[UnityMemory] Configuration Parameters - Can be set up in boot.config
    "memorysetup-temp-allocator-size-nav-mesh-worker=65536"
    "memorysetup-temp-allocator-size-audio-worker=65536"
    "memorysetup-temp-allocator-size-gfx=262144"
    "memorysetup-allocator-temp-initial-block-size-main=262144"
    "memorysetup-allocator-temp-initial-block-size-worker=262144"
    "memorysetup-temp-allocator-size-background-worker=32768"
    "memorysetup-temp-allocator-size-job-worker=262144"
    "memorysetup-temp-allocator-size-preload-manager=33554432"
    "memorysetup-temp-allocator-size-gi-baking-worker=262144"
    "memorysetup-temp-allocator-size-gi-baking-worker=262144"
    "memorysetup-temp-allocator-size-gi-baking-worker=262144"
    "memorysetup-temp-allocator-size-gi-baking-worker=262144"
    "memorysetup-temp-allocator-size-gi-baking-worker=262144"
    "memorysetup-bucket-allocator-granularity=16"
    "memorysetup-bucket-allocator-bucket-count=8"
    "memorysetup-bucket-allocator-block-size=33554432"
    "memorysetup-bucket-allocator-block-count=8"
    "memorysetup-main-allocator-block-size=16777216"
    "memorysetup-thread-allocator-block-size=16777216"
    "memorysetup-gfx-main-allocator-block-size=16777216"
    "memorysetup-gfx-thread-allocator-block-size=16777216"
    "memorysetup-cache-allocator-block-size=4194304"
    "memorysetup-typetree-allocator-block-size=2097152"
    "memorysetup-profiler-bucket-allocator-granularity=16"
    "memorysetup-profiler-bucket-allocator-bucket-count=8"
    "memorysetup-profiler-bucket-allocator-block-size=33554432"
    "memorysetup-profiler-bucket-allocator-block-count=8"
    "memorysetup-profiler-allocator-block-size=16777216"
    "memorysetup-profiler-editor-allocator-block-size=1048576"
    "memorysetup-temp-allocator-size-main=16777216"
    "memorysetup-job-temp-allocator-block-size=2097152"
    "memorysetup-job-temp-allocator-block-size-background=1048576"
    "memorysetup-job-temp-allocator-reduction-small-platforms=262144"
    "memorysetup-temp-allocator-size-cloud-worker=32768"
Player connection [12524]  Target information:

Player connection [12524]  * "[IP] 192.168.8.151 [Port] 0 [Flags] 2 [Guid] 1907045337 [EditorId] 1907045337 [Version] 1048832 [Id] WindowsEditor(7,SimonLaptop) [Debug] 1 [PackageName] WindowsEditor [ProjectName] Editor" 

Player connection [12524] Host joined multi-casting on [225.0.0.222:54997]...
Player connection [12524] Host joined alternative multi-casting on [225.0.0.222:34997]...
JobSystem: Creating JobQueue using job-worker-count value 5
Input System module state changed to: Initialized.
[Physics::Module] Initialized fallback backend.
[Physics::Module] Id: 0xdecafbad
Library Redirect Path: Library/
[Physics::Module] Selected backend.
[Physics::Module] Name: PhysX
[Physics::Module] Id: 0xf2b8ea05
[Physics::Module] SDK Version: 4.1.2
[Physics::Module] Integration Version: 1.0.0
[Physics::Module] Threading Mode: Multi-Threaded
Refreshing native plugins compatible for Editor in 0.00 ms, found 0 plugins.
Preloading 0 native plugins for Editor in 0.00 ms.
Initialize engine version: 6000.3.9f1 (7a9955a4f2fa)
[Subsystems] Discovering subsystems at path C:/Program Files/Unity/Hub/Editor/6000.3.9f1/Editor/Data/Resources/UnitySubsystems
[Subsystems] Discovering subsystems at path C:/Users/senge/Documents/Projekter/Surtr/Assets
GfxDevice: creating device client; kGfxThreadingModeNonThreaded
Direct3D:
    Version:  Direct3D 11.0 [level 11.1]
    Renderer: NVIDIA GeForce RTX 3050 Laptop GPU (ID=0x25a2)
    Vendor:   NVIDIA
    VRAM:     3964 MB
    Driver:   32.0.15.8157
Initialize mono
Mono path[0] = 'C:/Program Files/Unity/Hub/Editor/6000.3.9f1/Editor/Data/Managed'
Mono path[1] = 'C:/Program Files/Unity/Hub/Editor/6000.3.9f1/Editor/Data/MonoBleedingEdge/lib/mono/unityjit-win32'
Mono config path = 'C:/Program Files/Unity/Hub/Editor/6000.3.9f1/Editor/Data/MonoBleedingEdge/etc'
Using monoOptions --debugger-agent=transport=dt_socket,embedding=1,server=y,suspend=n,address=127.0.0.1:56040
Begin MonoManager ReloadAssembly
[Licensing::Client] Error: HandshakeResponse reported an error:
	ResponseCode: 505
	ResponseStatus: Unsupported protocol version '1.17.4'.
[Licensing::Module] Error: Failed to handshake to channel: "LicenseClient-senge"
[Licensing::IpcConnector] LicenseClient-senge channel disconnected successfully.
[Licensing::IpcConnector] Successfully connected to: "LicenseClient-senge-6000.3.9" at "2026-02-19T19:56:08.8762607Z"
Registering precompiled unity dll's ...
Register platform support module: C:/Program Files/Unity/Hub/Editor/6000.3.9f1/Editor/Data/PlaybackEngines/WindowsStandaloneSupport/UnityEditor.WindowsStandalone.Extensions.dll
Registered in 0.019500 seconds.
- Loaded All Assemblies, in  2.397 seconds
Native extension for WindowsStandalone target not found
[Licensing::Client] Handshaking with LicensingClient:
  Version:                 1.17.4+4293ba1
  Session Id:              3767b414f5544944a155418bbfb082e2
  Correlation Id:          6f176870a12c01753aacf1ea0f53cc4c
  External correlation Id: 7053332269114556579
  Machine Id:              UFT3eLbZHOANXUMtVnUG8ewYMgE=
[Licensing::Module] Successfully connected to LicensingClient on channel: "LicenseClient-senge-6000.3.9" (connect: 0.01s, validation: 0.00s, handshake: 3.05s)
[Licensing::IpcConnector] Successfully connected to: "LicenseClient-senge-6000.3.9-notifications" at "2026-02-19T19:56:11.9353759Z"
[Licensing::Module] Licensing Background thread has ended after 6.15s
ScheduleIndexationOnStartup MainProcess:False IndexOnStartup:True
Mono: successfully reloaded assembly
- Finished resetting the current domain, in  1.539 seconds
Domain Reload Profiling: 3931ms
	BeginReloadAssembly (750ms)
		ExecutionOrderSort (0ms)
		DisableScriptedObjects (0ms)
		BackupInstance (0ms)
		ReleaseScriptingObjects (0ms)
		CreateAndSetChildDomain (7ms)
	RebuildCommonClasses (242ms)
	RebuildNativeTypeToScriptingClass (42ms)
	initialDomainReloadingComplete (280ms)
	LoadAllAssembliesAndSetupDomain (1075ms)
		LoadAssemblies (740ms)
		RebuildTransferFunctionScriptingTraits (0ms)
		AnalyzeDomain (1055ms)
			TypeCache.Refresh (1048ms)
				TypeCache.ScanAssembly (971ms)
			BuildScriptInfoCaches (1ms)
			ResolveRequiredComponents (2ms)
	FinalizeReload (1540ms)
		ReleaseScriptCaches (0ms)
		RebuildScriptCaches (0ms)
		SetupLoadedEditorAssemblies (1395ms)
			LogAssemblyErrors (0ms)
			InitializePlatformSupportModulesInManaged (137ms)
			SetLoadedEditorAssemblies (12ms)
			BeforeProcessingInitializeOnLoad (481ms)
			ProcessInitializeOnLoadAttributes (583ms)
			ProcessInitializeOnLoadMethodAttributes (182ms)
			AfterProcessingInitializeOnLoad (0ms)
			EditorAssembliesLoaded (0ms)
		ExecutionOrderSort2 (0ms)
		AwakeInstancesAfterBackupRestoration (0ms)
========================================================================
Worker process is ready to serve import requests
Import Worker Mode flag is 0x00
Begin MonoManager ReloadAssembly
[Licensing::Client] Successfully resolved entitlement details
[Licensing::Module] License group:
  Id: SC-9QAV-EWX4-5J8B-DVWH-XXXX
  Product: Unity Pro
  Type: ULF
  Expiration: 2027-12-25T00:00:00Z
[Licensing::Module] License group:
  Id: 5773839261834-sybo-UnityGamesPrXXXX
  Product: Unity Enterprise
  Type: Assigned
  Expiration: 2027-12-19T00:00:00Z
- Loaded All Assemblies, in  1.510 seconds
Refreshing native plugins compatible for Editor in 0.00 ms, found 0 plugins.
Native extension for WindowsStandalone target not found
ScheduleIndexationOnStartup MainProcess:False IndexOnStartup:True
Mono: successfully reloaded assembly
- Finished resetting the current domain, in  1.441 seconds
Domain Reload Profiling: 2945ms
	BeginReloadAssembly (1180ms)
		ExecutionOrderSort (0ms)
		DisableScriptedObjects (33ms)
		BackupInstance (0ms)
		ReleaseScriptingObjects (0ms)
		CreateAndSetChildDomain (258ms)
	RebuildCommonClasses (139ms)
	RebuildNativeTypeToScriptingClass (46ms)
	initialDomainReloadingComplete (55ms)
	LoadAllAssembliesAndSetupDomain (82ms)
		LoadAssemblies (618ms)
		RebuildTransferFunctionScriptingTraits (0ms)
		AnalyzeDomain (68ms)
			TypeCache.Refresh (35ms)
				TypeCache.ScanAssembly (6ms)
			BuildScriptInfoCaches (14ms)
			ResolveRequiredComponents (6ms)
	FinalizeReload (1442ms)
		ReleaseScriptCaches (0ms)
		RebuildScriptCaches (0ms)
		SetupLoadedEditorAssemblies (1112ms)
			LogAssemblyErrors (0ms)
			InitializePlatformSupportModulesInManaged (7ms)
			SetLoadedEditorAssemblies (13ms)
			BeforeProcessingInitializeOnLoad (468ms)
			ProcessInitializeOnLoadAttributes (500ms)
			ProcessInitializeOnLoadMethodAttributes (111ms)
			AfterProcessingInitializeOnLoad (13ms)
			EditorAssembliesLoaded (0ms)
		ExecutionOrderSort2 (0ms)
		AwakeInstancesAfterBackupRestoration (22ms)
Launched and connected shader compiler UnityShaderCompiler.exe after 0.06 seconds
Refreshing native plugins compatible for Editor in 0.00 ms, found 0 plugins.
Preloading 0 native plugins for Editor in 0.00 ms.
Unloading 3 Unused Serialized files (Serialized files now loaded: 0)
Unloading 408 unused Assets / (435.1 KB). Loaded Objects now: 1102.
Memory consumption went from 81.8 MB to 81.4 MB.
Total: 27.852300 ms (FindLiveObjects: 1.000400 ms CreateObjectMapping: 0.278100 ms MarkObjects: 24.484800 ms  DeleteObjects: 2.083800 ms)

========================================================================
Received Import Request.
  Time since last request: 60672.790869 seconds.
  path: Assets/Materials/Swirl2.mat
  artifactKey: Guid(3273d742675d6534693f8dafbc7d91b4) Importer(2089858483,b0f066a214c2f5e87bad3c948f4d605d)
Start importing Assets/Materials/Swirl2.mat using Guid(3273d742675d6534693f8dafbc7d91b4) Importer(2089858483,b0f066a214c2f5e87bad3c948f4d605d) (ScriptedImporter) -> (artifact id: '889e716bda52629fae776c9e205d4d50') in 0.3978782 seconds
Number of updated asset objects reloaded before import = 0Number of asset objects unloaded after import = 1

========================================================================
Received Import Request.
  Time since last request: 0.000133 seconds.
  path: Assets/Materials/brownTree.mat
  artifactKey: Guid(7ff45ce5c03c27244ace017f3f56a2d3) Importer(2089858483,b0f066a214c2f5e87bad3c948f4d605d)
Start importing Assets/Materials/brownTree.mat using Guid(7ff45ce5c03c27244ace017f3f56a2d3) Importer(2089858483,b0f066a214c2f5e87bad3c948f4d605d) (ScriptedImporter) -> (artifact id: 'dc8eab5115e0d63373d00732bd4fcdaf') in 0.1160811 seconds
Number of updated asset objects reloaded before import = 0Number of asset objects unloaded after import = 1

========================================================================
Received Import Request.
  Time since last request: 0.000052 seconds.
  path: Assets/Materials/InteractCircleB.mat
  artifactKey: Guid(73fc7c993b093a248ba25d1cef921495) Importer(2089858483,b0f066a214c2f5e87bad3c948f4d605d)
Start importing Assets/Materials/InteractCircleB.mat using Guid(73fc7c993b093a248ba25d1cef921495) Importer(2089858483,b0f066a214c2f5e87bad3c948f4d605d) (ScriptedImporter) -> (artifact id: 'd00a797d25100d592a3eaed8f7dd802f') in 0.0736534 seconds
Number of updated asset objects reloaded before import = 0Number of asset objects unloaded after import = 2

========================================================================
Received Import Request.
  Time since last request: 0.000098 seconds.
  path: Assets/Materials/GeneralTransparent.mat
  artifactKey: Guid(3a8a6fdf34d62ab4b8df7914f2af0d8d) Importer(2089858483,b0f066a214c2f5e87bad3c948f4d605d)
Start importing Assets/Materials/GeneralTransparent.mat using Guid(3a8a6fdf34d62ab4b8df7914f2af0d8d) Importer(2089858483,b0f066a214c2f5e87bad3c948f4d605d) (ScriptedImporter) -> (artifact id: 'c4736c6c2f7a1115d971c17d43b15ae9') in 0.0538134 seconds
Number of updated asset objects reloaded before import = 0Number of asset objects unloaded after import = 2

========================================================================
Received Import Request.
  Time since last request: 0.000057 seconds.
  path: Assets/Materials/Smoke01.mat
  artifactKey: Guid(9996e071d30c90b4798d9ab5cd73ed42) Importer(2089858483,b0f066a214c2f5e87bad3c948f4d605d)
Start importing Assets/Materials/Smoke01.mat using Guid(9996e071d30c90b4798d9ab5cd73ed42) Importer(2089858483,b0f066a214c2f5e87bad3c948f4d605d) (ScriptedImporter) -> (artifact id: '0aa831351b31c878c1196777179d3190') in 0.0661356 seconds
Number of updated asset objects reloaded before import = 0Number of asset objects unloaded after import = 2

========================================================================
Received Import Request.
  Time since last request: 0.000078 seconds.
  path: Assets/Animations/General_anim_Collection.FBX
  artifactKey: Guid(e608db8444c727140bae33c95e73b20f) Importer(2089858483,b0f066a214c2f5e87bad3c948f4d605d)
Start importing Assets/Animations/General_anim_Collection.FBX using Guid(e608db8444c727140bae33c95e73b20f) Importer(2089858483,b0f066a214c2f5e87bad3c948f4d605d) (ScriptedImporter) -> (artifact id: 'bad7f9f446e1fbe0379ea030174d182f') in 0.2216005 seconds
Number of updated asset objects reloaded before import = 0Number of asset objects unloaded after import = 77

========================================================================
Received Import Request.
  Time since last request: 0.000036 seconds.
  path: Assets/Prefabs/EnableSnowFeet.prefab
  artifactKey: Guid(1b14effc5e357f943bbc67e45aa8459d) Importer(2089858483,b0f066a214c2f5e87bad3c948f4d605d)
Start importing Assets/Prefabs/EnableSnowFeet.prefab using Guid(1b14effc5e357f943bbc67e45aa8459d) Importer(2089858483,b0f066a214c2f5e87bad3c948f4d605d) (ScriptedImporter) -> (artifact id: '0503b4aedccf50f9b3271350105d9139') in 0.0768899 seconds
Number of updated asset objects reloaded before import = 0Number of asset objects unloaded after import = 7

========================================================================
Received Import Request.
  Time since last request: 0.000053 seconds.
  path: Assets/Materials/Wood.mat
  artifactKey: Guid(a1628019eab9d1647b5db01ecc0d07c6) Importer(2089858483,b0f066a214c2f5e87bad3c948f4d605d)
Start importing Assets/Materials/Wood.mat using Guid(a1628019eab9d1647b5db01ecc0d07c6) Importer(2089858483,b0f066a214c2f5e87bad3c948f4d605d) (ScriptedImporter) -> (artifact id: '9b5c5edb74d632faec0d9ca978f61781') in 0.0427874 seconds
Number of updated asset objects reloaded before import = 0Number of asset objects unloaded after import = 1

========================================================================
Received Import Request.
  Time since last request: 0.000035 seconds.
  path: Assets/Materials/Tree01.mat
  artifactKey: Guid(dd6b66d60893ff34ea52f97a22acad96) Importer(2089858483,b0f066a214c2f5e87bad3c948f4d605d)
Start importing Assets/Materials/Tree01.mat using Guid(dd6b66d60893ff34ea52f97a22acad96) Importer(2089858483,b0f066a214c2f5e87bad3c948f4d605d) (ScriptedImporter) -> (artifact id: 'a86d2b79d57ca14fcbc8c3e453b0dcda') in 0.052621 seconds
Number of updated asset objects reloaded before import = 0Number of asset objects unloaded after import = 1

========================================================================
Received Import Request.
  Time since last request: 0.000026 seconds.
  path: Assets/Materials/House.mat
  artifactKey: Guid(9145dd9c084709449a296a685679fbff) Importer(2089858483,b0f066a214c2f5e87bad3c948f4d605d)
Start importing Assets/Materials/House.mat using Guid(9145dd9c084709449a296a685679fbff) Importer(2089858483,b0f066a214c2f5e87bad3c948f4d605d) (ScriptedImporter) -> (artifact id: '16a79b23799f12836c38c1ba89e3e11f') in 0.0605278 seconds
Number of updated asset objects reloaded before import = 0Number of asset objects unloaded after import = 1

========================================================================
Received Import Request.
  Time since last request: 0.000024 seconds.
  path: Assets/Materials/NoLightBlack.mat
  artifactKey: Guid(4c899943ac100a745b90e41cdadf533d) Importer(2089858483,b0f066a214c2f5e87bad3c948f4d605d)
Start importing Assets/Materials/NoLightBlack.mat using Guid(4c899943ac100a745b90e41cdadf533d) Importer(2089858483,b0f066a214c2f5e87bad3c948f4d605d) (ScriptedImporter) -> (artifact id: 'fa7db2c282949430c07cc1af4575b96a') in 0.0590782 seconds
Number of updated asset objects reloaded before import = 0Number of asset objects unloaded after import = 1

========================================================================
Received Import Request.
  Time since last request: 0.000208 seconds.
  path: Assets/Materials/InteractCircle02.mat
  artifactKey: Guid(8a45b3d1c85d86a4aa0bd90859c14016) Importer(2089858483,b0f066a214c2f5e87bad3c948f4d605d)
Start importing Assets/Materials/InteractCircle02.mat using Guid(8a45b3d1c85d86a4aa0bd90859c14016) Importer(2089858483,b0f066a214c2f5e87bad3c948f4d605d) (ScriptedImporter) -> (artifact id: '02db496a7afdfb689a8f258ab4d34ff9') in 0.0642222 seconds
Number of updated asset objects reloaded before import = 0Number of asset objects unloaded after import = 2

========================================================================
Received Import Request.
  Time since last request: 0.000146 seconds.
  path: Assets/Materials/SpiritWorldScroll.mat
  artifactKey: Guid(f2375f5d722d9ba4196b4d10f8089470) Importer(2089858483,b0f066a214c2f5e87bad3c948f4d605d)
Start importing Assets/Materials/SpiritWorldScroll.mat using Guid(f2375f5d722d9ba4196b4d10f8089470) Importer(2089858483,b0f066a214c2f5e87bad3c948f4d605d) (ScriptedImporter) -> (artifact id: '662a8adeec16a408c4250c1a71d1455d') in 0.0854493 seconds
Number of updated asset objects reloaded before import = 0Number of asset objects unloaded after import = 2

========================================================================
Received Import Request.
  Time since last request: 0.000068 seconds.
  path: Assets/Materials/Waves01.mat
  artifactKey: Guid(f13d632bc541bf6468aed1f77e94dd3f) Importer(2089858483,b0f066a214c2f5e87bad3c948f4d605d)
Start importing Assets/Materials/Waves01.mat using Guid(f13d632bc541bf6468aed1f77e94dd3f) Importer(2089858483,b0f066a214c2f5e87bad3c948f4d605d) (ScriptedImporter) -> (artifact id: '47c2e6237d1cea91dbd683f51794cac9') in 0.0754792 seconds
Number of updated asset objects reloaded before import = 0Number of asset objects unloaded after import = 2

========================================================================
Received Import Request.
  Time since last request: 0.000100 seconds.
  path: Assets/Materials/GeneralNoBlack.mat
  artifactKey: Guid(4011462adb9ca01438461cf58260d344) Importer(2089858483,b0f066a214c2f5e87bad3c948f4d605d)
Start importing Assets/Materials/GeneralNoBlack.mat using Guid(4011462adb9ca01438461cf58260d344) Importer(2089858483,b0f066a214c2f5e87bad3c948f4d605d) (ScriptedImporter) -> (artifact id: 'd145a250eefbd24ee2b62e529deaa374') in 0.0550753 seconds
Number of updated asset objects reloaded before import = 0Number of asset objects unloaded after import = 1

========================================================================
Received Import Request.
  Time since last request: 0.000091 seconds.
  path: Assets/NGUI/ReadMe - 3.0.8 f4.txt
  artifactKey: Guid(05d75e209a8e9dc4096a834edfea27bf) Importer(2089858483,b0f066a214c2f5e87bad3c948f4d605d)
Start importing Assets/NGUI/ReadMe - 3.0.8 f4.txt using Guid(05d75e209a8e9dc4096a834edfea27bf) Importer(2089858483,b0f066a214c2f5e87bad3c948f4d605d) (ScriptedImporter) -> (artifact id: '0cfe88319880e1492c1e564136887319') in 0.0434069 seconds
Number of updated asset objects reloaded before import = 0Number of asset objects unloaded after import = 1

========================================================================
Received Import Request.
  Time since last request: 0.000097 seconds.
  path: Assets/Models/grassThing01.fbx
  artifactKey: Guid(42278e61cb8ceda4e963046f86b32e5b) Importer(2089858483,b0f066a214c2f5e87bad3c948f4d605d)
Start importing Assets/Models/grassThing01.fbx using Guid(42278e61cb8ceda4e963046f86b32e5b) Importer(2089858483,b0f066a214c2f5e87bad3c948f4d605d) (ScriptedImporter) -> (artifact id: '6734304749ec7b46c6abdd5fc7beafae') in 0.1022231 seconds
Number of updated asset objects reloaded before import = 0Number of asset objects unloaded after import = 9

========================================================================
Received Import Request.
  Time since last request: 0.000063 seconds.
  path: Assets/Materials/SpiritMat.mat
  artifactKey: Guid(cef601ede6119d44ba6d4793326dca9a) Importer(2089858483,b0f066a214c2f5e87bad3c948f4d605d)
Start importing Assets/Materials/SpiritMat.mat using Guid(cef601ede6119d44ba6d4793326dca9a) Importer(2089858483,b0f066a214c2f5e87bad3c948f4d605d) (ScriptedImporter) -> (artifact id: 'aeb463a22bc9e15cb4bf18cfbbdb2ddc') in 0.0425664 seconds
Number of updated asset objects reloaded before import = 0Number of asset objects unloaded after import = 1

========================================================================
Received Import Request.
  Time since last request: 0.000125 seconds.
  path: Assets/Editor/InputTakerEditor.cs
  artifactKey: Guid(87ca78aa872331e4e8e8f7e2b610e0c0) Importer(2089858483,b0f066a214c2f5e87bad3c948f4d605d)
Start importing Assets/Editor/InputTakerEditor.cs using Guid(87ca78aa872331e4e8e8f7e2b610e0c0) Importer(2089858483,b0f066a214c2f5e87bad3c948f4d605d) (ScriptedImporter) -> (artifact id: 'e8f82c4c79b9c4b43f9dda29a51cc065') in 0.0661288 seconds
Number of updated asset objects reloaded before import = 0Number of asset objects unloaded after import = 0

========================================================================
Received Import Request.
  Time since last request: 0.001850 seconds.
  path: Assets/Materials/Grey.mat
  artifactKey: Guid(91400928050abbc4cb5d3709d9eecf1d) Importer(2089858483,b0f066a214c2f5e87bad3c948f4d605d)
Start importing Assets/Materials/Grey.mat using Guid(91400928050abbc4cb5d3709d9eecf1d) Importer(2089858483,b0f066a214c2f5e87bad3c948f4d605d) (ScriptedImporter) -> (artifact id: '5b97b6d13063b970849bd2c77a335e51') in 0.0461295 seconds
Number of updated asset objects reloaded before import = 0Number of asset objects unloaded after import = 1

========================================================================
Received Import Request.
  Time since last request: 0.000123 seconds.
  path: Assets/Materials/Brown 1.mat
  artifactKey: Guid(566c3587c6df2f947a27eb2c34bcaa9b) Importer(2089858483,b0f066a214c2f5e87bad3c948f4d605d)
Start importing Assets/Materials/Brown 1.mat using Guid(566c3587c6df2f947a27eb2c34bcaa9b) Importer(2089858483,b0f066a214c2f5e87bad3c948f4d605d) (ScriptedImporter) -> (artifact id: '79dfa16fe3ce218d32eac0d06b289e4a') in 0.0458918 seconds
Number of updated asset objects reloaded before import = 0Number of asset objects unloaded after import = 1

========================================================================
Received Import Request.
  Time since last request: 0.000044 seconds.
  path: Assets/Materials/Mirror.mat
  artifactKey: Guid(292705421b8d633499967e477636b281) Importer(2089858483,b0f066a214c2f5e87bad3c948f4d605d)
Start importing Assets/Materials/Mirror.mat using Guid(292705421b8d633499967e477636b281) Importer(2089858483,b0f066a214c2f5e87bad3c948f4d605d) (ScriptedImporter) -> (artifact id: '06d247c74e299da82f10361115e9372d') in 0.0224574 seconds
Number of updated asset objects reloaded before import = 0Number of asset objects unloaded after import = 1

========================================================================
Received Import Request.
  Time since last request: 0.000065 seconds.
  path: Assets/Materials/BrownDarker.mat
  artifactKey: Guid(e5d15b25dc05af44ea803ec31cdc3997) Importer(2089858483,b0f066a214c2f5e87bad3c948f4d605d)
Start importing Assets/Materials/BrownDarker.mat using Guid(e5d15b25dc05af44ea803ec31cdc3997) Importer(2089858483,b0f066a214c2f5e87bad3c948f4d605d) (ScriptedImporter) -> (artifact id: '6aa7b8717512a36540afc8c5b43ae4c5') in 0.0277721 seconds
Number of updated asset objects reloaded before import = 0Number of asset objects unloaded after import = 1

========================================================================
Received Import Request.
  Time since last request: 0.000061 seconds.
  path: Assets/Materials/SnowFootParticleHouse.mat
  artifactKey: Guid(7ece24ea780ab9749b95fb855a0786fe) Importer(2089858483,b0f066a214c2f5e87bad3c948f4d605d)
Start importing Assets/Materials/SnowFootParticleHouse.mat using Guid(7ece24ea780ab9749b95fb855a0786fe) Importer(2089858483,b0f066a214c2f5e87bad3c948f4d605d) (ScriptedImporter) -> (artifact id: '33361cd421cf5456123275c8b4e230e9') in 0.0279731 seconds
Number of updated asset objects reloaded before import = 0Number of asset objects unloaded after import = 1

========================================================================
Received Import Request.
  Time since last request: 0.000034 seconds.
  path: Assets/Materials/BlackFade 1.mat
  artifactKey: Guid(3fbd79e0bba4a7a46a4ef654c9c65bcd) Importer(2089858483,b0f066a214c2f5e87bad3c948f4d605d)
Start importing Assets/Materials/BlackFade 1.mat using Guid(3fbd79e0bba4a7a46a4ef654c9c65bcd) Importer(2089858483,b0f066a214c2f5e87bad3c948f4d605d) (ScriptedImporter) -> (artifact id: '86c4f34cecc0a6d16f53054a1434d046') in 0.0271259 seconds
Number of updated asset objects reloaded before import = 0Number of asset objects unloaded after import = 1

========================================================================
Received Import Request.
  Time since last request: 0.000154 seconds.
  path: Assets/Animations/runestoneEnd.anim
  artifactKey: Guid(d543313e7a923b2478e19d1f41c774af) Importer(2089858483,b0f066a214c2f5e87bad3c948f4d605d)
Start importing Assets/Animations/runestoneEnd.anim using Guid(d543313e7a923b2478e19d1f41c774af) Importer(2089858483,b0f066a214c2f5e87bad3c948f4d605d) (ScriptedImporter) -> (artifact id: 'f28ed5cbb3221ec177825af102fa012b') in 0.034329 seconds
Number of updated asset objects reloaded before import = 0Number of asset objects unloaded after import = 1

========================================================================
Received Import Request.
  Time since last request: 0.000127 seconds.
  path: Assets/Materials/SpiritWorld.mat
  artifactKey: Guid(edb8e22bf706c364f83622c57dd360a7) Importer(2089858483,b0f066a214c2f5e87bad3c948f4d605d)
Start importing Assets/Materials/SpiritWorld.mat using Guid(edb8e22bf706c364f83622c57dd360a7) Importer(2089858483,b0f066a214c2f5e87bad3c948f4d605d) (ScriptedImporter) -> (artifact id: 'a3f039d04b784e421e1b0f6f0106b466') in 0.0512673 seconds
Number of updated asset objects reloaded before import = 0Number of asset objects unloaded after import = 2

========================================================================
Received Import Request.
  Time since last request: 0.000045 seconds.
  path: Assets/Materials/Underwater.mat
  artifactKey: Guid(b6e4fd5e2704e1f4bb1a5e90f547c0c6) Importer(2089858483,b0f066a214c2f5e87bad3c948f4d605d)
Start importing Assets/Materials/Underwater.mat using Guid(b6e4fd5e2704e1f4bb1a5e90f547c0c6) Importer(2089858483,b0f066a214c2f5e87bad3c948f4d605d) (ScriptedImporter) -> (artifact id: '6ea4e5c9d6113f5c9dae41f113484b5f') in 0.0461628 seconds
Number of updated asset objects reloaded before import = 0Number of asset objects unloaded after import = 2

========================================================================
Received Import Request.
  Time since last request: 0.000056 seconds.
  path: Assets/Animations/pRing.controller
  artifactKey: Guid(b060c126305510640bd5692a782ef20d) Importer(2089858483,b0f066a214c2f5e87bad3c948f4d605d)
Start importing Assets/Animations/pRing.controller using Guid(b060c126305510640bd5692a782ef20d) Importer(2089858483,b0f066a214c2f5e87bad3c948f4d605d) (ScriptedImporter) -> (artifact id: 'd9977d8c0fb63d21c5071294cf86e139') in 0.0391586 seconds
Number of updated asset objects reloaded before import = 0Number of asset objects unloaded after import = 4

========================================================================
Received Import Request.
  Time since last request: 0.000048 seconds.
  path: Assets/Materials/InteractCircleA.mat
  artifactKey: Guid(9183202d220a42f4ab7ef8c414839f7b) Importer(2089858483,b0f066a214c2f5e87bad3c948f4d605d)
Start importing Assets/Materials/InteractCircleA.mat using Guid(9183202d220a42f4ab7ef8c414839f7b) Importer(2089858483,b0f066a214c2f5e87bad3c948f4d605d) (ScriptedImporter) -> (artifact id: 'e8667fe8f9a602c6a7832ede89e63f68') in 0.0288154 seconds
Number of updated asset objects reloaded before import = 0Number of asset objects unloaded after import = 2

========================================================================
Received Import Request.
  Time since last request: 0.000039 seconds.
  path: Assets/Materials/GeneralDoublesideNoLight.mat
  artifactKey: Guid(b80146bf9f735094382dabc9e8676cd1) Importer(2089858483,b0f066a214c2f5e87bad3c948f4d605d)
Start importing Assets/Materials/GeneralDoublesideNoLight.mat using Guid(b80146bf9f735094382dabc9e8676cd1) Importer(2089858483,b0f066a214c2f5e87bad3c948f4d605d) (ScriptedImporter) -> (artifact id: '010a78eff7c418888c19d00c156a288a') in 0.0249393 seconds
Number of updated asset objects reloaded before import = 0Number of asset objects unloaded after import = 1

========================================================================
Received Import Request.
  Time since last request: 0.000031 seconds.
  path: Assets/Animations/logo.anim
  artifactKey: Guid(e46e4e1277b40764fb400fd549d14d18) Importer(2089858483,b0f066a214c2f5e87bad3c948f4d605d)
Start importing Assets/Animations/logo.anim using Guid(e46e4e1277b40764fb400fd549d14d18) Importer(2089858483,b0f066a214c2f5e87bad3c948f4d605d) (ScriptedImporter) -> (artifact id: '515f659d91417cfde790a98792078b84') in 0.0250868 seconds
Number of updated asset objects reloaded before import = 0Number of asset objects unloaded after import = 1

========================================================================
Received Import Request.
  Time since last request: 0.000048 seconds.
  path: Assets/Materials/Darken.mat
  artifactKey: Guid(ceec2a5862f2a7045b8d5cd8e245b65e) Importer(2089858483,b0f066a214c2f5e87bad3c948f4d605d)
Start importing Assets/Materials/Darken.mat using Guid(ceec2a5862f2a7045b8d5cd8e245b65e) Importer(2089858483,b0f066a214c2f5e87bad3c948f4d605d) (ScriptedImporter) -> (artifact id: '75ebcc524fc074037b053e88c37715c6') in 0.0233645 seconds
Number of updated asset objects reloaded before import = 0Number of asset objects unloaded after import = 1

========================================================================
Received Import Request.
  Time since last request: 0.000066 seconds.
  path: Assets/Prefabs/Enemies.controller
  artifactKey: Guid(3b0973a0d1610a14eada6f19a8d91cee) Importer(2089858483,b0f066a214c2f5e87bad3c948f4d605d)
Start importing Assets/Prefabs/Enemies.controller using Guid(3b0973a0d1610a14eada6f19a8d91cee) Importer(2089858483,b0f066a214c2f5e87bad3c948f4d605d) (ScriptedImporter) -> (artifact id: '779112dc0cfa08f68544eb367868439b') in 0.0276155 seconds
Number of updated asset objects reloaded before import = 0Number of asset objects unloaded after import = 4

========================================================================
Received Import Request.
  Time since last request: 0.000029 seconds.
  path: Assets/Materials/Net.mat
  artifactKey: Guid(1f5f0b464e1003442a07d3ce67565515) Importer(2089858483,b0f066a214c2f5e87bad3c948f4d605d)
Start importing Assets/Materials/Net.mat using Guid(1f5f0b464e1003442a07d3ce67565515) Importer(2089858483,b0f066a214c2f5e87bad3c948f4d605d) (ScriptedImporter) -> (artifact id: '1576f255abc4fed85820842019671b19') in 0.0339159 seconds
Number of updated asset objects reloaded before import = 0Number of asset objects unloaded after import = 2

========================================================================
Received Import Request.
  Time since last request: 0.000061 seconds.
  path: Assets/Animations/ringWind.anim
  artifactKey: Guid(ba99193a12cab244f80177ee438599ae) Importer(2089858483,b0f066a214c2f5e87bad3c948f4d605d)
Start importing Assets/Animations/ringWind.anim using Guid(ba99193a12cab244f80177ee438599ae) Importer(2089858483,b0f066a214c2f5e87bad3c948f4d605d) (ScriptedImporter) -> (artifact id: '8cb1ade370752c52bf1c7f6900db41c4') in 0.0313138 seconds
Number of updated asset objects reloaded before import = 0Number of asset objects unloaded after import = 1

========================================================================
Received Import Request.
  Time since last request: 0.000113 seconds.
  path: Assets/Prefabs/DisableSnowFeet.prefab
  artifactKey: Guid(5bb24ff8f1d1cce4b9b7a60976e0a957) Importer(2089858483,b0f066a214c2f5e87bad3c948f4d605d)
Start importing Assets/Prefabs/DisableSnowFeet.prefab using Guid(5bb24ff8f1d1cce4b9b7a60976e0a957) Importer(2089858483,b0f066a214c2f5e87bad3c948f4d605d) (ScriptedImporter) -> (artifact id: '67d92a729c709434bc5e96b337442528') in 0.0279309 seconds
Number of updated asset objects reloaded before import = 0Number of asset objects unloaded after import = 7

========================================================================
Received Import Request.
  Time since last request: 0.000037 seconds.
  path: Assets/Animations/DefaultAvatar.fbx
  artifactKey: Guid(26e5b9fb897b05f47b20cd44393070e7) Importer(2089858483,b0f066a214c2f5e87bad3c948f4d605d)
Start importing Assets/Animations/DefaultAvatar.fbx using Guid(26e5b9fb897b05f47b20cd44393070e7) Importer(2089858483,b0f066a214c2f5e87bad3c948f4d605d) (ScriptedImporter) -> (artifact id: '7bdf2103b762bf49769c42a2bab76a59') in 0.0491164 seconds
Number of updated asset objects reloaded before import = 0Number of asset objects unloaded after import = 186

========================================================================
Received Import Request.
  Time since last request: 0.000136 seconds.
  path: Assets/Editor/RotateEditor.cs
  artifactKey: Guid(7e393fa2b5ab22a48a11c8b3d2243b45) Importer(2089858483,b0f066a214c2f5e87bad3c948f4d605d)
Start importing Assets/Editor/RotateEditor.cs using Guid(7e393fa2b5ab22a48a11c8b3d2243b45) Importer(2089858483,b0f066a214c2f5e87bad3c948f4d605d) (ScriptedImporter) -> (artifact id: '053ec93ddf3e6391049ffbd47752e070') in 0.0258927 seconds
Number of updated asset objects reloaded before import = 0Number of asset objects unloaded after import = 0

========================================================================
Received Import Request.
  Time since last request: 0.000178 seconds.
  path: Assets/Materials/SnowFootParticleCave.mat
  artifactKey: Guid(0c8a384346a0b31439d6b4a3765078f5) Importer(2089858483,b0f066a214c2f5e87bad3c948f4d605d)
Start importing Assets/Materials/SnowFootParticleCave.mat using Guid(0c8a384346a0b31439d6b4a3765078f5) Importer(2089858483,b0f066a214c2f5e87bad3c948f4d605d) (ScriptedImporter) -> (artifact id: '99e0d5b7f6ce853f8419adaff1770a8e') in 0.0250237 seconds
Number of updated asset objects reloaded before import = 0Number of asset objects unloaded after import = 1

========================================================================
Received Import Request.
  Time since last request: 0.000033 seconds.
  path: Assets/Materials/GradientSpirit.mat
  artifactKey: Guid(7dd8ce8003fbd044fb67b01d2a5acad9) Importer(2089858483,b0f066a214c2f5e87bad3c948f4d605d)
Start importing Assets/Materials/GradientSpirit.mat using Guid(7dd8ce8003fbd044fb67b01d2a5acad9) Importer(2089858483,b0f066a214c2f5e87bad3c948f4d605d) (ScriptedImporter) -> (artifact id: 'ca768d5d159cb6233a5091d0701a4000') in 0.037543 seconds
Number of updated asset objects reloaded before import = 0Number of asset objects unloaded after import = 2

========================================================================
Received Import Request.
  Time since last request: 0.000052 seconds.
  path: Assets/Animations/DefaultAvatar@Idle_Neutral.fbx
  artifactKey: Guid(6fe2b36265dc83a45aa2de6b3228254c) Importer(2089858483,b0f066a214c2f5e87bad3c948f4d605d)
Start importing Assets/Animations/DefaultAvatar@Idle_Neutral.fbx using Guid(6fe2b36265dc83a45aa2de6b3228254c) Importer(2089858483,b0f066a214c2f5e87bad3c948f4d605d) (ScriptedImporter) -> (artifact id: '75067bf378eea96f05432948cc21a313') in 0.0417666 seconds
Number of updated asset objects reloaded before import = 0Number of asset objects unloaded after import = 163

========================================================================
Received Import Request.
  Time since last request: 1.111987 seconds.
  path: Assets/Prefabs/SpiritParticles.prefab
  artifactKey: Guid(4ee81c1833fb9024a9fdc5064f569514) Importer(2089858483,b0f066a214c2f5e87bad3c948f4d605d)
Start importing Assets/Prefabs/SpiritParticles.prefab using Guid(4ee81c1833fb9024a9fdc5064f569514) Importer(2089858483,b0f066a214c2f5e87bad3c948f4d605d) (ScriptedImporter) -> (artifact id: 'b2b48b68233bc579487f07c9cd068f91') in 0.3601869 seconds
Number of updated asset objects reloaded before import = 0Number of asset objects unloaded after import = 6

========================================================================
Received Import Request.
  Time since last request: 0.001142 seconds.
  path: Assets/Animations/Materials/face_color_map.mat
  artifactKey: Guid(9a63a402d5b0a33458ba61fc4402af9d) Importer(2089858483,b0f066a214c2f5e87bad3c948f4d605d)
Start importing Assets/Animations/Materials/face_color_map.mat using Guid(9a63a402d5b0a33458ba61fc4402af9d) Importer(2089858483,b0f066a214c2f5e87bad3c948f4d605d) (ScriptedImporter) -> (artifact id: 'f9c1c40045361c1cc8dda876259ccc91') in 0.0794096 seconds
Number of updated asset objects reloaded before import = 0Number of asset objects unloaded after import = 3

========================================================================
Received Import Request.
  Time since last request: 0.000422 seconds.
  path: Assets/Animations/DefaultAvatar.fbm/eyes_color_map.tga
  artifactKey: Guid(a1e18ef5e4f2d5440b6f7b4d71f5dbac) Importer(2089858483,b0f066a214c2f5e87bad3c948f4d605d)
Start importing Assets/Animations/DefaultAvatar.fbm/eyes_color_map.tga using Guid(a1e18ef5e4f2d5440b6f7b4d71f5dbac) Importer(2089858483,b0f066a214c2f5e87bad3c948f4d605d) (ScriptedImporter) -> (artifact id: '03308bbf1227b4eebbed75dbf84468b8') in 0.3924616 seconds
Number of updated asset objects reloaded before import = 0Number of asset objects unloaded after import = 1

========================================================================
Received Import Request.
  Time since last request: 0.000826 seconds.
  path: Assets/DialoguerOutput/Resources/dialoguer_data.xml
  artifactKey: Guid(575025db2e9ce40c4a40870298da87b5) Importer(2089858483,b0f066a214c2f5e87bad3c948f4d605d)
Start importing Assets/DialoguerOutput/Resources/dialoguer_data.xml using Guid(575025db2e9ce40c4a40870298da87b5) Importer(2089858483,b0f066a214c2f5e87bad3c948f4d605d) (ScriptedImporter) -> (artifact id: '85b0158b24274341a01e4f4b61829171') in 0.0572436 seconds
Number of updated asset objects reloaded before import = 0Number of asset objects unloaded after import = 1

========================================================================
Received Import Request.
  Time since last request: 0.000054 seconds.
  path: Assets/Textures/interactCircle.psd
  artifactKey: Guid(cd714124cc511a84fb3ed5d2e747902c) Importer(2089858483,b0f066a214c2f5e87bad3c948f4d605d)
Start importing Assets/Textures/interactCircle.psd using Guid(cd714124cc511a84fb3ed5d2e747902c) Importer(2089858483,b0f066a214c2f5e87bad3c948f4d605d) (ScriptedImporter) -> (artifact id: '238b45241439aeec05b1ef2f95c75f37') in 0.0775901 seconds
Number of updated asset objects reloaded before import = 0Number of asset objects unloaded after import = 1

========================================================================
Received Import Request.
  Time since last request: 0.000173 seconds.
  path: Assets/Scripts/SnowVerticeMove.cs
  artifactKey: Guid(6f563d05587683b4e995c6a8352e4076) Importer(2089858483,b0f066a214c2f5e87bad3c948f4d605d)
Start importing Assets/Scripts/SnowVerticeMove.cs using Guid(6f563d05587683b4e995c6a8352e4076) Importer(2089858483,b0f066a214c2f5e87bad3c948f4d605d) (ScriptedImporter) -> (artifact id: '4140f99c3ffba2cdc4798995cfc793e1') in 0.0843183 seconds
Number of updated asset objects reloaded before import = 0Number of asset objects unloaded after import = 0

========================================================================
Received Import Request.
  Time since last request: 0.000059 seconds.
  path: Assets/Scripts/PauseMenu.cs
  artifactKey: Guid(1b8e4fd8e80a0624394dfbd385e67c42) Importer(2089858483,b0f066a214c2f5e87bad3c948f4d605d)
Start importing Assets/Scripts/PauseMenu.cs using Guid(1b8e4fd8e80a0624394dfbd385e67c42) Importer(2089858483,b0f066a214c2f5e87bad3c948f4d605d) (ScriptedImporter) -> (artifact id: '6e986cc2576e46ffd9b39b20aaf9e287') in 0.0442487 seconds
Number of updated asset objects reloaded before import = 0Number of asset objects unloaded after import = 0

========================================================================
Received Import Request.
  Time since last request: 0.000055 seconds.
  path: Assets/Models/Boat/LeverThing.fbx
  artifactKey: Guid(23175f1c480983c498d09b49a977075c) Importer(2089858483,b0f066a214c2f5e87bad3c948f4d605d)
Start importing Assets/Models/Boat/LeverThing.fbx using Guid(23175f1c480983c498d09b49a977075c) Importer(2089858483,b0f066a214c2f5e87bad3c948f4d605d) (ScriptedImporter) -> (artifact id: 'a32a905a1c7dab5be22be80f4ce8d180') in 0.0769298 seconds
Number of updated asset objects reloaded before import = 0Number of asset objects unloaded after import = 24

========================================================================
Received Import Request.
  Time since last request: 0.000110 seconds.
  path: Assets/Models/Boat/risePlatformMisc01Ring.fbx
  artifactKey: Guid(f6db56424ada87e478af25b15f58ff52) Importer(2089858483,b0f066a214c2f5e87bad3c948f4d605d)
Start importing Assets/Models/Boat/risePlatformMisc01Ring.fbx using Guid(f6db56424ada87e478af25b15f58ff52) Importer(2089858483,b0f066a214c2f5e87bad3c948f4d605d) (ScriptedImporter) -> (artifact id: '877c51e369b388bc60bce9638c0b68b1') in 0.0843708 seconds
Number of updated asset objects reloaded before import = 0Number of asset objects unloaded after import = 11

========================================================================
Received Import Request.
  Time since last request: 0.000058 seconds.
  path: Assets/Models/Boat/rope01.fbx
  artifactKey: Guid(3ece174b27b906e478c41d3d0cf1290f) Importer(2089858483,b0f066a214c2f5e87bad3c948f4d605d)
Start importing Assets/Models/Boat/rope01.fbx using Guid(3ece174b27b906e478c41d3d0cf1290f) Importer(2089858483,b0f066a214c2f5e87bad3c948f4d605d) (ScriptedImporter) -> (artifact id: 'd39556ecef8f85f51820c3c62f50df9d') in 0.0921433 seconds
Number of updated asset objects reloaded before import = 0Number of asset objects unloaded after import = 7

========================================================================
Received Import Request.
  Time since last request: 0.000076 seconds.
  path: Assets/Models/Boat/test.fbx
  artifactKey: Guid(c6a44e9ce24f5114ba8c68320e6e6bad) Importer(2089858483,b0f066a214c2f5e87bad3c948f4d605d)
Start importing Assets/Models/Boat/test.fbx using Guid(c6a44e9ce24f5114ba8c68320e6e6bad) Importer(2089858483,b0f066a214c2f5e87bad3c948f4d605d) (ScriptedImporter) -> (artifact id: 'bbf3575f5cb80b0857abea10e6ddf699') in 0.0695094 seconds
Number of updated asset objects reloaded before import = 0Number of asset objects unloaded after import = 16

========================================================================
Received Import Request.
  Time since last request: 0.000129 seconds.
  path: Assets/Models/Boat/midBeam03.fbx
  artifactKey: Guid(4e47e35b935142c459a5b2087fee29d0) Importer(2089858483,b0f066a214c2f5e87bad3c948f4d605d)
Start importing Assets/Models/Boat/midBeam03.fbx using Guid(4e47e35b935142c459a5b2087fee29d0) Importer(2089858483,b0f066a214c2f5e87bad3c948f4d605d) (ScriptedImporter) -> (artifact id: 'a170b64124a47badfaa4df8cc0787c00') in 0.0678545 seconds
Number of updated asset objects reloaded before import = 0Number of asset objects unloaded after import = 9

========================================================================
Received Import Request.
  Time since last request: 0.000063 seconds.
  path: Assets/Models/Boat/boatBG.fbx
  artifactKey: Guid(0047952603fbd8b4bb94527f17417349) Importer(2089858483,b0f066a214c2f5e87bad3c948f4d605d)
Start importing Assets/Models/Boat/boatBG.fbx using Guid(0047952603fbd8b4bb94527f17417349) Importer(2089858483,b0f066a214c2f5e87bad3c948f4d605d) (ScriptedImporter) -> (artifact id: '32baf0039bd38761f60ecf3641c00848') in 0.0895217 seconds
Number of updated asset objects reloaded before import = 0Number of asset objects unloaded after import = 9

========================================================================
Received Import Request.
  Time since last request: 0.000045 seconds.
  path: Assets/Models/Cave/Cave01.fbx
  artifactKey: Guid(d824776bec1cdb9418911343dee25475) Importer(2089858483,b0f066a214c2f5e87bad3c948f4d605d)
Start importing Assets/Models/Cave/Cave01.fbx using Guid(d824776bec1cdb9418911343dee25475) Importer(2089858483,b0f066a214c2f5e87bad3c948f4d605d) (ScriptedImporter) -> (artifact id: 'd9f1a810c3e1fbae4e55df1fd585dd0b') in 0.0815156 seconds
Number of updated asset objects reloaded before import = 0Number of asset objects unloaded after import = 14

========================================================================
Received Import Request.
  Time since last request: 0.000103 seconds.
  path: Assets/Models/Cave/caveEntryRocks.fbx
  artifactKey: Guid(280040f1ac5015f4cb025c5d0d80ae03) Importer(2089858483,b0f066a214c2f5e87bad3c948f4d605d)
Start importing Assets/Models/Cave/caveEntryRocks.fbx using Guid(280040f1ac5015f4cb025c5d0d80ae03) Importer(2089858483,b0f066a214c2f5e87bad3c948f4d605d) (ScriptedImporter) -> (artifact id: '2aa74952b6398522c509a77a66a0b65e') in 0.0950404 seconds
Number of updated asset objects reloaded before import = 0Number of asset objects unloaded after import = 80

========================================================================
Received Import Request.
  Time since last request: 0.000094 seconds.
  path: Assets/Models/Cave/mountainRock01.fbx
  artifactKey: Guid(61d5348d24eafba4d929cf19d377330d) Importer(2089858483,b0f066a214c2f5e87bad3c948f4d605d)
Start importing Assets/Models/Cave/mountainRock01.fbx using Guid(61d5348d24eafba4d929cf19d377330d) Importer(2089858483,b0f066a214c2f5e87bad3c948f4d605d) (ScriptedImporter) -> (artifact id: 'd8c0415d0719e3e9c634e7450596db56') in 0.0835513 seconds
Number of updated asset objects reloaded before import = 0Number of asset objects unloaded after import = 7

========================================================================
Received Import Request.
  Time since last request: 0.000101 seconds.
  path: Assets/Editor/Image Effects/ColorCorrectionCurvesEditor.js
  artifactKey: Guid(edb8dea92f0664f7ebdba06b4f2697da) Importer(2089858483,b0f066a214c2f5e87bad3c948f4d605d)
Start importing Assets/Editor/Image Effects/ColorCorrectionCurvesEditor.js using Guid(edb8dea92f0664f7ebdba06b4f2697da) Importer(2089858483,b0f066a214c2f5e87bad3c948f4d605d) (ScriptedImporter) -> (artifact id: '522dc549c8a2340b3f359db39848a87a') in 0.055446 seconds
Number of updated asset objects reloaded before import = 0Number of asset objects unloaded after import = 1

========================================================================
Received Import Request.
  Time since last request: 0.000063 seconds.
  path: Assets/Models/Background/bushBrown.fbx
  artifactKey: Guid(e50c2b63a5a7bc3468537ff9806e1be6) Importer(2089858483,b0f066a214c2f5e87bad3c948f4d605d)
Start importing Assets/Models/Background/bushBrown.fbx using Guid(e50c2b63a5a7bc3468537ff9806e1be6) Importer(2089858483,b0f066a214c2f5e87bad3c948f4d605d) (ScriptedImporter) -> (artifact id: 'ede07963ac1052e901979652df8ed0fb') in 0.0650534 seconds
Number of updated asset objects reloaded before import = 0Number of asset objects unloaded after import = 7

========================================================================
Received Import Request.
  Time since last request: 0.000031 seconds.
  path: Assets/Models/Background/iceWall02.fbx
  artifactKey: Guid(cc371d20ab22fa54b95f7c07b83e70ba) Importer(2089858483,b0f066a214c2f5e87bad3c948f4d605d)
Start importing Assets/Models/Background/iceWall02.fbx using Guid(cc371d20ab22fa54b95f7c07b83e70ba) Importer(2089858483,b0f066a214c2f5e87bad3c948f4d605d) (ScriptedImporter) -> (artifact id: 'c5cedc701c0e746123b1e20265b30530') in 0.0635269 seconds
Number of updated asset objects reloaded before import = 0Number of asset objects unloaded after import = 7

========================================================================
Received Import Request.
  Time since last request: 0.000211 seconds.
  path: Assets/Animations/Materials/body_color_map.mat
  artifactKey: Guid(5c0b604bd8f805a478a6c2a78bce69b8) Importer(2089858483,b0f066a214c2f5e87bad3c948f4d605d)
Start importing Assets/Animations/Materials/body_color_map.mat using Guid(5c0b604bd8f805a478a6c2a78bce69b8) Importer(2089858483,b0f066a214c2f5e87bad3c948f4d605d) (ScriptedImporter) -> (artifact id: '864295c439f086697315ebb9600b1089') in 0.0862033 seconds
Number of updated asset objects reloaded before import = 0Number of asset objects unloaded after import = 3

========================================================================
Received Import Request.
  Time since last request: 0.000083 seconds.
  path: Assets/Models/Cave/runestoneInsideFloorPillar03.fbx
  artifactKey: Guid(2ad5a7b909b87704eaee2deb1a6a52d0) Importer(2089858483,b0f066a214c2f5e87bad3c948f4d605d)
Start importing Assets/Models/Cave/runestoneInsideFloorPillar03.fbx using Guid(2ad5a7b909b87704eaee2deb1a6a52d0) Importer(2089858483,b0f066a214c2f5e87bad3c948f4d605d) (ScriptedImporter) -> (artifact id: 'd2abb526d9ced41f26e313aaa3757923') in 0.0694095 seconds
Number of updated asset objects reloaded before import = 0Number of asset objects unloaded after import = 9

========================================================================
Received Import Request.
  Time since last request: 0.000152 seconds.
  path: Assets/Models/Cave/runestoneInsideFloorBroken.fbx
  artifactKey: Guid(7b847219236402145bcd012744368f2c) Importer(2089858483,b0f066a214c2f5e87bad3c948f4d605d)
Start importing Assets/Models/Cave/runestoneInsideFloorBroken.fbx using Guid(7b847219236402145bcd012744368f2c) Importer(2089858483,b0f066a214c2f5e87bad3c948f4d605d) (ScriptedImporter) -> (artifact id: 'fe9a44a8a41e5d9b2007d23cdd0523e9') in 0.0660523 seconds
Number of updated asset objects reloaded before import = 0Number of asset objects unloaded after import = 7

========================================================================
Received Import Request.
  Time since last request: 0.000111 seconds.
  path: Assets/Models/Cave/pullingStructtMisc01.fbx
  artifactKey: Guid(0a5f2ccb9ce7a8f4fa08dcd0455c47a6) Importer(2089858483,b0f066a214c2f5e87bad3c948f4d605d)
Start importing Assets/Models/Cave/pullingStructtMisc01.fbx using Guid(0a5f2ccb9ce7a8f4fa08dcd0455c47a6) Importer(2089858483,b0f066a214c2f5e87bad3c948f4d605d) (ScriptedImporter) -> (artifact id: '5e061e0a948305cb9f0164abb473b680') in 0.1066765 seconds
Number of updated asset objects reloaded before import = 0Number of asset objects unloaded after import = 16

========================================================================
Received Import Request.
  Time since last request: 0.000210 seconds.
  path: Assets/Models/Cave/rock02.fbx
  artifactKey: Guid(9bca06cfe1611344298c7e387aa9a0ed) Importer(2089858483,b0f066a214c2f5e87bad3c948f4d605d)
Start importing Assets/Models/Cave/rock02.fbx using Guid(9bca06cfe1611344298c7e387aa9a0ed) Importer(2089858483,b0f066a214c2f5e87bad3c948f4d605d) (ScriptedImporter) -> (artifact id: '18bb59226f0e01ba5c1809999f96fff9') in 0.075433 seconds
Number of updated asset objects reloaded before import = 0Number of asset objects unloaded after import = 7

========================================================================
Received Import Request.
  Time since last request: 0.000249 seconds.
  path: Assets/Models/Cave/pullingStructure.fbx
  artifactKey: Guid(8a1eac3df55926b438d9b7dc79be76de) Importer(2089858483,b0f066a214c2f5e87bad3c948f4d605d)
Start importing Assets/Models/Cave/pullingStructure.fbx using Guid(8a1eac3df55926b438d9b7dc79be76de) Importer(2089858483,b0f066a214c2f5e87bad3c948f4d605d) (ScriptedImporter) -> (artifact id: 'ae46202908b7fe15662e9119744b6b65') in 0.0855541 seconds
Number of updated asset objects reloaded before import = 0Number of asset objects unloaded after import = 43

========================================================================
Received Import Request.
  Time since last request: 0.000033 seconds.
  path: Assets/Models/Cave/runestoneArchTop.fbx
  artifactKey: Guid(e6236c4b09180284c9040d60fc4bedc6) Importer(2089858483,b0f066a214c2f5e87bad3c948f4d605d)
Start importing Assets/Models/Cave/runestoneArchTop.fbx using Guid(e6236c4b09180284c9040d60fc4bedc6) Importer(2089858483,b0f066a214c2f5e87bad3c948f4d605d) (ScriptedImporter) -> (artifact id: '496088501b05a7a7292547161ef8fe8d') in 0.0789706 seconds
Number of updated asset objects reloaded before import = 0Number of asset objects unloaded after import = 42

========================================================================
Received Import Request.
  Time since last request: 0.000044 seconds.
  path: Assets/Models/Cave/runeWord04.fbx
  artifactKey: Guid(15688be0eea67e84f81c80f541412fcf) Importer(2089858483,b0f066a214c2f5e87bad3c948f4d605d)
Start importing Assets/Models/Cave/runeWord04.fbx using Guid(15688be0eea67e84f81c80f541412fcf) Importer(2089858483,b0f066a214c2f5e87bad3c948f4d605d) (ScriptedImporter) -> (artifact id: 'd4c9429b427d035ebc8823edfd085d0c') in 0.0691025 seconds
Number of updated asset objects reloaded before import = 0Number of asset objects unloaded after import = 7

========================================================================
Received Import Request.
  Time since last request: 0.000084 seconds.
  path: Assets/Models/Boat/Mast01.fbx
  artifactKey: Guid(90a029405b3a862478ae57a457760801) Importer(2089858483,b0f066a214c2f5e87bad3c948f4d605d)
Start importing Assets/Models/Boat/Mast01.fbx using Guid(90a029405b3a862478ae57a457760801) Importer(2089858483,b0f066a214c2f5e87bad3c948f4d605d) (ScriptedImporter) -> (artifact id: '923725e66b95393578df374962caad33') in 0.1082654 seconds
Number of updated asset objects reloaded before import = 0Number of asset objects unloaded after import = 9

========================================================================
Received Import Request.
  Time since last request: 0.000093 seconds.
  path: Assets/DialoguerExamples/Prefabs/UnityDefuaultDialogueGUI.prefab
  artifactKey: Guid(6849c66c2a8fe4aceb31cc6e8679f220) Importer(2089858483,b0f066a214c2f5e87bad3c948f4d605d)
Start importing Assets/DialoguerExamples/Prefabs/UnityDefuaultDialogueGUI.prefab using Guid(6849c66c2a8fe4aceb31cc6e8679f220) Importer(2089858483,b0f066a214c2f5e87bad3c948f4d605d) (ScriptedImporter) -> (artifact id: '29f4aad330513d846331e37f63a48066') in 0.0692572 seconds
Number of updated asset objects reloaded before import = 0Number of asset objects unloaded after import = 5

========================================================================
Received Import Request.
  Time since last request: 0.000074 seconds.
  path: Assets/Textures/smoke1.psd
  artifactKey: Guid(3918fbb8e5ef29340b116923dd0c9c00) Importer(2089858483,b0f066a214c2f5e87bad3c948f4d605d)
Start importing Assets/Textures/smoke1.psd using Guid(3918fbb8e5ef29340b116923dd0c9c00) Importer(2089858483,b0f066a214c2f5e87bad3c948f4d605d) (ScriptedImporter) -> (artifact id: '1a30dec31be5e29dea549ece83119eba') in 0.0661987 seconds
Number of updated asset objects reloaded before import = 0Number of asset objects unloaded after import = 1

========================================================================
Received Import Request.
  Time since last request: 0.000152 seconds.
  path: Assets/Textures/Gradient01.psd
  artifactKey: Guid(96f90729c3278d14da47a75cf08a402a) Importer(2089858483,b0f066a214c2f5e87bad3c948f4d605d)
Start importing Assets/Textures/Gradient01.psd using Guid(96f90729c3278d14da47a75cf08a402a) Importer(2089858483,b0f066a214c2f5e87bad3c948f4d605d) (ScriptedImporter) -> (artifact id: '1b89db82782d95bcff83b1e3f29831ee') in 0.072036 seconds
Number of updated asset objects reloaded before import = 0Number of asset objects unloaded after import = 1

========================================================================
Received Import Request.
  Time since last request: 0.000072 seconds.
  path: Assets/Editor/Image Effects/VignettingEditor.js
  artifactKey: Guid(9632fe331f54a4b7eb377365cc94b406) Importer(2089858483,b0f066a214c2f5e87bad3c948f4d605d)
Start importing Assets/Editor/Image Effects/VignettingEditor.js using Guid(9632fe331f54a4b7eb377365cc94b406) Importer(2089858483,b0f066a214c2f5e87bad3c948f4d605d) (ScriptedImporter) -> (artifact id: '54274d8637b915da0e176cf8554051af') in 0.0786802 seconds
Number of updated asset objects reloaded before import = 0Number of asset objects unloaded after import = 1

========================================================================
Received Import Request.
  Time since last request: 0.000064 seconds.
  path: Assets/Models/Background/mountain01.fbx
  artifactKey: Guid(4de600f6a0c8333459c822a7382c2251) Importer(2089858483,b0f066a214c2f5e87bad3c948f4d605d)
Start importing Assets/Models/Background/mountain01.fbx using Guid(4de600f6a0c8333459c822a7382c2251) Importer(2089858483,b0f066a214c2f5e87bad3c948f4d605d) (ScriptedImporter) -> (artifact id: '1e9a5744c6d67af26db9c1af7bd67523') in 0.074803 seconds
Number of updated asset objects reloaded before import = 0Number of asset objects unloaded after import = 7

========================================================================
Received Import Request.
  Time since last request: 0.000051 seconds.
  path: Assets/Models/Hus/floorBoards.fbx
  artifactKey: Guid(1fd58dd8a6158ba49827f1d17369974a) Importer(2089858483,b0f066a214c2f5e87bad3c948f4d605d)
Start importing Assets/Models/Hus/floorBoards.fbx using Guid(1fd58dd8a6158ba49827f1d17369974a) Importer(2089858483,b0f066a214c2f5e87bad3c948f4d605d) (ScriptedImporter) -> (artifact id: '93cba52f0973645c9889fd2e77c19e98') in 0.0657956 seconds
Number of updated asset objects reloaded before import = 0Number of asset objects unloaded after import = 19

========================================================================
Received Import Request.
  Time since last request: 0.000105 seconds.
  path: Assets/Models/Hus/chair01.fbx
  artifactKey: Guid(20d92003138e652499350a4354657c29) Importer(2089858483,b0f066a214c2f5e87bad3c948f4d605d)
Start importing Assets/Models/Hus/chair01.fbx using Guid(20d92003138e652499350a4354657c29) Importer(2089858483,b0f066a214c2f5e87bad3c948f4d605d) (ScriptedImporter) -> (artifact id: 'd3efb643ca17018085dcb12a2f288084') in 0.0875154 seconds
Number of updated asset objects reloaded before import = 0Number of asset objects unloaded after import = 7

========================================================================
Received Import Request.
  Time since last request: 0.000195 seconds.
  path: Assets/Models/Effects/EndRunestone.fbx
  artifactKey: Guid(92af0f79c544bcd43a1021f3ac86f38d) Importer(2089858483,b0f066a214c2f5e87bad3c948f4d605d)
Start importing Assets/Models/Effects/EndRunestone.fbx using Guid(92af0f79c544bcd43a1021f3ac86f38d) Importer(2089858483,b0f066a214c2f5e87bad3c948f4d605d) (ScriptedImporter) -> (artifact id: '59eceee5edc88a4d86ea0a99e818bfe0') in 0.068616 seconds
Number of updated asset objects reloaded before import = 0Number of asset objects unloaded after import = 7

========================================================================
Received Import Request.
  Time since last request: 0.000184 seconds.
  path: Assets/Models/Character/walkTest02.fbx
  artifactKey: Guid(8c60815abc565cb4583cc09bbcb08653) Importer(2089858483,b0f066a214c2f5e87bad3c948f4d605d)
Start importing Assets/Models/Character/walkTest02.fbx using Guid(8c60815abc565cb4583cc09bbcb08653) Importer(2089858483,b0f066a214c2f5e87bad3c948f4d605d) (ScriptedImporter) -> (artifact id: '57c665b0a616f62a46adf6cf47fecd38') in 0.2295686 seconds
Number of updated asset objects reloaded before import = 0Number of asset objects unloaded after import = 163

========================================================================
Received Import Request.
  Time since last request: 0.000197 seconds.
  path: Assets/Models/Cave/runeWordLine.fbx
  artifactKey: Guid(c025d642c615cdd47a9461dd97917413) Importer(2089858483,b0f066a214c2f5e87bad3c948f4d605d)
Start importing Assets/Models/Cave/runeWordLine.fbx using Guid(c025d642c615cdd47a9461dd97917413) Importer(2089858483,b0f066a214c2f5e87bad3c948f4d605d) (ScriptedImporter) -> (artifact id: '3a060fe3cf89294c447f5574eed8046e') in 0.1052127 seconds
Number of updated asset objects reloaded before import = 0Number of asset objects unloaded after import = 7

========================================================================
Received Import Request.
  Time since last request: 0.000094 seconds.
  path: Assets/Models/Cave/treePuzzle01.fbx
  artifactKey: Guid(111874d7f790a484fbe81db14ef44750) Importer(2089858483,b0f066a214c2f5e87bad3c948f4d605d)
Start importing Assets/Models/Cave/treePuzzle01.fbx using Guid(111874d7f790a484fbe81db14ef44750) Importer(2089858483,b0f066a214c2f5e87bad3c948f4d605d) (ScriptedImporter) -> (artifact id: '11cbabdec3ce650b48f43cfcfc0ddaf0') in 0.0600452 seconds
Number of updated asset objects reloaded before import = 0Number of asset objects unloaded after import = 38

========================================================================
Received Import Request.
  Time since last request: 0.000056 seconds.
  path: Assets/DialoguerOutput/Enums/DialoguerDialogues.cs
  artifactKey: Guid(1c2e2563234ad412cbd9537ab281deb2) Importer(2089858483,b0f066a214c2f5e87bad3c948f4d605d)
Start importing Assets/DialoguerOutput/Enums/DialoguerDialogues.cs using Guid(1c2e2563234ad412cbd9537ab281deb2) Importer(2089858483,b0f066a214c2f5e87bad3c948f4d605d) (ScriptedImporter) -> (artifact id: 'd33c7c3dc63ee05e4faaf01c48622c10') in 0.0402028 seconds
Number of updated asset objects reloaded before import = 0Number of asset objects unloaded after import = 0

========================================================================
Received Import Request.
  Time since last request: 0.000127 seconds.
  path: Assets/Scenes/sceneselect.unity
  artifactKey: Guid(d46739c73d504ad4db17c2970cc0cd91) Importer(2089858483,b0f066a214c2f5e87bad3c948f4d605d)
Start importing Assets/Scenes/sceneselect.unity using Guid(d46739c73d504ad4db17c2970cc0cd91) Importer(2089858483,b0f066a214c2f5e87bad3c948f4d605d) (ScriptedImporter) -> (artifact id: 'b7af286f420d6f86c5395cc1ccc74f52') in 0.0671803 seconds
Number of updated asset objects reloaded before import = 0Number of asset objects unloaded after import = 1

========================================================================
Received Import Request.
  Time since last request: 0.000045 seconds.
  path: Assets/Models/Boat/supportBends.fbx
  artifactKey: Guid(9d50a6571e7f05940bb8aef6fa6583ff) Importer(2089858483,b0f066a214c2f5e87bad3c948f4d605d)
Start importing Assets/Models/Boat/supportBends.fbx using Guid(9d50a6571e7f05940bb8aef6fa6583ff) Importer(2089858483,b0f066a214c2f5e87bad3c948f4d605d) (ScriptedImporter) -> (artifact id: 'b5833e508a770fd0cd28a47dc8711e88') in 0.0815922 seconds
Number of updated asset objects reloaded before import = 0Number of asset objects unloaded after import = 16

========================================================================
Received Import Request.
  Time since last request: 0.000053 seconds.
  path: Assets/Models/Background/barrel.fbx
  artifactKey: Guid(65e42c49a8bfdb846b37304a602394ae) Importer(2089858483,b0f066a214c2f5e87bad3c948f4d605d)
Start importing Assets/Models/Background/barrel.fbx using Guid(65e42c49a8bfdb846b37304a602394ae) Importer(2089858483,b0f066a214c2f5e87bad3c948f4d605d) (ScriptedImporter) -> (artifact id: '9f17c1515497e05782a1c29e3b2b9723') in 0.0833993 seconds
Number of updated asset objects reloaded before import = 0Number of asset objects unloaded after import = 9

========================================================================
Received Import Request.
  Time since last request: 0.000108 seconds.
  path: Assets/Models/Boat/iceFlake02.fbx
  artifactKey: Guid(186eaa5912070b649bb97f3270b01265) Importer(2089858483,b0f066a214c2f5e87bad3c948f4d605d)
Start importing Assets/Models/Boat/iceFlake02.fbx using Guid(186eaa5912070b649bb97f3270b01265) Importer(2089858483,b0f066a214c2f5e87bad3c948f4d605d) (ScriptedImporter) -> (artifact id: '40ad93e26de7a41882503919cb99b821') in 0.058682 seconds
Number of updated asset objects reloaded before import = 0Number of asset objects unloaded after import = 7

========================================================================
Received Import Request.
  Time since last request: 0.000039 seconds.
  path: Assets/Prefabs/Background/snow_01.prefab
  artifactKey: Guid(10cd2edea8a394944a7eaebe2b58739f) Importer(2089858483,b0f066a214c2f5e87bad3c948f4d605d)
Start importing Assets/Prefabs/Background/snow_01.prefab using Guid(10cd2edea8a394944a7eaebe2b58739f) Importer(2089858483,b0f066a214c2f5e87bad3c948f4d605d) (ScriptedImporter) -> (artifact id: 'aa6e7766a6e0995f1508ac57434cef07') in 0.0638686 seconds
Number of updated asset objects reloaded before import = 0Number of asset objects unloaded after import = 8

========================================================================
Received Import Request.
  Time since last request: 0.000060 seconds.
  path: Assets/Models/Hus/iceBreakingHole.fbx
  artifactKey: Guid(3b96c7373b09db645a72ca01a3069c0a) Importer(2089858483,b0f066a214c2f5e87bad3c948f4d605d)
Start importing Assets/Models/Hus/iceBreakingHole.fbx using Guid(3b96c7373b09db645a72ca01a3069c0a) Importer(2089858483,b0f066a214c2f5e87bad3c948f4d605d) (ScriptedImporter) -> (artifact id: '83da3047c17ce09a4345853ab398521f') in 0.0693165 seconds
Number of updated asset objects reloaded before import = 0Number of asset objects unloaded after import = 23

========================================================================
Received Import Request.
  Time since last request: 0.000066 seconds.
  path: Assets/Prefabs/Boat/floorBoardsGrouped.prefab
  artifactKey: Guid(5351f024800539d46becaebde775e3cc) Importer(2089858483,b0f066a214c2f5e87bad3c948f4d605d)
Start importing Assets/Prefabs/Boat/floorBoardsGrouped.prefab using Guid(5351f024800539d46becaebde775e3cc) Importer(2089858483,b0f066a214c2f5e87bad3c948f4d605d) (ScriptedImporter) -> (artifact id: 'ac8946cbb74d4b5a502f0afcc0d95f57') in 0.0713408 seconds
Number of updated asset objects reloaded before import = 0Number of asset objects unloaded after import = 8

========================================================================
Received Import Request.
  Time since last request: 0.000054 seconds.
  path: Assets/Prefabs/Background/snow_02.prefab
  artifactKey: Guid(f98998836f8c2e7478211dc4ff8e4770) Importer(2089858483,b0f066a214c2f5e87bad3c948f4d605d)
Start importing Assets/Prefabs/Background/snow_02.prefab using Guid(f98998836f8c2e7478211dc4ff8e4770) Importer(2089858483,b0f066a214c2f5e87bad3c948f4d605d) (ScriptedImporter) -> (artifact id: '502c4bce6329f29d156f33d29392ab74') in 0.0625489 seconds
Number of updated asset objects reloaded before import = 0Number of asset objects unloaded after import = 8

========================================================================
Received Import Request.
  Time since last request: 0.000058 seconds.
  path: Assets/Prefabs/Boat/floorBoardsGroupedDark.prefab
  artifactKey: Guid(55f6da8191156bd4b8bdd5e72117a7c5) Importer(2089858483,b0f066a214c2f5e87bad3c948f4d605d)
Start importing Assets/Prefabs/Boat/floorBoardsGroupedDark.prefab using Guid(55f6da8191156bd4b8bdd5e72117a7c5) Importer(2089858483,b0f066a214c2f5e87bad3c948f4d605d) (ScriptedImporter) -> (artifact id: '55b47c37d014938e8a80e55368b40138') in 0.0557967 seconds
Number of updated asset objects reloaded before import = 0Number of asset objects unloaded after import = 8

========================================================================
Received Import Request.
  Time since last request: 0.000084 seconds.
  path: Assets/Models/Snow/snowOUtsideboat.fbx
  artifactKey: Guid(18d346e3189bcf443b5ef3ceb48ddad3) Importer(2089858483,b0f066a214c2f5e87bad3c948f4d605d)
Start importing Assets/Models/Snow/snowOUtsideboat.fbx using Guid(18d346e3189bcf443b5ef3ceb48ddad3) Importer(2089858483,b0f066a214c2f5e87bad3c948f4d605d) (ScriptedImporter) -> (artifact id: '57dd80203e0e4f19ee96686688a40574') in 0.0757062 seconds
Number of updated asset objects reloaded before import = 0Number of asset objects unloaded after import = 7

========================================================================
Received Import Request.
  Time since last request: 0.000063 seconds.
  path: Assets/Models/Snow/iceicles.fbx
  artifactKey: Guid(ce3990d452ed53646bbd4312060062a7) Importer(2089858483,b0f066a214c2f5e87bad3c948f4d605d)
Start importing Assets/Models/Snow/iceicles.fbx using Guid(ce3990d452ed53646bbd4312060062a7) Importer(2089858483,b0f066a214c2f5e87bad3c948f4d605d) (ScriptedImporter) -> (artifact id: 'bfc5723b36aece11309f72fa483c84c9') in 0.0607118 seconds
Number of updated asset objects reloaded before import = 0Number of asset objects unloaded after import = 19

========================================================================
Received Import Request.
  Time since last request: 0.000115 seconds.
  path: Assets/Models/Cave/runestoneBeam.fbx
  artifactKey: Guid(aa38e513afaaf7349819972b6ffffebe) Importer(2089858483,b0f066a214c2f5e87bad3c948f4d605d)
Start importing Assets/Models/Cave/runestoneBeam.fbx using Guid(aa38e513afaaf7349819972b6ffffebe) Importer(2089858483,b0f066a214c2f5e87bad3c948f4d605d) (ScriptedImporter) -> (artifact id: 'fd9e830ec9279e5ac09dcc1affdc1792') in 0.0715059 seconds
Number of updated asset objects reloaded before import = 0Number of asset objects unloaded after import = 42

========================================================================
Received Import Request.
  Time since last request: 0.000097 seconds.
  path: Assets/Models/Cave/platTest01.fbx
  artifactKey: Guid(9a1c4551b4fcb274d9aed08ef93073b0) Importer(2089858483,b0f066a214c2f5e87bad3c948f4d605d)
Start importing Assets/Models/Cave/platTest01.fbx using Guid(9a1c4551b4fcb274d9aed08ef93073b0) Importer(2089858483,b0f066a214c2f5e87bad3c948f4d605d) (ScriptedImporter) -> (artifact id: '3b34a43bd3d64ada743aa868fe5f86ee') in 0.0819737 seconds
Number of updated asset objects reloaded before import = 0Number of asset objects unloaded after import = 7

========================================================================
Received Import Request.
  Time since last request: 0.000941 seconds.
  path: Assets/Screenshots/Screenshot.png
  artifactKey: Guid(86dc217a696242d4ba6450f186338534) Importer(2089858483,b0f066a214c2f5e87bad3c948f4d605d)
Start importing Assets/Screenshots/Screenshot.png using Guid(86dc217a696242d4ba6450f186338534) Importer(2089858483,b0f066a214c2f5e87bad3c948f4d605d) (ScriptedImporter) -> (artifact id: '1992af05eefa482fc13c9a4324645000') in 0.0610916 seconds
Number of updated asset objects reloaded before import = 0Number of asset objects unloaded after import = 1

========================================================================
Received Import Request.
  Time since last request: 0.000086 seconds.
  path: Assets/Models/Effects/rangeCircle.fbx
  artifactKey: Guid(4b91896b6a5201944991c9b2b155a68b) Importer(2089858483,b0f066a214c2f5e87bad3c948f4d605d)
Start importing Assets/Models/Effects/rangeCircle.fbx using Guid(4b91896b6a5201944991c9b2b155a68b) Importer(2089858483,b0f066a214c2f5e87bad3c948f4d605d) (ScriptedImporter) -> (artifact id: '68222db85dbfc1ac9ac1e24ae88d0167') in 0.0670764 seconds
Number of updated asset objects reloaded before import = 0Number of asset objects unloaded after import = 7

========================================================================
Received Import Request.
  Time since last request: 0.000044 seconds.
  path: Assets/Shaders/NoNormalsOnlyshowVertexTestNoBlacks.shader
  artifactKey: Guid(1561cffbdd09f314a9b81a59ba6b7b27) Importer(2089858483,b0f066a214c2f5e87bad3c948f4d605d)
Start importing Assets/Shaders/NoNormalsOnlyshowVertexTestNoBlacks.shader using Guid(1561cffbdd09f314a9b81a59ba6b7b27) Importer(2089858483,b0f066a214c2f5e87bad3c948f4d605d) (ScriptedImporter) -> (artifact id: 'e988ebaeb91298e6f2800b0ec1cf0811') in 0.0808626 seconds
Number of updated asset objects reloaded before import = 0Number of asset objects unloaded after import = 1

========================================================================
Received Import Request.
  Time since last request: 0.000064 seconds.
  path: Assets/Models/Character/Char02.fbx
  artifactKey: Guid(8bb75dad508a9a548a77156b70637509) Importer(2089858483,b0f066a214c2f5e87bad3c948f4d605d)
Start importing Assets/Models/Character/Char02.fbx using Guid(8bb75dad508a9a548a77156b70637509) Importer(2089858483,b0f066a214c2f5e87bad3c948f4d605d) (ScriptedImporter) -> (artifact id: '48de522050c436c1ca0f6854c78e5b76') in 0.1512193 seconds
Number of updated asset objects reloaded before import = 0Number of asset objects unloaded after import = 270

========================================================================
Received Import Request.
  Time since last request: 0.000196 seconds.
  path: Assets/Prefabs/Interaction/InteractCircle.prefab
  artifactKey: Guid(dfc5feac5f033a640970e43ef9eb0adb) Importer(2089858483,b0f066a214c2f5e87bad3c948f4d605d)
Start importing Assets/Prefabs/Interaction/InteractCircle.prefab using Guid(dfc5feac5f033a640970e43ef9eb0adb) Importer(2089858483,b0f066a214c2f5e87bad3c948f4d605d) (ScriptedImporter) -> (artifact id: 'e8c837ac74a4b87c28ae467494dc287d') in 0.062392 seconds
Number of updated asset objects reloaded before import = 0Number of asset objects unloaded after import = 15

========================================================================
Received Import Request.
  Time since last request: 0.000054 seconds.
  path: Assets/ScreenDrops/_Materials/matScreenDropsLayer0.mat
  artifactKey: Guid(4369245c1313a1a438e9371b43793414) Importer(2089858483,b0f066a214c2f5e87bad3c948f4d605d)
Start importing Assets/ScreenDrops/_Materials/matScreenDropsLayer0.mat using Guid(4369245c1313a1a438e9371b43793414) Importer(2089858483,b0f066a214c2f5e87bad3c948f4d605d) (ScriptedImporter) -> (artifact id: 'd55fba08e81900374f515948377a64db') in 0.1238108 seconds
Number of updated asset objects reloaded before import = 0Number of asset objects unloaded after import = 2

========================================================================
Received Import Request.
  Time since last request: 0.000094 seconds.
  path: Assets/ScreenDrops/_Materials/matScreenDropsSimple.mat
  artifactKey: Guid(9c6452b717b18184e86b13f2bb3f112f) Importer(2089858483,b0f066a214c2f5e87bad3c948f4d605d)
Start importing Assets/ScreenDrops/_Materials/matScreenDropsSimple.mat using Guid(9c6452b717b18184e86b13f2bb3f112f) Importer(2089858483,b0f066a214c2f5e87bad3c948f4d605d) (ScriptedImporter) -> (artifact id: '2b5907fb634dd62baf38438e12bcac14') in 0.0872204 seconds
Number of updated asset objects reloaded before import = 0Number of asset objects unloaded after import = 5

========================================================================
Received Import Request.
  Time since last request: 0.000097 seconds.
  path: Assets/ScreenDrops/_Materials/matScreenDropsLayer1.mat
  artifactKey: Guid(948003f239103cc4a878c70af2f81408) Importer(2089858483,b0f066a214c2f5e87bad3c948f4d605d)
Start importing Assets/ScreenDrops/_Materials/matScreenDropsLayer1.mat using Guid(948003f239103cc4a878c70af2f81408) Importer(2089858483,b0f066a214c2f5e87bad3c948f4d605d) (ScriptedImporter) -> (artifact id: 'b48ceccdc2cb7440fef14267438003cb') in 0.1087033 seconds
Number of updated asset objects reloaded before import = 0Number of asset objects unloaded after import = 5

========================================================================
Received Import Request.
  Time since last request: 0.000996 seconds.
  path: Assets/Prefabs/Boat/raisingWheel.prefab
  artifactKey: Guid(8c5542ea47c335245b91b4e25589feb3) Importer(2089858483,b0f066a214c2f5e87bad3c948f4d605d)
Start importing Assets/Prefabs/Boat/raisingWheel.prefab using Guid(8c5542ea47c335245b91b4e25589feb3) Importer(2089858483,b0f066a214c2f5e87bad3c948f4d605d) (ScriptedImporter) -> (artifact id: 'f6da48f03ac58f7a98274206b0794dc5') in 0.0651314 seconds
Number of updated asset objects reloaded before import = 0Number of asset objects unloaded after import = 27

========================================================================
Received Import Request.
  Time since last request: 0.000052 seconds.
  path: Assets/Models/Boat/snowFlat.fbx
  artifactKey: Guid(cebbf0bd62d87a74393fe1248a366a08) Importer(2089858483,b0f066a214c2f5e87bad3c948f4d605d)
Start importing Assets/Models/Boat/snowFlat.fbx using Guid(cebbf0bd62d87a74393fe1248a366a08) Importer(2089858483,b0f066a214c2f5e87bad3c948f4d605d) (ScriptedImporter) -> (artifact id: 'ad4f4e4afe7dd5910a4a27e0c80b8dc9') in 0.1133422 seconds
Number of updated asset objects reloaded before import = 0Number of asset objects unloaded after import = 7

========================================================================
Received Import Request.
  Time since last request: 0.000072 seconds.
  path: Assets/Models/Character/charWalk04.fbx
  artifactKey: Guid(dcf401491852a784899743bd6222003d) Importer(2089858483,b0f066a214c2f5e87bad3c948f4d605d)
Start importing Assets/Models/Character/charWalk04.fbx using Guid(dcf401491852a784899743bd6222003d) Importer(2089858483,b0f066a214c2f5e87bad3c948f4d605d) (ScriptedImporter) -> (artifact id: 'e6b083c6215eb572693339aa785d8585') in 0.2864021 seconds
Number of updated asset objects reloaded before import = 0Number of asset objects unloaded after import = 164

========================================================================
Received Import Request.
  Time since last request: 0.001049 seconds.
  path: Assets/ScreenDrops/_Textures/screendropsTex1.png
  artifactKey: Guid(04e7af373901fd24c94e137f11b0faf3) Importer(2089858483,b0f066a214c2f5e87bad3c948f4d605d)
Start importing Assets/ScreenDrops/_Textures/screendropsTex1.png using Guid(04e7af373901fd24c94e137f11b0faf3) Importer(2089858483,b0f066a214c2f5e87bad3c948f4d605d) (ScriptedImporter) -> (artifact id: '7e9fdc0cc44c32313a23b6ad29930220') in 0.2589273 seconds
Number of updated asset objects reloaded before import = 0Number of asset objects unloaded after import = 1

========================================================================
Received Import Request.
  Time since last request: 0.175139 seconds.
  path: Assets/ScreenDrops/_Textures/screendropsBump0.png
  artifactKey: Guid(514493eef59cc7140b2f2c3f7e9f0e16) Importer(2089858483,b0f066a214c2f5e87bad3c948f4d605d)
Start importing Assets/ScreenDrops/_Textures/screendropsBump0.png using Guid(514493eef59cc7140b2f2c3f7e9f0e16) Importer(2089858483,b0f066a214c2f5e87bad3c948f4d605d) (ScriptedImporter) -> (artifact id: 'ebf839db65ac5fd57704a4e8cb45f6bf') in 0.2326807 seconds
Number of updated asset objects reloaded before import = 0Number of asset objects unloaded after import = 1

========================================================================
Received Import Request.
  Time since last request: 0.000263 seconds.
  path: Assets/ScreenDrops/_Textures/screendropsAlpha2.png
  artifactKey: Guid(cc97d9f215658b041bc9f11d3af6cf3d) Importer(2089858483,b0f066a214c2f5e87bad3c948f4d605d)
Start importing Assets/ScreenDrops/_Textures/screendropsAlpha2.png using Guid(cc97d9f215658b041bc9f11d3af6cf3d) Importer(2089858483,b0f066a214c2f5e87bad3c948f4d605d) (ScriptedImporter) -> (artifact id: '5e170a2772009d25059dde1458b93504') in 0.1934791 seconds
Number of updated asset objects reloaded before import = 0Number of asset objects unloaded after import = 1

========================================================================
Received Import Request.
  Time since last request: 0.053420 seconds.
  path: Assets/Scripts/Visual/FullScreen.cs
  artifactKey: Guid(1748278ca2ce1a043bcc83a3c1e09ce8) Importer(2089858483,b0f066a214c2f5e87bad3c948f4d605d)
Start importing Assets/Scripts/Visual/FullScreen.cs using Guid(1748278ca2ce1a043bcc83a3c1e09ce8) Importer(2089858483,b0f066a214c2f5e87bad3c948f4d605d) (ScriptedImporter) -> (artifact id: 'ea682617ba0f7b6d34bc13970760b45e') in 0.195832 seconds
Number of updated asset objects reloaded before import = 0Number of asset objects unloaded after import = 0

========================================================================
Received Import Request.
  Time since last request: 0.044141 seconds.
  path: Assets/Scripts/EnvironmentBehaviour/FloatChar.cs
  artifactKey: Guid(c2a71ada538dc8048b7e66039baa0ec8) Importer(2089858483,b0f066a214c2f5e87bad3c948f4d605d)
Start importing Assets/Scripts/EnvironmentBehaviour/FloatChar.cs using Guid(c2a71ada538dc8048b7e66039baa0ec8) Importer(2089858483,b0f066a214c2f5e87bad3c948f4d605d) (ScriptedImporter) -> (artifact id: '05872dbaf4c0540b058919ad8c84a475') in 0.1504968 seconds
Number of updated asset objects reloaded before import = 0Number of asset objects unloaded after import = 0

========================================================================
Received Import Request.
  Time since last request: 0.000161 seconds.
  path: Assets/Scripts/Visual/Snowstorm.cs
  artifactKey: Guid(bfc57bb2dab5c444c820a0eb2aa382b1) Importer(2089858483,b0f066a214c2f5e87bad3c948f4d605d)
Start importing Assets/Scripts/Visual/Snowstorm.cs using Guid(bfc57bb2dab5c444c820a0eb2aa382b1) Importer(2089858483,b0f066a214c2f5e87bad3c948f4d605d) (ScriptedImporter) -> (artifact id: 'ebecaf59d9d61b826cd755acc3d31709') in 0.3128105 seconds
Number of updated asset objects reloaded before import = 0Number of asset objects unloaded after import = 0

========================================================================
Received Import Request.
  Time since last request: 0.091986 seconds.
  path: Assets/Sounds/Ambient/blizzard.wav
  artifactKey: Guid(2961323172aae5241af2a59256ef395d) Importer(2089858483,b0f066a214c2f5e87bad3c948f4d605d)
Start importing Assets/Sounds/Ambient/blizzard.wav using Guid(2961323172aae5241af2a59256ef395d) Importer(2089858483,b0f066a214c2f5e87bad3c948f4d605d) (ScriptedImporter) -> (artifact id: '6fd3a1384dfda37bc1a041f875fd8baa') in 0.4562265 seconds
Number of updated asset objects reloaded before import = 0Number of asset objects unloaded after import = 1

========================================================================
Received Import Request.
  Time since last request: 0.120214 seconds.
  path: Assets/Prefabs/Boat/midBeam01.prefab
  artifactKey: Guid(d4e262bb6fcfd2e4dac848dac9e1aa66) Importer(2089858483,b0f066a214c2f5e87bad3c948f4d605d)
Start importing Assets/Prefabs/Boat/midBeam01.prefab using Guid(d4e262bb6fcfd2e4dac848dac9e1aa66) Importer(2089858483,b0f066a214c2f5e87bad3c948f4d605d) (ScriptedImporter) -> (artifact id: '32d63cdf6462b1e610144ca7c4cc2685') in 0.1121658 seconds
Number of updated asset objects reloaded before import = 0Number of asset objects unloaded after import = 8

========================================================================
Received Import Request.
  Time since last request: 0.000092 seconds.
  path: Assets/Sounds/Ambient/lever 2.wav
  artifactKey: Guid(e590c2e38b8ff134e99ba646e7949e32) Importer(2089858483,b0f066a214c2f5e87bad3c948f4d605d)
Start importing Assets/Sounds/Ambient/lever 2.wav using Guid(e590c2e38b8ff134e99ba646e7949e32) Importer(2089858483,b0f066a214c2f5e87bad3c948f4d605d) (ScriptedImporter) -> (artifact id: 'fd951462eba6b01115652665e518a3cb') in 0.7761496 seconds
Number of updated asset objects reloaded before import = 0Number of asset objects unloaded after import = 1

========================================================================
Received Import Request.
  Time since last request: 0.005492 seconds.
  path: Assets/SoundManagerPro/Demo/SoundManagerProDemoScenePart2.unity
  artifactKey: Guid(cc2ed549f40bdd44881d59e988e97a6c) Importer(2089858483,b0f066a214c2f5e87bad3c948f4d605d)
Start importing Assets/SoundManagerPro/Demo/SoundManagerProDemoScenePart2.unity using Guid(cc2ed549f40bdd44881d59e988e97a6c) Importer(2089858483,b0f066a214c2f5e87bad3c948f4d605d) (ScriptedImporter) -> (artifact id: 'e6b1bc40f5c81f9a0aa273acbd3f0027') in 0.1201067 seconds
Number of updated asset objects reloaded before import = 0Number of asset objects unloaded after import = 1

========================================================================
Received Import Request.
  Time since last request: 0.000875 seconds.
  path: Assets/Sounds/Ambient/spirit form.wav
  artifactKey: Guid(24caff86fd0dbc242b3a4caf62e2ad2f) Importer(2089858483,b0f066a214c2f5e87bad3c948f4d605d)
Start importing Assets/Sounds/Ambient/spirit form.wav using Guid(24caff86fd0dbc242b3a4caf62e2ad2f) Importer(2089858483,b0f066a214c2f5e87bad3c948f4d605d) (ScriptedImporter) -> (artifact id: 'b03cc1b4c18e0f1fab0fdf240f6cc48e') in 0.2391061 seconds
Number of updated asset objects reloaded before import = 0Number of asset objects unloaded after import = 1

========================================================================
Received Import Request.
  Time since last request: 0.002069 seconds.
  path: Assets/Prefabs/Interaction/InteractCircleX.prefab
  artifactKey: Guid(da2e473d8b575bd41affb7c52a99e1b8) Importer(2089858483,b0f066a214c2f5e87bad3c948f4d605d)
Start importing Assets/Prefabs/Interaction/InteractCircleX.prefab using Guid(da2e473d8b575bd41affb7c52a99e1b8) Importer(2089858483,b0f066a214c2f5e87bad3c948f4d605d) (ScriptedImporter) -> (artifact id: '0dbe8492cdd567713f41da691b1f367d') in 0.1409954 seconds
Number of updated asset objects reloaded before import = 0Number of asset objects unloaded after import = 20

========================================================================
Received Import Request.
  Time since last request: 0.000054 seconds.
  path: Assets/Models/Enemies/enemy01.fbx
  artifactKey: Guid(2c509ad7dcddd6a47926b50637296f13) Importer(2089858483,b0f066a214c2f5e87bad3c948f4d605d)
Start importing Assets/Models/Enemies/enemy01.fbx using Guid(2c509ad7dcddd6a47926b50637296f13) Importer(2089858483,b0f066a214c2f5e87bad3c948f4d605d) (ScriptedImporter) -> (artifact id: 'a407e30b80b233974d2a053764fe3736') in 0.3730701 seconds
Number of updated asset objects reloaded before import = 0Number of asset objects unloaded after import = 16

========================================================================
Received Import Request.
  Time since last request: 0.001633 seconds.
  path: Assets/Sounds/Footsteps/snow short 1.wav
  artifactKey: Guid(80e962c4c6a6d484c994531ffe8318ac) Importer(2089858483,b0f066a214c2f5e87bad3c948f4d605d)
Start importing Assets/Sounds/Footsteps/snow short 1.wav using Guid(80e962c4c6a6d484c994531ffe8318ac) Importer(2089858483,b0f066a214c2f5e87bad3c948f4d605d) (ScriptedImporter) -> (artifact id: '7bf061edb2b599f7cc44a53b442d7379') in 0.2876936 seconds
Number of updated asset objects reloaded before import = 0Number of asset objects unloaded after import = 1

========================================================================
Received Import Request.
  Time since last request: 0.000084 seconds.
  path: Assets/Sounds/Footsteps/snow short 3.wav
  artifactKey: Guid(22b89d7e9336ac442833215a382ce91f) Importer(2089858483,b0f066a214c2f5e87bad3c948f4d605d)
Start importing Assets/Sounds/Footsteps/snow short 3.wav using Guid(22b89d7e9336ac442833215a382ce91f) Importer(2089858483,b0f066a214c2f5e87bad3c948f4d605d) (ScriptedImporter) -> (artifact id: 'ed376ba8c8335d802ea42998ab8fca52') in 0.204291 seconds
Number of updated asset objects reloaded before import = 0Number of asset objects unloaded after import = 1

========================================================================
Received Import Request.
  Time since last request: 0.000047 seconds.
  path: Assets/Scripts/MusicHandler.cs
  artifactKey: Guid(c0321940a5723b04caaa1fda86b127b4) Importer(2089858483,b0f066a214c2f5e87bad3c948f4d605d)
Start importing Assets/Scripts/MusicHandler.cs using Guid(c0321940a5723b04caaa1fda86b127b4) Importer(2089858483,b0f066a214c2f5e87bad3c948f4d605d) (ScriptedImporter) -> (artifact id: '0cfd11e6da37c1149564878da8e81b8f') in 0.0979767 seconds
Number of updated asset objects reloaded before import = 0Number of asset objects unloaded after import = 0

========================================================================
Received Import Request.
  Time since last request: 0.000088 seconds.
  path: Assets/Scripts/TargetFollow.cs
  artifactKey: Guid(9a59ce83454d5e64eb09467fe6703ce5) Importer(2089858483,b0f066a214c2f5e87bad3c948f4d605d)
Start importing Assets/Scripts/TargetFollow.cs using Guid(9a59ce83454d5e64eb09467fe6703ce5) Importer(2089858483,b0f066a214c2f5e87bad3c948f4d605d) (ScriptedImporter) -> (artifact id: '28bd9f04392bd632326e4602653ed095') in 0.0808637 seconds
Number of updated asset objects reloaded before import = 0Number of asset objects unloaded after import = 0

========================================================================
Received Import Request.
  Time since last request: 0.000535 seconds.
  path: Assets/Scripts/Actions/Move.cs
  artifactKey: Guid(d14fe0d0d21d6fd4998c6b4c4bab6fb6) Importer(2089858483,b0f066a214c2f5e87bad3c948f4d605d)
Start importing Assets/Scripts/Actions/Move.cs using Guid(d14fe0d0d21d6fd4998c6b4c4bab6fb6) Importer(2089858483,b0f066a214c2f5e87bad3c948f4d605d) (ScriptedImporter) -> (artifact id: '84b45793082a09ab0e70aa2d3c6e83b7') in 0.075544 seconds
Number of updated asset objects reloaded before import = 0Number of asset objects unloaded after import = 0

========================================================================
Received Import Request.
  Time since last request: 0.006091 seconds.
  path: Assets/Models/Character/Top.mask
  artifactKey: Guid(7de7d755ffe82334cafd3339afee9584) Importer(2089858483,b0f066a214c2f5e87bad3c948f4d605d)
Start importing Assets/Models/Character/Top.mask using Guid(7de7d755ffe82334cafd3339afee9584) Importer(2089858483,b0f066a214c2f5e87bad3c948f4d605d) (ScriptedImporter) -> (artifact id: '0ed1a3842e163e3b7268685a083e6a51') in 0.055777 seconds
Number of updated asset objects reloaded before import = 0Number of asset objects unloaded after import = 1

========================================================================
Received Import Request.
  Time since last request: 0.000380 seconds.
  path: Assets/Standard Assets/Image Effects (Pro Only)/AntialiasingAsPostEffect.js
  artifactKey: Guid(a9aaa3f5f2d574f228e4a21aa38b61e4) Importer(2089858483,b0f066a214c2f5e87bad3c948f4d605d)
Start importing Assets/Standard Assets/Image Effects (Pro Only)/AntialiasingAsPostEffect.js using Guid(a9aaa3f5f2d574f228e4a21aa38b61e4) Importer(2089858483,b0f066a214c2f5e87bad3c948f4d605d) (ScriptedImporter) -> (artifact id: '63ad4778f5e3ebf3a8f6f820b2940255') in 0.0765661 seconds
Number of updated asset objects reloaded before import = 0Number of asset objects unloaded after import = 1

========================================================================
Received Import Request.
  Time since last request: 0.000188 seconds.
  path: Assets/Sounds/Music/3 runestone v0.7.mp3
  artifactKey: Guid(7df4070e0abad3f4b921068abe2ac5c9) Importer(2089858483,b0f066a214c2f5e87bad3c948f4d605d)
Start importing Assets/Sounds/Music/3 runestone v0.7.mp3 using Guid(7df4070e0abad3f4b921068abe2ac5c9) Importer(2089858483,b0f066a214c2f5e87bad3c948f4d605d) (ScriptedImporter) -> (artifact id: '35fe1944f286b8b4c480c67d65b75a36') in 0.1001583 seconds
Number of updated asset objects reloaded before import = 0Number of asset objects unloaded after import = 1

========================================================================
Received Import Request.
  Time since last request: 0.000104 seconds.
  path: Assets/Sounds/Footsteps/wood15.wav
  artifactKey: Guid(a21be63bbaa704d4989e125b61df4b55) Importer(2089858483,b0f066a214c2f5e87bad3c948f4d605d)
Start importing Assets/Sounds/Footsteps/wood15.wav using Guid(a21be63bbaa704d4989e125b61df4b55) Importer(2089858483,b0f066a214c2f5e87bad3c948f4d605d) (ScriptedImporter) -> (artifact id: 'dccc84832d8b1025342cdc22ce8811c5') in 0.1632362 seconds
Number of updated asset objects reloaded before import = 0Number of asset objects unloaded after import = 1

========================================================================
Received Import Request.
  Time since last request: 0.000067 seconds.
  path: Assets/Sounds/Footsteps/wood16.wav
  artifactKey: Guid(15055933069810746991c21aacb87eab) Importer(2089858483,b0f066a214c2f5e87bad3c948f4d605d)
Start importing Assets/Sounds/Footsteps/wood16.wav using Guid(15055933069810746991c21aacb87eab) Importer(2089858483,b0f066a214c2f5e87bad3c948f4d605d) (ScriptedImporter) -> (artifact id: 'f993f4acfe19c0934d1cdea9000bfab5') in 0.1278725 seconds
Number of updated asset objects reloaded before import = 0Number of asset objects unloaded after import = 1

========================================================================
Received Import Request.
  Time since last request: 0.000196 seconds.
  path: Assets/Prefabs/Interaction/runestoneTeleport01.prefab
  artifactKey: Guid(992538c3d166e9a4f9ad98232f9a837e) Importer(2089858483,b0f066a214c2f5e87bad3c948f4d605d)
Start importing Assets/Prefabs/Interaction/runestoneTeleport01.prefab using Guid(992538c3d166e9a4f9ad98232f9a837e) Importer(2089858483,b0f066a214c2f5e87bad3c948f4d605d) (ScriptedImporter) -> (artifact id: 'bf9e0b445d2066dcb32f292c1fad657f') in 0.0769861 seconds
Number of updated asset objects reloaded before import = 0Number of asset objects unloaded after import = 21

========================================================================
Received Import Request.
  Time since last request: 0.001746 seconds.
  path: Assets/Sounds/Footsteps/stone8.wav
  artifactKey: Guid(5f2a919d4e2a87e48894d54673f8e15e) Importer(2089858483,b0f066a214c2f5e87bad3c948f4d605d)
Start importing Assets/Sounds/Footsteps/stone8.wav using Guid(5f2a919d4e2a87e48894d54673f8e15e) Importer(2089858483,b0f066a214c2f5e87bad3c948f4d605d) (ScriptedImporter) -> (artifact id: '5372e42e04d15c32eedbe821be8724d9') in 0.1678979 seconds
Number of updated asset objects reloaded before import = 0Number of asset objects unloaded after import = 1

========================================================================
Received Import Request.
  Time since last request: 0.000072 seconds.
  path: Assets/SoundManagerPro/Editor/SMPMenuItems.cs
  artifactKey: Guid(14384da9d93b6244caa9f5fd6c1a7ae0) Importer(2089858483,b0f066a214c2f5e87bad3c948f4d605d)
Start importing Assets/SoundManagerPro/Editor/SMPMenuItems.cs using Guid(14384da9d93b6244caa9f5fd6c1a7ae0) Importer(2089858483,b0f066a214c2f5e87bad3c948f4d605d) (ScriptedImporter) -> (artifact id: '2eb0930590602add24f6cd3eea7d147d') in 0.1049172 seconds
Number of updated asset objects reloaded before import = 0Number of asset objects unloaded after import = 0

========================================================================
Received Import Request.
  Time since last request: 0.007260 seconds.
  path: Assets/Standard Assets/Image Effects (Pro Only)/MotionBlur.cs
  artifactKey: Guid(478a2083ad114a07d000fbfb8d76c639) Importer(2089858483,b0f066a214c2f5e87bad3c948f4d605d)
Start importing Assets/Standard Assets/Image Effects (Pro Only)/MotionBlur.cs using Guid(478a2083ad114a07d000fbfb8d76c639) Importer(2089858483,b0f066a214c2f5e87bad3c948f4d605d) (ScriptedImporter) -> (artifact id: '5d5e3ac1b16e7ad8d22c101513b173b4') in 0.0601069 seconds
Number of updated asset objects reloaded before import = 0Number of asset objects unloaded after import = 0

========================================================================
Received Import Request.
  Time since last request: 0.000130 seconds.
  path: Assets/Standard Assets/Image Effects (Pro Only)/GlowEffect.cs
  artifactKey: Guid(0d1352984e3c6465088f6cc7c4ce6e22) Importer(2089858483,b0f066a214c2f5e87bad3c948f4d605d)
Start importing Assets/Standard Assets/Image Effects (Pro Only)/GlowEffect.cs using Guid(0d1352984e3c6465088f6cc7c4ce6e22) Importer(2089858483,b0f066a214c2f5e87bad3c948f4d605d) (ScriptedImporter) -> (artifact id: '5af41bb7e0395fa12b96baad366bd72e') in 0.0721276 seconds
Number of updated asset objects reloaded before import = 0Number of asset objects unloaded after import = 0

========================================================================
Received Import Request.
  Time since last request: 0.000117 seconds.
  path: Assets/Standard Assets/Image Effects (Pro Only)/BlurEffect.cs
  artifactKey: Guid(34382083ad114a07d000fbfb8d76c639) Importer(2089858483,b0f066a214c2f5e87bad3c948f4d605d)
Start importing Assets/Standard Assets/Image Effects (Pro Only)/BlurEffect.cs using Guid(34382083ad114a07d000fbfb8d76c639) Importer(2089858483,b0f066a214c2f5e87bad3c948f4d605d) (ScriptedImporter) -> (artifact id: 'a16c41942030c825027be19756206a5d') in 0.0524265 seconds
Number of updated asset objects reloaded before import = 0Number of asset objects unloaded after import = 0

========================================================================
Received Import Request.
  Time since last request: 0.000132 seconds.
  path: Assets/Standard Assets/Image Effects (Pro Only)/FastBloom.js
  artifactKey: Guid(97b4768c3683045e4bfdb2e78272970c) Importer(2089858483,b0f066a214c2f5e87bad3c948f4d605d)
Start importing Assets/Standard Assets/Image Effects (Pro Only)/FastBloom.js using Guid(97b4768c3683045e4bfdb2e78272970c) Importer(2089858483,b0f066a214c2f5e87bad3c948f4d605d) (ScriptedImporter) -> (artifact id: '68609e35d76b165090021f15a2305e21') in 0.0488616 seconds
Number of updated asset objects reloaded before import = 0Number of asset objects unloaded after import = 1

========================================================================
Received Import Request.
  Time since last request: 0.000456 seconds.
  path: Assets/Standard Assets/Image Effects (Pro Only)/PostEffectsBase.js
  artifactKey: Guid(d9e12470535464538a29207930915629) Importer(2089858483,b0f066a214c2f5e87bad3c948f4d605d)
Start importing Assets/Standard Assets/Image Effects (Pro Only)/PostEffectsBase.js using Guid(d9e12470535464538a29207930915629) Importer(2089858483,b0f066a214c2f5e87bad3c948f4d605d) (ScriptedImporter) -> (artifact id: 'f44975489eef7bee1c2c1b145c26d2de') in 0.0413691 seconds
Number of updated asset objects reloaded before import = 0Number of asset objects unloaded after import = 1

========================================================================
Received Import Request.
  Time since last request: 0.000036 seconds.
  path: Assets/Scripts/EnvironmentBehaviour/SceneFade.cs
  artifactKey: Guid(6eafa0d9c34c8d345a3e15e952037539) Importer(2089858483,b0f066a214c2f5e87bad3c948f4d605d)
Start importing Assets/Scripts/EnvironmentBehaviour/SceneFade.cs using Guid(6eafa0d9c34c8d345a3e15e952037539) Importer(2089858483,b0f066a214c2f5e87bad3c948f4d605d) (ScriptedImporter) -> (artifact id: '56efc9a71cd7f83b0344a1b305f905ff') in 0.0654372 seconds
Number of updated asset objects reloaded before import = 0Number of asset objects unloaded after import = 0

========================================================================
Received Import Request.
  Time since last request: 0.000164 seconds.
  path: Assets/Prefabs/Cave/runestoneStand01.prefab
  artifactKey: Guid(03b3b8bf175e7d141afebdac9bd410a5) Importer(2089858483,b0f066a214c2f5e87bad3c948f4d605d)
Start importing Assets/Prefabs/Cave/runestoneStand01.prefab using Guid(03b3b8bf175e7d141afebdac9bd410a5) Importer(2089858483,b0f066a214c2f5e87bad3c948f4d605d) (ScriptedImporter) -> (artifact id: 'aef962638c3ac68df4600c61040b92f9') in 0.055365 seconds
Number of updated asset objects reloaded before import = 0Number of asset objects unloaded after import = 2

========================================================================
Received Import Request.
  Time since last request: 0.000175 seconds.
  path: Assets/Models/Background/flatBich.fbx
  artifactKey: Guid(8ba6747f439fad64bb4d108a07d8ba22) Importer(2089858483,b0f066a214c2f5e87bad3c948f4d605d)
Start importing Assets/Models/Background/flatBich.fbx using Guid(8ba6747f439fad64bb4d108a07d8ba22) Importer(2089858483,b0f066a214c2f5e87bad3c948f4d605d) (ScriptedImporter) -> (artifact id: 'c2bb94943b0c245a7eb48d00d7d9587d') in 0.0658742 seconds
Number of updated asset objects reloaded before import = 0Number of asset objects unloaded after import = 9

========================================================================
Received Import Request.
  Time since last request: 0.000070 seconds.
  path: Assets/Models/Background/bushGrey03.fbx
  artifactKey: Guid(4c227eef7ecc4b64096f63fcd36113bf) Importer(2089858483,b0f066a214c2f5e87bad3c948f4d605d)
Start importing Assets/Models/Background/bushGrey03.fbx using Guid(4c227eef7ecc4b64096f63fcd36113bf) Importer(2089858483,b0f066a214c2f5e87bad3c948f4d605d) (ScriptedImporter) -> (artifact id: '33370d465248e75c3bf8d6a12df68fff') in 0.0559481 seconds
Number of updated asset objects reloaded before import = 0Number of asset objects unloaded after import = 7

========================================================================
Received Import Request.
  Time since last request: 0.000062 seconds.
  path: Assets/Models/Character/spirit01.fbx
  artifactKey: Guid(a7b9d5ad29c32b247befb2c70be3d85e) Importer(2089858483,b0f066a214c2f5e87bad3c948f4d605d)
Start importing Assets/Models/Character/spirit01.fbx using Guid(a7b9d5ad29c32b247befb2c70be3d85e) Importer(2089858483,b0f066a214c2f5e87bad3c948f4d605d) (ScriptedImporter) -> (artifact id: 'cb70986ae829aa2be79c3b268267be5e') in 0.0876062 seconds
Number of updated asset objects reloaded before import = 0Number of asset objects unloaded after import = 163

========================================================================
Received Import Request.
  Time since last request: 0.000271 seconds.
  path: Assets/Editor/Image Effects/DepthOfField34Editor.js
  artifactKey: Guid(7582ab3f881264059af1f28fe5b7e44b) Importer(2089858483,b0f066a214c2f5e87bad3c948f4d605d)
Start importing Assets/Editor/Image Effects/DepthOfField34Editor.js using Guid(7582ab3f881264059af1f28fe5b7e44b) Importer(2089858483,b0f066a214c2f5e87bad3c948f4d605d) (ScriptedImporter) -> (artifact id: '1d911da6eab9d9a8a32528e0dfb6fbf6') in 0.0618956 seconds
Number of updated asset objects reloaded before import = 0Number of asset objects unloaded after import = 1

========================================================================
Received Import Request.
  Time since last request: 0.000037 seconds.
  path: Assets/Standard Assets/Image Effects (Pro Only)/NoiseAndGrain.js
  artifactKey: Guid(0da8daaf1d21e474bafa968f8f6c9f1e) Importer(2089858483,b0f066a214c2f5e87bad3c948f4d605d)
Start importing Assets/Standard Assets/Image Effects (Pro Only)/NoiseAndGrain.js using Guid(0da8daaf1d21e474bafa968f8f6c9f1e) Importer(2089858483,b0f066a214c2f5e87bad3c948f4d605d) (ScriptedImporter) -> (artifact id: 'dcb2469bf513dbe2cab9bfdb2ca7fb52') in 0.051619 seconds
Number of updated asset objects reloaded before import = 0Number of asset objects unloaded after import = 1

========================================================================
Received Import Request.
  Time since last request: 0.000110 seconds.
  path: Assets/Models/Background/bushBrown03.fbx
  artifactKey: Guid(acf1aa010ace8f741a7bb15a0d1ba063) Importer(2089858483,b0f066a214c2f5e87bad3c948f4d605d)
Start importing Assets/Models/Background/bushBrown03.fbx using Guid(acf1aa010ace8f741a7bb15a0d1ba063) Importer(2089858483,b0f066a214c2f5e87bad3c948f4d605d) (ScriptedImporter) -> (artifact id: '1f9c065eac4dbb26bcaf2fbc75ffdfe2') in 0.2633235 seconds
Number of updated asset objects reloaded before import = 0Number of asset objects unloaded after import = 7

========================================================================
Received Import Request.
  Time since last request: 0.000201 seconds.
  path: Assets/DialoguerExamples/NextGen RPG/Skins/NextGen RPG GUI Skin.guiskin
  artifactKey: Guid(6036ebbffb9d0441abed438a897fdac4) Importer(2089858483,b0f066a214c2f5e87bad3c948f4d605d)
Start importing Assets/DialoguerExamples/NextGen RPG/Skins/NextGen RPG GUI Skin.guiskin using Guid(6036ebbffb9d0441abed438a897fdac4) Importer(2089858483,b0f066a214c2f5e87bad3c948f4d605d) (ScriptedImporter) -> (artifact id: '641497a5a2f1018f5e26bc02bb2e6b82') in 0.3814709 seconds
Number of updated asset objects reloaded before import = 0Number of asset objects unloaded after import = 3

========================================================================
Received Import Request.
  Time since last request: 0.000056 seconds.
  path: Assets/Standard Assets/Image Effects (Pro Only)/Quads.js
  artifactKey: Guid(f2648273e111b48e881504326f709df7) Importer(2089858483,b0f066a214c2f5e87bad3c948f4d605d)
Start importing Assets/Standard Assets/Image Effects (Pro Only)/Quads.js using Guid(f2648273e111b48e881504326f709df7) Importer(2089858483,b0f066a214c2f5e87bad3c948f4d605d) (ScriptedImporter) -> (artifact id: '0c97fd4d0918441ff89117548aee817c') in 0.06297 seconds
Number of updated asset objects reloaded before import = 0Number of asset objects unloaded after import = 1

========================================================================
Received Import Request.
  Time since last request: 0.008859 seconds.
  path: Assets/Textures/Background/bgGradientDay1.psd
  artifactKey: Guid(8f7968d551e632a4ca81ac02457f8901) Importer(2089858483,b0f066a214c2f5e87bad3c948f4d605d)
Start importing Assets/Textures/Background/bgGradientDay1.psd using Guid(8f7968d551e632a4ca81ac02457f8901) Importer(2089858483,b0f066a214c2f5e87bad3c948f4d605d) (ScriptedImporter) -> (artifact id: 'c50fa064fefb5a5a0d0d21b44f43a029') in 0.0748491 seconds
Number of updated asset objects reloaded before import = 0Number of asset objects unloaded after import = 1

========================================================================
Received Import Request.
  Time since last request: 0.001002 seconds.
  path: Assets/DialoguerExamples/NextGen RPG/Textures/normal_center_left.png
  artifactKey: Guid(3cad62c8b51c748d4be92d1b0ab539c1) Importer(2089858483,b0f066a214c2f5e87bad3c948f4d605d)
Start importing Assets/DialoguerExamples/NextGen RPG/Textures/normal_center_left.png using Guid(3cad62c8b51c748d4be92d1b0ab539c1) Importer(2089858483,b0f066a214c2f5e87bad3c948f4d605d) (ScriptedImporter) -> (artifact id: '1b745054413094e2fef4155118ef115d') in 0.0782516 seconds
Number of updated asset objects reloaded before import = 0Number of asset objects unloaded after import = 1

========================================================================
Received Import Request.
  Time since last request: 0.000314 seconds.
  path: Assets/DialoguerExamples/NextGen RPG/Textures/normal_bottom_right.png
  artifactKey: Guid(320e8aed841744c8a95fbe90172504dd) Importer(2089858483,b0f066a214c2f5e87bad3c948f4d605d)
Start importing Assets/DialoguerExamples/NextGen RPG/Textures/normal_bottom_right.png using Guid(320e8aed841744c8a95fbe90172504dd) Importer(2089858483,b0f066a214c2f5e87bad3c948f4d605d) (ScriptedImporter) -> (artifact id: 'dce9b971e8b24550bb37b36891a7006b') in 0.0971028 seconds
Number of updated asset objects reloaded before import = 0Number of asset objects unloaded after import = 1

========================================================================
Received Import Request.
  Time since last request: 0.000185 seconds.
  path: Assets/DialoguerExamples/NextGen RPG/Textures/hover_bottom_left.png
  artifactKey: Guid(dc92a644f617e48c38a0fbe13e232e50) Importer(2089858483,b0f066a214c2f5e87bad3c948f4d605d)
Start importing Assets/DialoguerExamples/NextGen RPG/Textures/hover_bottom_left.png using Guid(dc92a644f617e48c38a0fbe13e232e50) Importer(2089858483,b0f066a214c2f5e87bad3c948f4d605d) (ScriptedImporter) -> (artifact id: 'a9d86bb104a075ac4f673a11d2c5e072') in 0.0936622 seconds
Number of updated asset objects reloaded before import = 0Number of asset objects unloaded after import = 1

========================================================================
Received Import Request.
  Time since last request: 0.000933 seconds.
  path: Assets/Standard Assets/Physic Materials/Ice.physicmaterial
  artifactKey: Guid(5410a64fad11e8d6d00011d98d76c639) Importer(2089858483,b0f066a214c2f5e87bad3c948f4d605d)
Start importing Assets/Standard Assets/Physic Materials/Ice.physicmaterial using Guid(5410a64fad11e8d6d00011d98d76c639) Importer(2089858483,b0f066a214c2f5e87bad3c948f4d605d) (ScriptedImporter) -> (artifact id: 'a35b8653c40b888fa360233cf6b52875') in 0.0609665 seconds
Number of updated asset objects reloaded before import = 0Number of asset objects unloaded after import = 2

========================================================================
Received Import Request.
  Time since last request: 0.000138 seconds.
  path: Assets/DialoguerExamples/NextGen RPG/Fonts/Tahoma Bold.ttf
  artifactKey: Guid(dd35e8a29f43e43c088cb22e05dfdfea) Importer(2089858483,b0f066a214c2f5e87bad3c948f4d605d)
Start importing Assets/DialoguerExamples/NextGen RPG/Fonts/Tahoma Bold.ttf using Guid(dd35e8a29f43e43c088cb22e05dfdfea) Importer(2089858483,b0f066a214c2f5e87bad3c948f4d605d) (ScriptedImporter) -> (artifact id: 'f08ee440558648b390a9b54e535d18c6') in 0.1257352 seconds
Number of updated asset objects reloaded before import = 0Number of asset objects unloaded after import = 3

========================================================================
Received Import Request.
  Time since last request: 0.000091 seconds.
  path: Assets/Standard Assets/Image Effects (Pro Only)/SepiaToneEffect.cs
  artifactKey: Guid(a07a781cad112c75d0008dfa8d76c639) Importer(2089858483,b0f066a214c2f5e87bad3c948f4d605d)
Start importing Assets/Standard Assets/Image Effects (Pro Only)/SepiaToneEffect.cs using Guid(a07a781cad112c75d0008dfa8d76c639) Importer(2089858483,b0f066a214c2f5e87bad3c948f4d605d) (ScriptedImporter) -> (artifact id: '7dfa2d2d0f33cbbf522a4a6cd4361d61') in 0.0488353 seconds
Number of updated asset objects reloaded before import = 0Number of asset objects unloaded after import = 0

========================================================================
Received Import Request.
  Time since last request: 0.000084 seconds.
  path: Assets/Textures/Water/underWater.png
  artifactKey: Guid(8ac265ccdc95828458962683ed7d77c0) Importer(2089858483,b0f066a214c2f5e87bad3c948f4d605d)
Start importing Assets/Textures/Water/underWater.png using Guid(8ac265ccdc95828458962683ed7d77c0) Importer(2089858483,b0f066a214c2f5e87bad3c948f4d605d) (ScriptedImporter) -> (artifact id: '081b2fa0fd86ba7f1f850746c6e94bff') in 0.0824609 seconds
Number of updated asset objects reloaded before import = 0Number of asset objects unloaded after import = 1

========================================================================
Received Import Request.
  Time since last request: 0.000194 seconds.
  path: Assets/Standard Assets/Physic Materials/Metal.physicmaterial
  artifactKey: Guid(67db31eead11e8d6d00011d98d76c639) Importer(2089858483,b0f066a214c2f5e87bad3c948f4d605d)
Start importing Assets/Standard Assets/Physic Materials/Metal.physicmaterial using Guid(67db31eead11e8d6d00011d98d76c639) Importer(2089858483,b0f066a214c2f5e87bad3c948f4d605d) (ScriptedImporter) -> (artifact id: '9869b9028412d28846bd358c40ee6a9f') in 0.0387357 seconds
Number of updated asset objects reloaded before import = 0Number of asset objects unloaded after import = 2

========================================================================
Received Import Request.
  Time since last request: 0.000108 seconds.
  path: Assets/Dialoguer/DialogueEditor/Skins/EditorSkinBackup.guiskin
  artifactKey: Guid(b77b79dcebaeb4eea86de1f1c0f3eee8) Importer(2089858483,b0f066a214c2f5e87bad3c948f4d605d)
Start importing Assets/Dialoguer/DialogueEditor/Skins/EditorSkinBackup.guiskin using Guid(b77b79dcebaeb4eea86de1f1c0f3eee8) Importer(2089858483,b0f066a214c2f5e87bad3c948f4d605d) (ScriptedImporter) -> (artifact id: '1569449c91b6fc5322f3d311b96e9f1e') in 0.1288057 seconds
Number of updated asset objects reloaded before import = 0Number of asset objects unloaded after import = 1

========================================================================
Received Import Request.
  Time since last request: 0.000101 seconds.
  path: Assets/DialoguerExamples/Old School RPG/Textures/DialogueBoxCursor.png
  artifactKey: Guid(7b923961a85ee44ef8b87add44047eb3) Importer(2089858483,b0f066a214c2f5e87bad3c948f4d605d)
Start importing Assets/DialoguerExamples/Old School RPG/Textures/DialogueBoxCursor.png using Guid(7b923961a85ee44ef8b87add44047eb3) Importer(2089858483,b0f066a214c2f5e87bad3c948f4d605d) (ScriptedImporter) -> (artifact id: 'bd99acce21273db98f57b2944c51e493') in 0.0569357 seconds
Number of updated asset objects reloaded before import = 0Number of asset objects unloaded after import = 1

========================================================================
Received Import Request.
  Time since last request: 0.000105 seconds.
  path: Assets/Models/Boat/Materials/lambert1.mat
  artifactKey: Guid(f9dd1e2e289f41745a287562091b2a21) Importer(2089858483,b0f066a214c2f5e87bad3c948f4d605d)
Start importing Assets/Models/Boat/Materials/lambert1.mat using Guid(f9dd1e2e289f41745a287562091b2a21) Importer(2089858483,b0f066a214c2f5e87bad3c948f4d605d) (ScriptedImporter) -> (artifact id: '3d28fdff870fd4f679c47d332479d198') in 0.0475166 seconds
Number of updated asset objects reloaded before import = 0Number of asset objects unloaded after import = 1

========================================================================
Received Import Request.
  Time since last request: 0.000054 seconds.
  path: Assets/DialoguerExamples/Old School RPG/SFX/choice_bad.wav
  artifactKey: Guid(1376da0b435b3461aaf37960ac76a80a) Importer(2089858483,b0f066a214c2f5e87bad3c948f4d605d)
Start importing Assets/DialoguerExamples/Old School RPG/SFX/choice_bad.wav using Guid(1376da0b435b3461aaf37960ac76a80a) Importer(2089858483,b0f066a214c2f5e87bad3c948f4d605d) (ScriptedImporter) -> (artifact id: '971299c3b388cad1adc738b5f21824f6') in 0.1032147 seconds
Number of updated asset objects reloaded before import = 0Number of asset objects unloaded after import = 1

========================================================================
Received Import Request.
  Time since last request: 0.000053 seconds.
  path: Assets/Models/Background/Materials/lambert1.mat
  artifactKey: Guid(63f0f845aa22a584489914645c3a7961) Importer(2089858483,b0f066a214c2f5e87bad3c948f4d605d)
Start importing Assets/Models/Background/Materials/lambert1.mat using Guid(63f0f845aa22a584489914645c3a7961) Importer(2089858483,b0f066a214c2f5e87bad3c948f4d605d) (ScriptedImporter) -> (artifact id: '17bf5135c0347d81df80a925f5599532') in 0.0596118 seconds
Number of updated asset objects reloaded before import = 0Number of asset objects unloaded after import = 1

========================================================================
Received Import Request.
  Time since last request: 0.000225 seconds.
  path: Assets/Models/Background/Trees/birch_01.fbx
  artifactKey: Guid(6324778e92d70be48aac2769dcce5621) Importer(2089858483,b0f066a214c2f5e87bad3c948f4d605d)
Start importing Assets/Models/Background/Trees/birch_01.fbx using Guid(6324778e92d70be48aac2769dcce5621) Importer(2089858483,b0f066a214c2f5e87bad3c948f4d605d) (ScriptedImporter) -> (artifact id: '752c369f3128213adb74a71d97c656fd') in 0.1044101 seconds
Number of updated asset objects reloaded before import = 0Number of asset objects unloaded after import = 30

========================================================================
Received Import Request.
  Time since last request: 0.000234 seconds.
  path: Assets/Textures/Background/X.psd
  artifactKey: Guid(ba5df3beee6b2ad4b8ae3f94aef167cb) Importer(2089858483,b0f066a214c2f5e87bad3c948f4d605d)
Start importing Assets/Textures/Background/X.psd using Guid(ba5df3beee6b2ad4b8ae3f94aef167cb) Importer(2089858483,b0f066a214c2f5e87bad3c948f4d605d) (ScriptedImporter) -> (artifact id: '63635cf14536c197c00f68e05ec69b0c') in 0.139515 seconds
Number of updated asset objects reloaded before import = 0Number of asset objects unloaded after import = 1

========================================================================
Received Import Request.
  Time since last request: 0.000055 seconds.
  path: Assets/Textures/Background/net01png.png
  artifactKey: Guid(987def7accef5ff47a9f101d5acb560e) Importer(2089858483,b0f066a214c2f5e87bad3c948f4d605d)
Start importing Assets/Textures/Background/net01png.png using Guid(987def7accef5ff47a9f101d5acb560e) Importer(2089858483,b0f066a214c2f5e87bad3c948f4d605d) (ScriptedImporter) -> (artifact id: '8e3499538e2bd14dd8084d5d7941c4e2') in 0.1170095 seconds
Number of updated asset objects reloaded before import = 0Number of asset objects unloaded after import = 1

========================================================================
Received Import Request.
  Time since last request: 0.000062 seconds.
  path: Assets/Scripts/EnvironmentBehaviour/RotateInfinitely.cs
  artifactKey: Guid(0f9e0fc30c9092d4d859e01160005e75) Importer(2089858483,b0f066a214c2f5e87bad3c948f4d605d)
Start importing Assets/Scripts/EnvironmentBehaviour/RotateInfinitely.cs using Guid(0f9e0fc30c9092d4d859e01160005e75) Importer(2089858483,b0f066a214c2f5e87bad3c948f4d605d) (ScriptedImporter) -> (artifact id: '87ee3e7dd580c3e0a4e984ff2cf8b619') in 0.0852233 seconds
Number of updated asset objects reloaded before import = 0Number of asset objects unloaded after import = 0

========================================================================
Received Import Request.
  Time since last request: 0.000267 seconds.
  path: Assets/Models/Character/Materials/lambert3.mat
  artifactKey: Guid(76b9f5b625273cd4293acc2ed0bf1f7f) Importer(2089858483,b0f066a214c2f5e87bad3c948f4d605d)
Start importing Assets/Models/Character/Materials/lambert3.mat using Guid(76b9f5b625273cd4293acc2ed0bf1f7f) Importer(2089858483,b0f066a214c2f5e87bad3c948f4d605d) (ScriptedImporter) -> (artifact id: 'bad8274df28636d2ff6784c84cfcdd8d') in 0.0861293 seconds
Number of updated asset objects reloaded before import = 0Number of asset objects unloaded after import = 1

========================================================================
Received Import Request.
  Time since last request: 0.000265 seconds.
  path: Assets/Models/Snow/Materials/lambert1.mat
  artifactKey: Guid(b4375a8ad11fd6041ac51c26ef90903f) Importer(2089858483,b0f066a214c2f5e87bad3c948f4d605d)
Start importing Assets/Models/Snow/Materials/lambert1.mat using Guid(b4375a8ad11fd6041ac51c26ef90903f) Importer(2089858483,b0f066a214c2f5e87bad3c948f4d605d) (ScriptedImporter) -> (artifact id: '4a36fe24bcbfbfaba448d1cd1bab8a3f') in 0.0924322 seconds
Number of updated asset objects reloaded before import = 0Number of asset objects unloaded after import = 1

========================================================================
Received Import Request.
  Time since last request: 0.002024 seconds.
  path: Assets/NGUI/Examples/Other/English.txt
  artifactKey: Guid(38abc3caac7e6ed4faa39ab92f1b62d1) Importer(2089858483,b0f066a214c2f5e87bad3c948f4d605d)
Start importing Assets/NGUI/Examples/Other/English.txt using Guid(38abc3caac7e6ed4faa39ab92f1b62d1) Importer(2089858483,b0f066a214c2f5e87bad3c948f4d605d) (ScriptedImporter) -> (artifact id: 'df0361acb32bbf06c6680ac5338b1891') in 0.089737 seconds
Number of updated asset objects reloaded before import = 0Number of asset objects unloaded after import = 1

========================================================================
Received Import Request.
  Time since last request: 0.000065 seconds.
  path: Assets/NGUI/Examples/Scenes/Example 0 - Control Widgets.unity
  artifactKey: Guid(33872ef6c1d9b03418a3c571f1e6bcc4) Importer(2089858483,b0f066a214c2f5e87bad3c948f4d605d)
Start importing Assets/NGUI/Examples/Scenes/Example 0 - Control Widgets.unity using Guid(33872ef6c1d9b03418a3c571f1e6bcc4) Importer(2089858483,b0f066a214c2f5e87bad3c948f4d605d) (ScriptedImporter) -> (artifact id: '1f7970f1848c79b1343215c073e8ad38') in 0.1220903 seconds
Number of updated asset objects reloaded before import = 0Number of asset objects unloaded after import = 1

========================================================================
Received Import Request.
  Time since last request: 0.000659 seconds.
  path: Assets/NGUI/Examples/Scenes/Example 10 - Localization.unity
  artifactKey: Guid(c56710aac7fb7714fabd339ec0832f7b) Importer(2089858483,b0f066a214c2f5e87bad3c948f4d605d)
Start importing Assets/NGUI/Examples/Scenes/Example 10 - Localization.unity using Guid(c56710aac7fb7714fabd339ec0832f7b) Importer(2089858483,b0f066a214c2f5e87bad3c948f4d605d) (ScriptedImporter) -> (artifact id: 'ae9b4818327628d4d20a9410b155cf27') in 0.1071906 seconds
Number of updated asset objects reloaded before import = 0Number of asset objects unloaded after import = 1

========================================================================
Received Import Request.
  Time since last request: 0.000113 seconds.
  path: Assets/NGUI/Examples/Scenes/Example 1 - Anchors.unity
  artifactKey: Guid(a1a629371c484164e85541902c003f93) Importer(2089858483,b0f066a214c2f5e87bad3c948f4d605d)
Start importing Assets/NGUI/Examples/Scenes/Example 1 - Anchors.unity using Guid(a1a629371c484164e85541902c003f93) Importer(2089858483,b0f066a214c2f5e87bad3c948f4d605d) (ScriptedImporter) -> (artifact id: '1cb5a1cdc64202d522e527e4a6a85bbe') in 0.0937882 seconds
Number of updated asset objects reloaded before import = 0Number of asset objects unloaded after import = 1

========================================================================
Received Import Request.
  Time since last request: 0.030478 seconds.
  path: Assets/NGUI/Examples/Scenes/Example 12 - Chat Window.unity
  artifactKey: Guid(f7405180428fe944f9c9e0185cf9366e) Importer(2089858483,b0f066a214c2f5e87bad3c948f4d605d)
Start importing Assets/NGUI/Examples/Scenes/Example 12 - Chat Window.unity using Guid(f7405180428fe944f9c9e0185cf9366e) Importer(2089858483,b0f066a214c2f5e87bad3c948f4d605d) (ScriptedImporter) -> (artifact id: '7f0c9eaec94f11022d81632ee51c4aec') in 0.1103382 seconds
Number of updated asset objects reloaded before import = 0Number of asset objects unloaded after import = 1

========================================================================
Received Import Request.
  Time since last request: 0.000060 seconds.
  path: Assets/NGUI/Examples/Scenes/Tutorial 2 - Sprite.unity
  artifactKey: Guid(811ef6d84911ccb4390a6603a11c6824) Importer(2089858483,b0f066a214c2f5e87bad3c948f4d605d)
Start importing Assets/NGUI/Examples/Scenes/Tutorial 2 - Sprite.unity using Guid(811ef6d84911ccb4390a6603a11c6824) Importer(2089858483,b0f066a214c2f5e87bad3c948f4d605d) (ScriptedImporter) -> (artifact id: 'd47819dc8063a970295076a103483a66') in 0.1052769 seconds
Number of updated asset objects reloaded before import = 0Number of asset objects unloaded after import = 1

========================================================================
Received Import Request.
  Time since last request: 0.000991 seconds.
  path: Assets/NGUI/Examples/Scenes/Example 4 - Controller Input.unity
  artifactKey: Guid(9ea6b02917b630644ad13e20afbe4f6e) Importer(2089858483,b0f066a214c2f5e87bad3c948f4d605d)
Start importing Assets/NGUI/Examples/Scenes/Example 4 - Controller Input.unity using Guid(9ea6b02917b630644ad13e20afbe4f6e) Importer(2089858483,b0f066a214c2f5e87bad3c948f4d605d) (ScriptedImporter) -> (artifact id: '9c11607f0bac95c023d4306067941825') in 0.1078021 seconds
Number of updated asset objects reloaded before import = 0Number of asset objects unloaded after import = 1

========================================================================
Received Import Request.
  Time since last request: 0.000286 seconds.
  path: Assets/NGUI/Examples/Scenes/Tutorial 6 - Button.unity
  artifactKey: Guid(46bed38c1c57c414a83c0f413e273b37) Importer(2089858483,b0f066a214c2f5e87bad3c948f4d605d)
Start importing Assets/NGUI/Examples/Scenes/Tutorial 6 - Button.unity using Guid(46bed38c1c57c414a83c0f413e273b37) Importer(2089858483,b0f066a214c2f5e87bad3c948f4d605d) (ScriptedImporter) -> (artifact id: '8bcafab603b6da3dbfc204464074c398') in 0.129659 seconds
Number of updated asset objects reloaded before import = 0Number of asset objects unloaded after import = 1

========================================================================
Received Import Request.
  Time since last request: 0.000106 seconds.
  path: Assets/NGUI/Examples/Scenes/Tutorial 1 - Scene.unity
  artifactKey: Guid(723b3b5e195dc1743bd815ce06359e90) Importer(2089858483,b0f066a214c2f5e87bad3c948f4d605d)
Start importing Assets/NGUI/Examples/Scenes/Tutorial 1 - Scene.unity using Guid(723b3b5e195dc1743bd815ce06359e90) Importer(2089858483,b0f066a214c2f5e87bad3c948f4d605d) (ScriptedImporter) -> (artifact id: '23d991dd82d58dad737428fe4df61f9f') in 0.1487805 seconds
Number of updated asset objects reloaded before import = 0Number of asset objects unloaded after import = 1

========================================================================
Received Import Request.
  Time since last request: 0.000261 seconds.
  path: Assets/Models/Character/Materials/lambert2.mat
  artifactKey: Guid(de0feb0816b2cd44f9d0eb734cd8baa0) Importer(2089858483,b0f066a214c2f5e87bad3c948f4d605d)
Start importing Assets/Models/Character/Materials/lambert2.mat using Guid(de0feb0816b2cd44f9d0eb734cd8baa0) Importer(2089858483,b0f066a214c2f5e87bad3c948f4d605d) (ScriptedImporter) -> (artifact id: 'd6f4e91a1b754bbc1cc798a39332824a') in 0.1064208 seconds
Number of updated asset objects reloaded before import = 0Number of asset objects unloaded after import = 1

========================================================================
Received Import Request.
  Time since last request: 0.000423 seconds.
  path: Assets/NGUI/Resources/Shaders/Unlit - Depth.shader
  artifactKey: Guid(14ad1d2e194edae4a832ab596261ca59) Importer(2089858483,b0f066a214c2f5e87bad3c948f4d605d)
Start importing Assets/NGUI/Resources/Shaders/Unlit - Depth.shader using Guid(14ad1d2e194edae4a832ab596261ca59) Importer(2089858483,b0f066a214c2f5e87bad3c948f4d605d) (ScriptedImporter) -> (artifact id: 'bdbe993d78f895f2556f1fc62064203a') in 0.1376794 seconds
Number of updated asset objects reloaded before import = 0Number of asset objects unloaded after import = 1

========================================================================
Received Import Request.
  Time since last request: 0.001099 seconds.
  path: Assets/NGUI/Examples/Sounds/Swipe.wav
  artifactKey: Guid(cab912f3009b43843b0a48ac3120c6ad) Importer(2089858483,b0f066a214c2f5e87bad3c948f4d605d)
Start importing Assets/NGUI/Examples/Sounds/Swipe.wav using Guid(cab912f3009b43843b0a48ac3120c6ad) Importer(2089858483,b0f066a214c2f5e87bad3c948f4d605d) (ScriptedImporter) -> (artifact id: '14a177313404ef866fb1322990a2cdff') in 0.1858922 seconds
Number of updated asset objects reloaded before import = 0Number of asset objects unloaded after import = 1

========================================================================
Received Import Request.
  Time since last request: 0.000107 seconds.
  path: Assets/NGUI/Examples/Textures/Backdrop.png
  artifactKey: Guid(20f7cab44eaf6e849a8b7131f390055a) Importer(2089858483,b0f066a214c2f5e87bad3c948f4d605d)
Start importing Assets/NGUI/Examples/Textures/Backdrop.png using Guid(20f7cab44eaf6e849a8b7131f390055a) Importer(2089858483,b0f066a214c2f5e87bad3c948f4d605d) (ScriptedImporter) -> (artifact id: '9bf45da007e295ca83786d72dd6a2a63') in 0.1699388 seconds
Number of updated asset objects reloaded before import = 0Number of asset objects unloaded after import = 1

========================================================================
Received Import Request.
  Time since last request: 0.000134 seconds.
  path: Assets/NGUI/Examples/Textures/burlap.jpg
  artifactKey: Guid(5705f2fc1302ea340a90c9525cc0428b) Importer(2089858483,b0f066a214c2f5e87bad3c948f4d605d)
Start importing Assets/NGUI/Examples/Textures/burlap.jpg using Guid(5705f2fc1302ea340a90c9525cc0428b) Importer(2089858483,b0f066a214c2f5e87bad3c948f4d605d) (ScriptedImporter) -> (artifact id: 'e62c92d56a424a4d4ee8a22bfb80c62b') in 0.144229 seconds
Number of updated asset objects reloaded before import = 0Number of asset objects unloaded after import = 1

========================================================================
Received Import Request.
  Time since last request: 0.001976 seconds.
  path: Assets/NGUI/Resources/Shaders/Unlit - Dynamic Font.shader
  artifactKey: Guid(0116e799c8f4dc14a8a8b352845455d1) Importer(2089858483,b0f066a214c2f5e87bad3c948f4d605d)
Start importing Assets/NGUI/Resources/Shaders/Unlit - Dynamic Font.shader using Guid(0116e799c8f4dc14a8a8b352845455d1) Importer(2089858483,b0f066a214c2f5e87bad3c948f4d605d) (ScriptedImporter) -> (artifact id: '8d816f672998b516a0bf88ae375d87db') in 0.2494388 seconds
Number of updated asset objects reloaded before import = 0Number of asset objects unloaded after import = 1

========================================================================
Received Import Request.
  Time since last request: 0.002603 seconds.
  path: Assets/NGUI/Resources/Shaders/Unlit - Premultiplied Colored.shader
  artifactKey: Guid(ed5591596df551e4c8f4b05ce88a7a07) Importer(2089858483,b0f066a214c2f5e87bad3c948f4d605d)
Start importing Assets/NGUI/Resources/Shaders/Unlit - Premultiplied Colored.shader using Guid(ed5591596df551e4c8f4b05ce88a7a07) Importer(2089858483,b0f066a214c2f5e87bad3c948f4d605d) (ScriptedImporter) -> (artifact id: '393034069118c1aae402587bc934df04') in 0.1193014 seconds
Number of updated asset objects reloaded before import = 0Number of asset objects unloaded after import = 1

========================================================================
Received Import Request.
  Time since last request: 0.002146 seconds.
  path: Assets/NGUI/Resources/Shaders/Unlit - Premultiplied Colored (AlphaClip).shader
  artifactKey: Guid(a33cb394358c5814ab9a2a098384df3b) Importer(2089858483,b0f066a214c2f5e87bad3c948f4d605d)
Start importing Assets/NGUI/Resources/Shaders/Unlit - Premultiplied Colored (AlphaClip).shader using Guid(a33cb394358c5814ab9a2a098384df3b) Importer(2089858483,b0f066a214c2f5e87bad3c948f4d605d) (ScriptedImporter) -> (artifact id: 'b2dcc73007a5cebaeeddf751b87377ec') in 0.1057916 seconds
Number of updated asset objects reloaded before import = 0Number of asset objects unloaded after import = 1

========================================================================
Received Import Request.
  Time since last request: 0.012137 seconds.
  path: Assets/NGUI/Resources/Shaders/Unlit - Premultiplied Colored (SoftClip).shader
  artifactKey: Guid(93c84009f8f004b4f84697c8cb12dd63) Importer(2089858483,b0f066a214c2f5e87bad3c948f4d605d)
Start importing Assets/NGUI/Resources/Shaders/Unlit - Premultiplied Colored (SoftClip).shader using Guid(93c84009f8f004b4f84697c8cb12dd63) Importer(2089858483,b0f066a214c2f5e87bad3c948f4d605d) (ScriptedImporter) -> (artifact id: '37ab6eab5a5a8ff650a4dd22dd0c9b4f') in 0.1225832 seconds
Number of updated asset objects reloaded before import = 0Number of asset objects unloaded after import = 1

========================================================================
Received Import Request.
  Time since last request: 0.004243 seconds.
  path: Assets/NGUI/Scripts/Editor/NGUIContextMenu.cs
  artifactKey: Guid(5cc4eee160da88443a1fbb257749ca15) Importer(2089858483,b0f066a214c2f5e87bad3c948f4d605d)
Start importing Assets/NGUI/Scripts/Editor/NGUIContextMenu.cs using Guid(5cc4eee160da88443a1fbb257749ca15) Importer(2089858483,b0f066a214c2f5e87bad3c948f4d605d) (ScriptedImporter) -> (artifact id: 'ca3d912c8d2e49c61b6f4c0250a189e2') in 0.0563922 seconds
Number of updated asset objects reloaded before import = 0Number of asset objects unloaded after import = 0

========================================================================
Received Import Request.
  Time since last request: 0.047715 seconds.
  path: Assets/NGUI/Scripts/Editor/EventDelegateEditor.cs
  artifactKey: Guid(bb8e5b61ab758094e90874901b42da1f) Importer(2089858483,b0f066a214c2f5e87bad3c948f4d605d)
Start importing Assets/NGUI/Scripts/Editor/EventDelegateEditor.cs using Guid(bb8e5b61ab758094e90874901b42da1f) Importer(2089858483,b0f066a214c2f5e87bad3c948f4d605d) (ScriptedImporter) -> (artifact id: 'c1ca5cb75138df7be683265e258a26f6') in 0.1933086 seconds
Number of updated asset objects reloaded before import = 0Number of asset objects unloaded after import = 0

========================================================================
Received Import Request.
  Time since last request: 0.001570 seconds.
  path: Assets/NGUI/Resources/Shaders/Unlit - Transparent Colored (SoftClip).shader
  artifactKey: Guid(065e02ce5c5ec66429de34a0eabdf3f1) Importer(2089858483,b0f066a214c2f5e87bad3c948f4d605d)
Start importing Assets/NGUI/Resources/Shaders/Unlit - Transparent Colored (SoftClip).shader using Guid(065e02ce5c5ec66429de34a0eabdf3f1) Importer(2089858483,b0f066a214c2f5e87bad3c948f4d605d) (ScriptedImporter) -> (artifact id: '550052cafaa08590801f52d37dd60144') in 0.1222525 seconds
Number of updated asset objects reloaded before import = 0Number of asset objects unloaded after import = 1

========================================================================
Received Import Request.
  Time since last request: 0.001771 seconds.
  path: Assets/NGUI/Resources/Shaders/Unlit - Text.shader
  artifactKey: Guid(773417da4aa1b46409bd1e7574dcb251) Importer(2089858483,b0f066a214c2f5e87bad3c948f4d605d)
Start importing Assets/NGUI/Resources/Shaders/Unlit - Text.shader using Guid(773417da4aa1b46409bd1e7574dcb251) Importer(2089858483,b0f066a214c2f5e87bad3c948f4d605d) (ScriptedImporter) -> (artifact id: 'af1490f2717763b808f495a05f3456dd') in 0.0831481 seconds
Number of updated asset objects reloaded before import = 0Number of asset objects unloaded after import = 1

========================================================================
Received Import Request.
  Time since last request: 0.010998 seconds.
  path: Assets/NGUI/Scripts/Editor/NGUIHandles.cs
  artifactKey: Guid(4102545b85744ff4d933400e48405407) Importer(2089858483,b0f066a214c2f5e87bad3c948f4d605d)
Start importing Assets/NGUI/Scripts/Editor/NGUIHandles.cs using Guid(4102545b85744ff4d933400e48405407) Importer(2089858483,b0f066a214c2f5e87bad3c948f4d605d) (ScriptedImporter) -> (artifact id: '4d98a61f2e29e85ea0fffb4a8e1499be') in 0.0874721 seconds
Number of updated asset objects reloaded before import = 0Number of asset objects unloaded after import = 0

========================================================================
Received Import Request.
  Time since last request: 0.000069 seconds.
  path: Assets/NGUI/Scripts/Editor/NGUITransformInspector.cs
  artifactKey: Guid(9997db2c14b24cd4d94a8ebb76fff1f5) Importer(2089858483,b0f066a214c2f5e87bad3c948f4d605d)
Start importing Assets/NGUI/Scripts/Editor/NGUITransformInspector.cs using Guid(9997db2c14b24cd4d94a8ebb76fff1f5) Importer(2089858483,b0f066a214c2f5e87bad3c948f4d605d) (ScriptedImporter) -> (artifact id: 'ccd7d397c4e760ea9f040bc84ebf7c3d') in 0.0733563 seconds
Number of updated asset objects reloaded before import = 0Number of asset objects unloaded after import = 0

========================================================================
Received Import Request.
  Time since last request: 0.000649 seconds.
  path: Assets/NGUI/Scripts/Editor/NGUISelectionTools.cs
  artifactKey: Guid(34baafa8cf35dfe4b968d22d0e7556e2) Importer(2089858483,b0f066a214c2f5e87bad3c948f4d605d)
Start importing Assets/NGUI/Scripts/Editor/NGUISelectionTools.cs using Guid(34baafa8cf35dfe4b968d22d0e7556e2) Importer(2089858483,b0f066a214c2f5e87bad3c948f4d605d) (ScriptedImporter) -> (artifact id: 'b5c6d54bad9c08540950ca4ecedf9971') in 0.1637727 seconds
Number of updated asset objects reloaded before import = 0Number of asset objects unloaded after import = 0

========================================================================
Received Import Request.
  Time since last request: 0.000191 seconds.
  path: Assets/NGUI/Scripts/Editor/TweenRotationEditor.cs
  artifactKey: Guid(37920e4b9f98bd44fa1250a9d995475c) Importer(2089858483,b0f066a214c2f5e87bad3c948f4d605d)
Start importing Assets/NGUI/Scripts/Editor/TweenRotationEditor.cs using Guid(37920e4b9f98bd44fa1250a9d995475c) Importer(2089858483,b0f066a214c2f5e87bad3c948f4d605d) (ScriptedImporter) -> (artifact id: 'eee2177423ebde4f63723b06d7ee6ba7') in 0.2028551 seconds
Number of updated asset objects reloaded before import = 0Number of asset objects unloaded after import = 0

========================================================================
Received Import Request.
  Time since last request: 0.004111 seconds.
  path: Assets/NGUI/Scripts/Editor/NGUISnap.cs
  artifactKey: Guid(fa846fbc3d8dc874295406a55de7e200) Importer(2089858483,b0f066a214c2f5e87bad3c948f4d605d)
Start importing Assets/NGUI/Scripts/Editor/NGUISnap.cs using Guid(fa846fbc3d8dc874295406a55de7e200) Importer(2089858483,b0f066a214c2f5e87bad3c948f4d605d) (ScriptedImporter) -> (artifact id: '79b35b81b7f0381ef5707779682fe827') in 0.1087495 seconds
Number of updated asset objects reloaded before import = 0Number of asset objects unloaded after import = 0

========================================================================
Received Import Request.
  Time since last request: 0.000265 seconds.
  path: Assets/NGUI/Examples/Sounds/Tap.wav
  artifactKey: Guid(b5083cfe83bb875479bd797c61594131) Importer(2089858483,b0f066a214c2f5e87bad3c948f4d605d)
Start importing Assets/NGUI/Examples/Sounds/Tap.wav using Guid(b5083cfe83bb875479bd797c61594131) Importer(2089858483,b0f066a214c2f5e87bad3c948f4d605d) (ScriptedImporter) -> (artifact id: '04edd0a0d10f4c664c40f6de95f1a52c') in 0.2238106 seconds
Number of updated asset objects reloaded before import = 0Number of asset objects unloaded after import = 1

========================================================================
Received Import Request.
  Time since last request: 0.000861 seconds.
  path: Assets/NGUI/Scripts/Editor/UIDragObjectEditor.cs
  artifactKey: Guid(7b214795e1e6ed049b4f9679743d48fe) Importer(2089858483,b0f066a214c2f5e87bad3c948f4d605d)
Start importing Assets/NGUI/Scripts/Editor/UIDragObjectEditor.cs using Guid(7b214795e1e6ed049b4f9679743d48fe) Importer(2089858483,b0f066a214c2f5e87bad3c948f4d605d) (ScriptedImporter) -> (artifact id: '4525dff69728a1441b47a6ae1fe0d4aa') in 0.0949873 seconds
Number of updated asset objects reloaded before import = 0Number of asset objects unloaded after import = 0

========================================================================
Received Import Request.
  Time since last request: 0.006075 seconds.
  path: Assets/NGUI/Scripts/Editor/UIButtonColorEditor.cs
  artifactKey: Guid(911094946c3d42444ae2f537f02a998e) Importer(2089858483,b0f066a214c2f5e87bad3c948f4d605d)
Start importing Assets/NGUI/Scripts/Editor/UIButtonColorEditor.cs using Guid(911094946c3d42444ae2f537f02a998e) Importer(2089858483,b0f066a214c2f5e87bad3c948f4d605d) (ScriptedImporter) -> (artifact id: '2d09278844f2ba4780d3a43fc92fc80a') in 0.1029589 seconds
Number of updated asset objects reloaded before import = 0Number of asset objects unloaded after import = 0

========================================================================
Received Import Request.
  Time since last request: 0.000159 seconds.
  path: Assets/NGUI/Scripts/Editor/TweenWidthEditor.cs
  artifactKey: Guid(d35cd8e39586acb4a842a0c77019d598) Importer(2089858483,b0f066a214c2f5e87bad3c948f4d605d)
Start importing Assets/NGUI/Scripts/Editor/TweenWidthEditor.cs using Guid(d35cd8e39586acb4a842a0c77019d598) Importer(2089858483,b0f066a214c2f5e87bad3c948f4d605d) (ScriptedImporter) -> (artifact id: 'ee2e9f4457727a0fff86c8bedfa71e34') in 0.1169519 seconds
Number of updated asset objects reloaded before import = 0Number of asset objects unloaded after import = 0

========================================================================
Received Import Request.
  Time since last request: 0.000710 seconds.
  path: Assets/NGUI/Scripts/Editor/UIAnchorEditor.cs
  artifactKey: Guid(0ea085d118cd5e4419b53cd2a6037c70) Importer(2089858483,b0f066a214c2f5e87bad3c948f4d605d)
Start importing Assets/NGUI/Scripts/Editor/UIAnchorEditor.cs using Guid(0ea085d118cd5e4419b53cd2a6037c70) Importer(2089858483,b0f066a214c2f5e87bad3c948f4d605d) (ScriptedImporter) -> (artifact id: 'b6b85ab40714d2d764322faa12aa7adb') in 0.1103947 seconds
Number of updated asset objects reloaded before import = 0Number of asset objects unloaded after import = 0

========================================================================
Received Import Request.
  Time since last request: 0.000371 seconds.
  path: Assets/NGUI/Scripts/Editor/UIPlayTweenEditor.cs
  artifactKey: Guid(bd2d136a660d64e43b806d6016dd7d31) Importer(2089858483,b0f066a214c2f5e87bad3c948f4d605d)
Start importing Assets/NGUI/Scripts/Editor/UIPlayTweenEditor.cs using Guid(bd2d136a660d64e43b806d6016dd7d31) Importer(2089858483,b0f066a214c2f5e87bad3c948f4d605d) (ScriptedImporter) -> (artifact id: '22a5b948a1b283c82b5954db5c9d425e') in 0.2101982 seconds
Number of updated asset objects reloaded before import = 0Number of asset objects unloaded after import = 0

========================================================================
Received Import Request.
  Time since last request: 0.000133 seconds.
  path: Assets/NGUI/Scripts/Editor/UISliderEditor.cs
  artifactKey: Guid(a43764fe69e698d40b5024e16213c5cc) Importer(2089858483,b0f066a214c2f5e87bad3c948f4d605d)
Start importing Assets/NGUI/Scripts/Editor/UISliderEditor.cs using Guid(a43764fe69e698d40b5024e16213c5cc) Importer(2089858483,b0f066a214c2f5e87bad3c948f4d605d) (ScriptedImporter) -> (artifact id: '176b1308d5b44dd24760145acd34c2e4') in 0.0713603 seconds
Number of updated asset objects reloaded before import = 0Number of asset objects unloaded after import = 0

========================================================================
Received Import Request.
  Time since last request: 0.000204 seconds.
  path: Assets/NGUI/Scripts/Editor/UIPanelTool.cs
  artifactKey: Guid(c8ec094592868d540af38cb278cc80ce) Importer(2089858483,b0f066a214c2f5e87bad3c948f4d605d)
Start importing Assets/NGUI/Scripts/Editor/UIPanelTool.cs using Guid(c8ec094592868d540af38cb278cc80ce) Importer(2089858483,b0f066a214c2f5e87bad3c948f4d605d) (ScriptedImporter) -> (artifact id: 'c4bcafd097fadbbece925c7296e6c798') in 0.059237 seconds
Number of updated asset objects reloaded before import = 0Number of asset objects unloaded after import = 0

========================================================================
Received Import Request.
  Time since last request: 0.000075 seconds.
  path: Assets/NGUI/Scripts/Editor/UIScrollViewEditor.cs
  artifactKey: Guid(7a3b2fb31ed86914a9c7ae6b883de316) Importer(2089858483,b0f066a214c2f5e87bad3c948f4d605d)
Start importing Assets/NGUI/Scripts/Editor/UIScrollViewEditor.cs using Guid(7a3b2fb31ed86914a9c7ae6b883de316) Importer(2089858483,b0f066a214c2f5e87bad3c948f4d605d) (ScriptedImporter) -> (artifact id: '8fe7409ff7b0d791672d2cc93ee07044') in 0.0394351 seconds
Number of updated asset objects reloaded before import = 0Number of asset objects unloaded after import = 0

========================================================================
Received Import Request.
  Time since last request: 0.000053 seconds.
  path: Assets/NGUI/Scripts/Editor/UIInputEditor.cs
  artifactKey: Guid(8bb325a2f543b4d46af7efdc8dfac540) Importer(2089858483,b0f066a214c2f5e87bad3c948f4d605d)
Start importing Assets/NGUI/Scripts/Editor/UIInputEditor.cs using Guid(8bb325a2f543b4d46af7efdc8dfac540) Importer(2089858483,b0f066a214c2f5e87bad3c948f4d605d) (ScriptedImporter) -> (artifact id: 'd206fe431fa7f1ff7ec7719a93349a5c') in 0.0476121 seconds
Number of updated asset objects reloaded before import = 0Number of asset objects unloaded after import = 0

========================================================================
Received Import Request.
  Time since last request: 0.000073 seconds.
  path: Assets/NGUI/Scripts/Editor/UIGridEditor.cs
  artifactKey: Guid(25768f77ff311df4280e5930a00c6a2a) Importer(2089858483,b0f066a214c2f5e87bad3c948f4d605d)
Start importing Assets/NGUI/Scripts/Editor/UIGridEditor.cs using Guid(25768f77ff311df4280e5930a00c6a2a) Importer(2089858483,b0f066a214c2f5e87bad3c948f4d605d) (ScriptedImporter) -> (artifact id: 'ae31c79f49f0adad5489d97b207a94e0') in 0.0527591 seconds
Number of updated asset objects reloaded before import = 0Number of asset objects unloaded after import = 0

========================================================================
Received Import Request.
  Time since last request: 0.000191 seconds.
  path: Assets/NGUI/Examples/Scenes/Tutorial 10 - 3D.unity
  artifactKey: Guid(c60048c89cc098446a68c4acde0ebfba) Importer(2089858483,b0f066a214c2f5e87bad3c948f4d605d)
Start importing Assets/NGUI/Examples/Scenes/Tutorial 10 - 3D.unity using Guid(c60048c89cc098446a68c4acde0ebfba) Importer(2089858483,b0f066a214c2f5e87bad3c948f4d605d) (ScriptedImporter) -> (artifact id: 'e584be3891a38584caf592adcfe1d0e8') in 0.0663542 seconds
Number of updated asset objects reloaded before import = 0Number of asset objects unloaded after import = 1

========================================================================
Received Import Request.
  Time since last request: 0.000155 seconds.
  path: Assets/ScreenDrops/Readme.txt
  artifactKey: Guid(e12d74e0c34508144a7299cb722b6159) Importer(2089858483,b0f066a214c2f5e87bad3c948f4d605d)
Start importing Assets/ScreenDrops/Readme.txt using Guid(e12d74e0c34508144a7299cb722b6159) Importer(2089858483,b0f066a214c2f5e87bad3c948f4d605d) (ScriptedImporter) -> (artifact id: '61d7cc7482130349fc96f6b3d5dcc9b6') in 0.0577401 seconds
Number of updated asset objects reloaded before import = 0Number of asset objects unloaded after import = 1

========================================================================
Received Import Request.
  Time since last request: 0.000038 seconds.
  path: Assets/NGUI/Scripts/Editor/UITextureInspector.cs
  artifactKey: Guid(e772b2bb85dc225499db07c5206af708) Importer(2089858483,b0f066a214c2f5e87bad3c948f4d605d)
Start importing Assets/NGUI/Scripts/Editor/UITextureInspector.cs using Guid(e772b2bb85dc225499db07c5206af708) Importer(2089858483,b0f066a214c2f5e87bad3c948f4d605d) (ScriptedImporter) -> (artifact id: '8089fa9a9a781a2a6cc1a72253782493') in 0.0404834 seconds
Number of updated asset objects reloaded before import = 0Number of asset objects unloaded after import = 0

========================================================================
Received Import Request.
  Time since last request: 0.000094 seconds.
  path: Assets/NGUI/Scripts/Editor/UITableEditor.cs
  artifactKey: Guid(2cf395759d6024f4e953788182f97a84) Importer(2089858483,b0f066a214c2f5e87bad3c948f4d605d)
Start importing Assets/NGUI/Scripts/Editor/UITableEditor.cs using Guid(2cf395759d6024f4e953788182f97a84) Importer(2089858483,b0f066a214c2f5e87bad3c948f4d605d) (ScriptedImporter) -> (artifact id: '780d308d10b48026f30781d637a002b4') in 0.0400656 seconds
Number of updated asset objects reloaded before import = 0Number of asset objects unloaded after import = 0

========================================================================
Received Import Request.
  Time since last request: 0.000171 seconds.
  path: Assets/NGUI/Scripts/Interaction/UIDragCamera.cs
  artifactKey: Guid(6be1c23e94a0ec847bf5784666c3432d) Importer(2089858483,b0f066a214c2f5e87bad3c948f4d605d)
Start importing Assets/NGUI/Scripts/Interaction/UIDragCamera.cs using Guid(6be1c23e94a0ec847bf5784666c3432d) Importer(2089858483,b0f066a214c2f5e87bad3c948f4d605d) (ScriptedImporter) -> (artifact id: '48b09f873e4a3f86278924b6403a7cf9') in 0.071014 seconds
Number of updated asset objects reloaded before import = 0Number of asset objects unloaded after import = 0

========================================================================
Received Import Request.
  Time since last request: 0.003395 seconds.
  path: Assets/NGUI/Scripts/Interaction/UICenterOnClick.cs
  artifactKey: Guid(72af25c2a1299f94a86fa9cace6e252a) Importer(2089858483,b0f066a214c2f5e87bad3c948f4d605d)
Start importing Assets/NGUI/Scripts/Interaction/UICenterOnClick.cs using Guid(72af25c2a1299f94a86fa9cace6e252a) Importer(2089858483,b0f066a214c2f5e87bad3c948f4d605d) (ScriptedImporter) -> (artifact id: '10f09d3609c16128f113fc64e480eb44') in 0.1350697 seconds
Number of updated asset objects reloaded before import = 0Number of asset objects unloaded after import = 0

========================================================================
Received Import Request.
  Time since last request: 0.001480 seconds.
  path: Assets/NGUI/Scripts/Interaction/UIDragDropContainer.cs
  artifactKey: Guid(c33bc83ab81ec0c44976c6fb1d44e55a) Importer(2089858483,b0f066a214c2f5e87bad3c948f4d605d)
Start importing Assets/NGUI/Scripts/Interaction/UIDragDropContainer.cs using Guid(c33bc83ab81ec0c44976c6fb1d44e55a) Importer(2089858483,b0f066a214c2f5e87bad3c948f4d605d) (ScriptedImporter) -> (artifact id: '8fbd2cd1bcb551b5c75171c34edf2066') in 0.0999679 seconds
Number of updated asset objects reloaded before import = 0Number of asset objects unloaded after import = 0

========================================================================
Received Import Request.
  Time since last request: 0.000325 seconds.
  path: Assets/NGUI/Scripts/Interaction/UIButton.cs
  artifactKey: Guid(1fdca5042b1d12a4890ec1bd4f04290d) Importer(2089858483,b0f066a214c2f5e87bad3c948f4d605d)
Start importing Assets/NGUI/Scripts/Interaction/UIButton.cs using Guid(1fdca5042b1d12a4890ec1bd4f04290d) Importer(2089858483,b0f066a214c2f5e87bad3c948f4d605d) (ScriptedImporter) -> (artifact id: '3cf76c329cc3fcbd05afdfd97ede749b') in 0.0802468 seconds
Number of updated asset objects reloaded before import = 0Number of asset objects unloaded after import = 0

========================================================================
Received Import Request.
  Time since last request: 0.000424 seconds.
  path: Assets/NGUI/Scripts/Editor/UIToggleInspector.cs
  artifactKey: Guid(7cb80309e29808443ae0cd9dc7de36db) Importer(2089858483,b0f066a214c2f5e87bad3c948f4d605d)
Start importing Assets/NGUI/Scripts/Editor/UIToggleInspector.cs using Guid(7cb80309e29808443ae0cd9dc7de36db) Importer(2089858483,b0f066a214c2f5e87bad3c948f4d605d) (ScriptedImporter) -> (artifact id: 'a130ec1059d19051eb28d6f248c5d062') in 0.0572971 seconds
Number of updated asset objects reloaded before import = 0Number of asset objects unloaded after import = 0

========================================================================
Received Import Request.
  Time since last request: 0.000800 seconds.
  path: Assets/Prefabs/Cave/runestoneBeam.prefab
  artifactKey: Guid(8627c0881e01a1a46992b0f36829daf8) Importer(2089858483,b0f066a214c2f5e87bad3c948f4d605d)
Start importing Assets/Prefabs/Cave/runestoneBeam.prefab using Guid(8627c0881e01a1a46992b0f36829daf8) Importer(2089858483,b0f066a214c2f5e87bad3c948f4d605d) (ScriptedImporter) -> (artifact id: '0ec2e8c65f5e450c2659a52eb95893d0') in 0.0679635 seconds
Number of updated asset objects reloaded before import = 0Number of asset objects unloaded after import = 43

========================================================================
Received Import Request.
  Time since last request: 0.000107 seconds.
  path: Assets/NGUI/Scripts/Interaction/UIDragDropItem.cs
  artifactKey: Guid(9d9ee9adcf574fc42857acfaad9fb89e) Importer(2089858483,b0f066a214c2f5e87bad3c948f4d605d)
Start importing Assets/NGUI/Scripts/Interaction/UIDragDropItem.cs using Guid(9d9ee9adcf574fc42857acfaad9fb89e) Importer(2089858483,b0f066a214c2f5e87bad3c948f4d605d) (ScriptedImporter) -> (artifact id: 'a801e11b6b9605b1634bd896577f3a92') in 0.0346499 seconds
Number of updated asset objects reloaded before import = 0Number of asset objects unloaded after import = 0

========================================================================
Received Import Request.
  Time since last request: 0.000084 seconds.
  path: Assets/NGUI/Scripts/Interaction/UIDragObject.cs
  artifactKey: Guid(b90fc8427bee38c478f5b2f6f0ae9580) Importer(2089858483,b0f066a214c2f5e87bad3c948f4d605d)
Start importing Assets/NGUI/Scripts/Interaction/UIDragObject.cs using Guid(b90fc8427bee38c478f5b2f6f0ae9580) Importer(2089858483,b0f066a214c2f5e87bad3c948f4d605d) (ScriptedImporter) -> (artifact id: '36832c06f44dcc454694ad045c077da1') in 0.0537564 seconds
Number of updated asset objects reloaded before import = 0Number of asset objects unloaded after import = 0

========================================================================
Received Import Request.
  Time since last request: 0.000203 seconds.
  path: Assets/NGUI/Scripts/Interaction/UIToggle.cs
  artifactKey: Guid(446d504799d99174383957fca80713c8) Importer(2089858483,b0f066a214c2f5e87bad3c948f4d605d)
Start importing Assets/NGUI/Scripts/Interaction/UIToggle.cs using Guid(446d504799d99174383957fca80713c8) Importer(2089858483,b0f066a214c2f5e87bad3c948f4d605d) (ScriptedImporter) -> (artifact id: '4e4e57a9ac930bb1597a17f754e14d9b') in 0.0439967 seconds
Number of updated asset objects reloaded before import = 0Number of asset objects unloaded after import = 0

========================================================================
Received Import Request.
  Time since last request: 0.000342 seconds.
  path: Assets/NGUI/Scripts/Interaction/UIToggledComponents.cs
  artifactKey: Guid(0480f64170b8ebe45812d18656dcfc44) Importer(2089858483,b0f066a214c2f5e87bad3c948f4d605d)
Start importing Assets/NGUI/Scripts/Interaction/UIToggledComponents.cs using Guid(0480f64170b8ebe45812d18656dcfc44) Importer(2089858483,b0f066a214c2f5e87bad3c948f4d605d) (ScriptedImporter) -> (artifact id: '52c9d38881ea3137999c00f7c10d940b') in 0.0418415 seconds
Number of updated asset objects reloaded before import = 0Number of asset objects unloaded after import = 0

========================================================================
Received Import Request.
  Time since last request: 0.000563 seconds.
  path: Assets/NGUI/Scripts/Interaction/UIPlayTween.cs
  artifactKey: Guid(eaee0fa3c7a782f43ac65b3fea68c1d6) Importer(2089858483,b0f066a214c2f5e87bad3c948f4d605d)
Start importing Assets/NGUI/Scripts/Interaction/UIPlayTween.cs using Guid(eaee0fa3c7a782f43ac65b3fea68c1d6) Importer(2089858483,b0f066a214c2f5e87bad3c948f4d605d) (ScriptedImporter) -> (artifact id: 'd60e7fbcb51ccba25e6699d92c5edea5') in 0.043747 seconds
Number of updated asset objects reloaded before import = 0Number of asset objects unloaded after import = 0

========================================================================
Received Import Request.
  Time since last request: 0.000144 seconds.
  path: Assets/NGUI/Scripts/Interaction/UIForwardEvents.cs
  artifactKey: Guid(48ae3b1123bedc6429fcbcd3f1548030) Importer(2089858483,b0f066a214c2f5e87bad3c948f4d605d)
Start importing Assets/NGUI/Scripts/Interaction/UIForwardEvents.cs using Guid(48ae3b1123bedc6429fcbcd3f1548030) Importer(2089858483,b0f066a214c2f5e87bad3c948f4d605d) (ScriptedImporter) -> (artifact id: '25cb0055ff02840b55a4fa2c8a34b364') in 0.0371332 seconds
Number of updated asset objects reloaded before import = 0Number of asset objects unloaded after import = 0

========================================================================
Received Import Request.
  Time since last request: 0.000147 seconds.
  path: Assets/NGUI/Scripts/Interaction/UIPlayAnimation.cs
  artifactKey: Guid(3f093ad5830afe44aba6efa8b8a5d5b9) Importer(2089858483,b0f066a214c2f5e87bad3c948f4d605d)
Start importing Assets/NGUI/Scripts/Interaction/UIPlayAnimation.cs using Guid(3f093ad5830afe44aba6efa8b8a5d5b9) Importer(2089858483,b0f066a214c2f5e87bad3c948f4d605d) (ScriptedImporter) -> (artifact id: '0a6837c70a7b3dd28845de569d4754fe') in 0.0598008 seconds
Number of updated asset objects reloaded before import = 0Number of asset objects unloaded after import = 0

========================================================================
Received Import Request.
  Time since last request: 0.000142 seconds.
  path: Assets/NGUI/Scripts/Interaction/UIKeyBinding.cs
  artifactKey: Guid(049a2bcd8df653c4d9cb9d39404363a9) Importer(2089858483,b0f066a214c2f5e87bad3c948f4d605d)
Start importing Assets/NGUI/Scripts/Interaction/UIKeyBinding.cs using Guid(049a2bcd8df653c4d9cb9d39404363a9) Importer(2089858483,b0f066a214c2f5e87bad3c948f4d605d) (ScriptedImporter) -> (artifact id: 'a71f51b6c9360e026a281cd38a7c3b0b') in 0.0597745 seconds
Number of updated asset objects reloaded before import = 0Number of asset objects unloaded after import = 0

========================================================================
Received Import Request.
  Time since last request: 0.000140 seconds.
  path: Assets/Models/Cave/bigTree01.fbx
  artifactKey: Guid(731acb017aaad1f4e8bdaa81cc9d0bf0) Importer(2089858483,b0f066a214c2f5e87bad3c948f4d605d)
Start importing Assets/Models/Cave/bigTree01.fbx using Guid(731acb017aaad1f4e8bdaa81cc9d0bf0) Importer(2089858483,b0f066a214c2f5e87bad3c948f4d605d) (ScriptedImporter) -> (artifact id: 'ea7456cd3e82650dea3a32eb1b8fcc49') in 0.0802343 seconds
Number of updated asset objects reloaded before import = 0Number of asset objects unloaded after import = 7

========================================================================
Received Import Request.
  Time since last request: 0.001269 seconds.
  path: Assets/Animations/Materials/eyes_color_map.mat
  artifactKey: Guid(d7e3541d9131fd449bd4aaf4b7968458) Importer(2089858483,b0f066a214c2f5e87bad3c948f4d605d)
Start importing Assets/Animations/Materials/eyes_color_map.mat using Guid(d7e3541d9131fd449bd4aaf4b7968458) Importer(2089858483,b0f066a214c2f5e87bad3c948f4d605d) (ScriptedImporter) -> (artifact id: '09bec9737abc9b621b86b81599d86330') in 0.0777664 seconds
Number of updated asset objects reloaded before import = 0Number of asset objects unloaded after import = 2

========================================================================
Received Import Request.
  Time since last request: 0.000044 seconds.
  path: Assets/NGUI/Scripts/Internal/BetterList.cs
  artifactKey: Guid(06647390effa1ca49a5b31219b23963c) Importer(2089858483,b0f066a214c2f5e87bad3c948f4d605d)
Start importing Assets/NGUI/Scripts/Internal/BetterList.cs using Guid(06647390effa1ca49a5b31219b23963c) Importer(2089858483,b0f066a214c2f5e87bad3c948f4d605d) (ScriptedImporter) -> (artifact id: '4ea1b9c9dc99342f30594e698ba90a9e') in 0.0599862 seconds
Number of updated asset objects reloaded before import = 0Number of asset objects unloaded after import = 0

========================================================================
Received Import Request.
  Time since last request: 0.000167 seconds.
  path: Assets/NGUI/Scripts/Internal/UIRect.cs
  artifactKey: Guid(b5a11779a4614cc4cb971686291ca92e) Importer(2089858483,b0f066a214c2f5e87bad3c948f4d605d)
Start importing Assets/NGUI/Scripts/Internal/UIRect.cs using Guid(b5a11779a4614cc4cb971686291ca92e) Importer(2089858483,b0f066a214c2f5e87bad3c948f4d605d) (ScriptedImporter) -> (artifact id: '0ba7975ae398b43c4fe1614bf315ed9b') in 0.0645212 seconds
Number of updated asset objects reloaded before import = 0Number of asset objects unloaded after import = 0

========================================================================
Received Import Request.
  Time since last request: 0.003174 seconds.
  path: Assets/NGUI/Scripts/Internal/SpringPanel.cs
  artifactKey: Guid(be10cbaaf1096094ca8285024d49002e) Importer(2089858483,b0f066a214c2f5e87bad3c948f4d605d)
Start importing Assets/NGUI/Scripts/Internal/SpringPanel.cs using Guid(be10cbaaf1096094ca8285024d49002e) Importer(2089858483,b0f066a214c2f5e87bad3c948f4d605d) (ScriptedImporter) -> (artifact id: '50e5ca841ac23424469f34914765a41d') in 0.1201235 seconds
Number of updated asset objects reloaded before import = 0Number of asset objects unloaded after import = 0

========================================================================
Received Import Request.
  Time since last request: 0.000719 seconds.
  path: Assets/NGUI/Scripts/Internal/UIEventListener.cs
  artifactKey: Guid(b1bd99dcf43f97d48bb6215c70f0cd40) Importer(2089858483,b0f066a214c2f5e87bad3c948f4d605d)
Start importing Assets/NGUI/Scripts/Internal/UIEventListener.cs using Guid(b1bd99dcf43f97d48bb6215c70f0cd40) Importer(2089858483,b0f066a214c2f5e87bad3c948f4d605d) (ScriptedImporter) -> (artifact id: '8a3ea0e7b490b02ff62c9a71473f6d6d') in 0.0629529 seconds
Number of updated asset objects reloaded before import = 0Number of asset objects unloaded after import = 0

========================================================================
Received Import Request.
  Time since last request: 0.000206 seconds.
  path: Assets/NGUI/Scripts/Internal/Localization.cs
  artifactKey: Guid(c4850261060aea044ae098e8e9979e62) Importer(2089858483,b0f066a214c2f5e87bad3c948f4d605d)
Start importing Assets/NGUI/Scripts/Internal/Localization.cs using Guid(c4850261060aea044ae098e8e9979e62) Importer(2089858483,b0f066a214c2f5e87bad3c948f4d605d) (ScriptedImporter) -> (artifact id: 'ac39de454bdadd086072af20890f7fa1') in 0.0763176 seconds
Number of updated asset objects reloaded before import = 0Number of asset objects unloaded after import = 0

========================================================================
Received Import Request.
  Time since last request: 0.004251 seconds.
  path: Assets/NGUI/Scripts/Internal/UIDrawCall.cs
  artifactKey: Guid(1f5158b7acfccaf4ca4a8a581255b653) Importer(2089858483,b0f066a214c2f5e87bad3c948f4d605d)
Start importing Assets/NGUI/Scripts/Internal/UIDrawCall.cs using Guid(1f5158b7acfccaf4ca4a8a581255b653) Importer(2089858483,b0f066a214c2f5e87bad3c948f4d605d) (ScriptedImporter) -> (artifact id: 'd027c6cdfd5fdcc02bd099c24da3361a') in 0.0710305 seconds
Number of updated asset objects reloaded before import = 0Number of asset objects unloaded after import = 0

========================================================================
Received Import Request.
  Time since last request: 0.000066 seconds.
  path: Assets/NGUI/Scripts/UI/UICamera.cs
  artifactKey: Guid(2a92b5d748695fd44aac9feef17ba415) Importer(2089858483,b0f066a214c2f5e87bad3c948f4d605d)
Start importing Assets/NGUI/Scripts/UI/UICamera.cs using Guid(2a92b5d748695fd44aac9feef17ba415) Importer(2089858483,b0f066a214c2f5e87bad3c948f4d605d) (ScriptedImporter) -> (artifact id: '9a037765ff2f460134971572f3194d09') in 0.0638181 seconds
Number of updated asset objects reloaded before import = 0Number of asset objects unloaded after import = 0

========================================================================
Received Import Request.
  Time since last request: 0.000109 seconds.
  path: Assets/NGUI/Scripts/Tweening/TweenWidth.cs
  artifactKey: Guid(0fe5d396737f89f4ea1534bc147cad2e) Importer(2089858483,b0f066a214c2f5e87bad3c948f4d605d)
Start importing Assets/NGUI/Scripts/Tweening/TweenWidth.cs using Guid(0fe5d396737f89f4ea1534bc147cad2e) Importer(2089858483,b0f066a214c2f5e87bad3c948f4d605d) (ScriptedImporter) -> (artifact id: 'c988aa59d4977fe10da7cb60256639f2') in 0.0938131 seconds
Number of updated asset objects reloaded before import = 0Number of asset objects unloaded after import = 0

========================================================================
Received Import Request.
  Time since last request: 0.000286 seconds.
  path: Assets/NGUI/Scripts/Tweening/UITweener.cs
  artifactKey: Guid(c96860f5597f2494abb42d29cdca0bcc) Importer(2089858483,b0f066a214c2f5e87bad3c948f4d605d)
Start importing Assets/NGUI/Scripts/Tweening/UITweener.cs using Guid(c96860f5597f2494abb42d29cdca0bcc) Importer(2089858483,b0f066a214c2f5e87bad3c948f4d605d) (ScriptedImporter) -> (artifact id: '31573cb6a76c4bdcc09865b22f2d67ca') in 0.0518344 seconds
Number of updated asset objects reloaded before import = 0Number of asset objects unloaded after import = 0

========================================================================
Received Import Request.
  Time since last request: 0.000074 seconds.
  path: Assets/NGUI/Scripts/UI/UISprite.cs
  artifactKey: Guid(1b3dc54f924693f41b5cbecb267e647a) Importer(2089858483,b0f066a214c2f5e87bad3c948f4d605d)
Start importing Assets/NGUI/Scripts/UI/UISprite.cs using Guid(1b3dc54f924693f41b5cbecb267e647a) Importer(2089858483,b0f066a214c2f5e87bad3c948f4d605d) (ScriptedImporter) -> (artifact id: 'bc8d972ce293338916d9986a69663f09') in 0.048346 seconds
Number of updated asset objects reloaded before import = 0Number of asset objects unloaded after import = 0

========================================================================
Received Import Request.
  Time since last request: 0.000180 seconds.
  path: Assets/NGUI/Scripts/Internal/BMSymbol.cs
  artifactKey: Guid(bf11dfea9b50b5745b17e71aaccde1c7) Importer(2089858483,b0f066a214c2f5e87bad3c948f4d605d)
Start importing Assets/NGUI/Scripts/Internal/BMSymbol.cs using Guid(bf11dfea9b50b5745b17e71aaccde1c7) Importer(2089858483,b0f066a214c2f5e87bad3c948f4d605d) (ScriptedImporter) -> (artifact id: '30b48a6c5dc23c148a4da8204520f2f6') in 0.0858469 seconds
Number of updated asset objects reloaded before import = 0Number of asset objects unloaded after import = 0

========================================================================
Received Import Request.
  Time since last request: 0.000302 seconds.
  path: Assets/NGUI/Scripts/Internal/AnimationOrTween.cs
  artifactKey: Guid(0249dc991b57a1f4fa6f192e9f4a3883) Importer(2089858483,b0f066a214c2f5e87bad3c948f4d605d)
Start importing Assets/NGUI/Scripts/Internal/AnimationOrTween.cs using Guid(0249dc991b57a1f4fa6f192e9f4a3883) Importer(2089858483,b0f066a214c2f5e87bad3c948f4d605d) (ScriptedImporter) -> (artifact id: '6d53953bebae52b36d9767da2abdbb73') in 0.0605454 seconds
Number of updated asset objects reloaded before import = 0Number of asset objects unloaded after import = 0

========================================================================
Received Import Request.
  Time since last request: 0.000362 seconds.
  path: Assets/NGUI/Scripts/Tweening/TweenVolume.cs
  artifactKey: Guid(17aeef7ce6c142344959e650cab20151) Importer(2089858483,b0f066a214c2f5e87bad3c948f4d605d)
Start importing Assets/NGUI/Scripts/Tweening/TweenVolume.cs using Guid(17aeef7ce6c142344959e650cab20151) Importer(2089858483,b0f066a214c2f5e87bad3c948f4d605d) (ScriptedImporter) -> (artifact id: 'fada6784d69cb5cc20dde9738bfa3a59') in 0.1001679 seconds
Number of updated asset objects reloaded before import = 0Number of asset objects unloaded after import = 0

========================================================================
Received Import Request.
  Time since last request: 0.000847 seconds.
  path: Assets/NGUI/Scripts/Internal/ActiveAnimation.cs
  artifactKey: Guid(65ee607e1177db1479c3cbf94cac327e) Importer(2089858483,b0f066a214c2f5e87bad3c948f4d605d)
Start importing Assets/NGUI/Scripts/Internal/ActiveAnimation.cs using Guid(65ee607e1177db1479c3cbf94cac327e) Importer(2089858483,b0f066a214c2f5e87bad3c948f4d605d) (ScriptedImporter) -> (artifact id: 'ddf99ca88edad8222a5fb35479b16f09') in 0.0935703 seconds
Number of updated asset objects reloaded before import = 0Number of asset objects unloaded after import = 0

========================================================================
Received Import Request.
  Time since last request: 0.000379 seconds.
  path: Assets/Prefabs/Background/Particles/HeavySnow02.prefab
  artifactKey: Guid(0c2855fe010c9f6439f3327394c83eb2) Importer(2089858483,b0f066a214c2f5e87bad3c948f4d605d)
Start importing Assets/Prefabs/Background/Particles/HeavySnow02.prefab using Guid(0c2855fe010c9f6439f3327394c83eb2) Importer(2089858483,b0f066a214c2f5e87bad3c948f4d605d) (ScriptedImporter) -> (artifact id: '0b647686004ba2d7ba4180bfc5e82908') in 0.1438875 seconds
Number of updated asset objects reloaded before import = 0Number of asset objects unloaded after import = 8

========================================================================
Received Import Request.
  Time since last request: 0.000091 seconds.
  path: Assets/Prefabs/Background/Trees/bigTree01.prefab
  artifactKey: Guid(a440b423dec3cdb419bac44027ae2258) Importer(2089858483,b0f066a214c2f5e87bad3c948f4d605d)
Start importing Assets/Prefabs/Background/Trees/bigTree01.prefab using Guid(a440b423dec3cdb419bac44027ae2258) Importer(2089858483,b0f066a214c2f5e87bad3c948f4d605d) (ScriptedImporter) -> (artifact id: 'f1cef9ba22a23a00b27c99037b6990e6') in 0.1233756 seconds
Number of updated asset objects reloaded before import = 0Number of asset objects unloaded after import = 9

========================================================================
Received Import Request.
  Time since last request: 0.000184 seconds.
  path: Assets/ScreenDrops/_Demo/demo/LightmapNear-0.exr
  artifactKey: Guid(e8871667de4e8db4fae196331083b0d4) Importer(2089858483,b0f066a214c2f5e87bad3c948f4d605d)
Start importing Assets/ScreenDrops/_Demo/demo/LightmapNear-0.exr using Guid(e8871667de4e8db4fae196331083b0d4) Importer(2089858483,b0f066a214c2f5e87bad3c948f4d605d) (ScriptedImporter) -> (artifact id: '2abeb6f851cbf8d0dbd66acccf161e5d') in 0.1026622 seconds
Number of updated asset objects reloaded before import = 0Number of asset objects unloaded after import = 1

========================================================================
Received Import Request.
  Time since last request: 0.000064 seconds.
  path: Assets/SoundManagerPro/Demo/DemoObjects/ExplosionParticleSFX.prefab
  artifactKey: Guid(f38cc5817b8e6a9418d69e24458ae355) Importer(2089858483,b0f066a214c2f5e87bad3c948f4d605d)
Start importing Assets/SoundManagerPro/Demo/DemoObjects/ExplosionParticleSFX.prefab using Guid(f38cc5817b8e6a9418d69e24458ae355) Importer(2089858483,b0f066a214c2f5e87bad3c948f4d605d) (ScriptedImporter) -> (artifact id: '2acbdd1b63aef68b09864bf0a106947f') in 0.1234462 seconds
Number of updated asset objects reloaded before import = 0Number of asset objects unloaded after import = 6

========================================================================
Received Import Request.
  Time since last request: 0.000046 seconds.
  path: Assets/SoundManagerPro/Demo/DemoSounds/Laser2.wav
  artifactKey: Guid(92314589518728b438ed54507133eb7d) Importer(2089858483,b0f066a214c2f5e87bad3c948f4d605d)
Start importing Assets/SoundManagerPro/Demo/DemoSounds/Laser2.wav using Guid(92314589518728b438ed54507133eb7d) Importer(2089858483,b0f066a214c2f5e87bad3c948f4d605d) (ScriptedImporter) -> (artifact id: '9140d8fbf5ff0688de4cb00303c962c7') in 0.0690083 seconds
Number of updated asset objects reloaded before import = 0Number of asset objects unloaded after import = 1

========================================================================
Received Import Request.
  Time since last request: 0.000043 seconds.
  path: Assets/SoundManagerPro/Demo/DemoSounds/Explosion1.wav
  artifactKey: Guid(4aace3f56335d6c4196b5098a89f1470) Importer(2089858483,b0f066a214c2f5e87bad3c948f4d605d)
Start importing Assets/SoundManagerPro/Demo/DemoSounds/Explosion1.wav using Guid(4aace3f56335d6c4196b5098a89f1470) Importer(2089858483,b0f066a214c2f5e87bad3c948f4d605d) (ScriptedImporter) -> (artifact id: '280addfeba0a8b1715b490138f9fa9ff') in 0.096494 seconds
Number of updated asset objects reloaded before import = 0Number of asset objects unloaded after import = 1

========================================================================
Received Import Request.
  Time since last request: 0.000372 seconds.
  path: Assets/SoundManagerPro/Demo/DemoScripts/DemoPart2.cs
  artifactKey: Guid(7f18e25a829287c4483b145bd8aaea33) Importer(2089858483,b0f066a214c2f5e87bad3c948f4d605d)
Start importing Assets/SoundManagerPro/Demo/DemoScripts/DemoPart2.cs using Guid(7f18e25a829287c4483b145bd8aaea33) Importer(2089858483,b0f066a214c2f5e87bad3c948f4d605d) (ScriptedImporter) -> (artifact id: '6eef89daadb68fa043b0bc8fc3da9120') in 0.0733135 seconds
Number of updated asset objects reloaded before import = 0Number of asset objects unloaded after import = 0

========================================================================
Received Import Request.
  Time since last request: 0.000091 seconds.
  path: Assets/SoundManagerPro/Demo/DemoScripts/DemoPart1.cs
  artifactKey: Guid(bc905648c0f818d489379a8db3d16ad8) Importer(2089858483,b0f066a214c2f5e87bad3c948f4d605d)
Start importing Assets/SoundManagerPro/Demo/DemoScripts/DemoPart1.cs using Guid(bc905648c0f818d489379a8db3d16ad8) Importer(2089858483,b0f066a214c2f5e87bad3c948f4d605d) (ScriptedImporter) -> (artifact id: 'bee6755841dacfed5724c66e5670b75b') in 0.0732358 seconds
Number of updated asset objects reloaded before import = 0Number of asset objects unloaded after import = 0

========================================================================
Received Import Request.
  Time since last request: 0.000808 seconds.
  path: Assets/SoundManagerPro/Demo/DemoSounds/DJ Etch - Aftermath.mp3
  artifactKey: Guid(bce9b44e46193024ba37e78d3ada7700) Importer(2089858483,b0f066a214c2f5e87bad3c948f4d605d)
Start importing Assets/SoundManagerPro/Demo/DemoSounds/DJ Etch - Aftermath.mp3 using Guid(bce9b44e46193024ba37e78d3ada7700) Importer(2089858483,b0f066a214c2f5e87bad3c948f4d605d) (ScriptedImporter) -> (artifact id: 'ff4436ed6f5719c223d0043e35f40857') in 0.1916275 seconds
Number of updated asset objects reloaded before import = 0Number of asset objects unloaded after import = 1

========================================================================
Received Import Request.
  Time since last request: 0.001132 seconds.
  path: Assets/SoundManagerPro/Scripts/Classes/AudioSourcePro.cs
  artifactKey: Guid(ca8ae34729948b84ca8698a29b32c385) Importer(2089858483,b0f066a214c2f5e87bad3c948f4d605d)
Start importing Assets/SoundManagerPro/Scripts/Classes/AudioSourcePro.cs using Guid(ca8ae34729948b84ca8698a29b32c385) Importer(2089858483,b0f066a214c2f5e87bad3c948f4d605d) (ScriptedImporter) -> (artifact id: '54c18a375fa88ada3d1c17d02123bfdd') in 0.240113 seconds
Number of updated asset objects reloaded before import = 0Number of asset objects unloaded after import = 0

========================================================================
Received Import Request.
  Time since last request: 0.238204 seconds.
  path: Assets/SoundManagerPro/Demo/DemoSounds/SyncTrack2b.wav
  artifactKey: Guid(9eef04c802681b34ea47b668f8e005df) Importer(2089858483,b0f066a214c2f5e87bad3c948f4d605d)
Start importing Assets/SoundManagerPro/Demo/DemoSounds/SyncTrack2b.wav using Guid(9eef04c802681b34ea47b668f8e005df) Importer(2089858483,b0f066a214c2f5e87bad3c948f4d605d) (ScriptedImporter) -> (artifact id: '4e42cb495a6dbf6d52d6e71310576b83') in 0.1927318 seconds
Number of updated asset objects reloaded before import = 0Number of asset objects unloaded after import = 1

========================================================================
Received Import Request.
  Time since last request: 0.000218 seconds.
  path: Assets/SoundManagerPro/Scripts/Extensions/NGUI_SMPRO_INTEGRATION.unitypackage
  artifactKey: Guid(9fd46797e7f12c74e9aec7174fdace15) Importer(2089858483,b0f066a214c2f5e87bad3c948f4d605d)
Start importing Assets/SoundManagerPro/Scripts/Extensions/NGUI_SMPRO_INTEGRATION.unitypackage using Guid(9fd46797e7f12c74e9aec7174fdace15) Importer(2089858483,b0f066a214c2f5e87bad3c948f4d605d) (ScriptedImporter) -> (artifact id: 'b4062e2a708360a04bd62f9699017d50') in 0.1189881 seconds
Number of updated asset objects reloaded before import = 0Number of asset objects unloaded after import = 1

========================================================================
Received Import Request.
  Time since last request: 0.023056 seconds.
  path: Assets/SoundManagerPro/Scripts/Classes/AudioSubscription.cs
  artifactKey: Guid(85e8926f30c73c84c9ae0c0b8016193a) Importer(2089858483,b0f066a214c2f5e87bad3c948f4d605d)
Start importing Assets/SoundManagerPro/Scripts/Classes/AudioSubscription.cs using Guid(85e8926f30c73c84c9ae0c0b8016193a) Importer(2089858483,b0f066a214c2f5e87bad3c948f4d605d) (ScriptedImporter) -> (artifact id: '59b77e439919c5298df357ffb23ff8f0') in 0.1393075 seconds
Number of updated asset objects reloaded before import = 0Number of asset objects unloaded after import = 0

========================================================================
Received Import Request.
  Time since last request: 0.054761 seconds.
  path: Assets/SoundManagerPro/Scripts/Managers/SoundManager_Variables_SFX.cs
  artifactKey: Guid(3f0a39dc1266fcd4987a8d81950231e5) Importer(2089858483,b0f066a214c2f5e87bad3c948f4d605d)
Start importing Assets/SoundManagerPro/Scripts/Managers/SoundManager_Variables_SFX.cs using Guid(3f0a39dc1266fcd4987a8d81950231e5) Importer(2089858483,b0f066a214c2f5e87bad3c948f4d605d) (ScriptedImporter) -> (artifact id: 'eb938580dae4a2521ae9062c408e7c75') in 0.2483336 seconds
Number of updated asset objects reloaded before import = 0Number of asset objects unloaded after import = 0

========================================================================
Received Import Request.
  Time since last request: 0.194077 seconds.
  path: Assets/SoundManagerPro/Scripts/Managers/SoundManager_Editor.cs
  artifactKey: Guid(f152bb010dffaa04b92cbca114972010) Importer(2089858483,b0f066a214c2f5e87bad3c948f4d605d)
Start importing Assets/SoundManagerPro/Scripts/Managers/SoundManager_Editor.cs using Guid(f152bb010dffaa04b92cbca114972010) Importer(2089858483,b0f066a214c2f5e87bad3c948f4d605d) (ScriptedImporter) -> (artifact id: '61a55403c630a45e6565be478e9ab476') in 0.1185946 seconds
Number of updated asset objects reloaded before import = 0Number of asset objects unloaded after import = 0

========================================================================
Received Import Request.
  Time since last request: 0.000140 seconds.
  path: Assets/Dialoguer/DialogueEditor/Scripts/Editor/DialogueEditorAssetModificationProcessor.cs
  artifactKey: Guid(ab1dd9c3f66bf4d22b4bf12ebf4f5657) Importer(2089858483,b0f066a214c2f5e87bad3c948f4d605d)
Start importing Assets/Dialoguer/DialogueEditor/Scripts/Editor/DialogueEditorAssetModificationProcessor.cs using Guid(ab1dd9c3f66bf4d22b4bf12ebf4f5657) Importer(2089858483,b0f066a214c2f5e87bad3c948f4d605d) (ScriptedImporter) -> (artifact id: 'c37ff7f94ee609ae836a68e5f0bde7f6') in 0.3095083 seconds
Number of updated asset objects reloaded before import = 0Number of asset objects unloaded after import = 0

========================================================================
Received Import Request.
  Time since last request: 0.001195 seconds.
  path: Assets/Dialoguer/DialogueEditor/Scripts/Editor/ThemeEditorWindow.cs
  artifactKey: Guid(7a97cd5fab272427095d969db22a8143) Importer(2089858483,b0f066a214c2f5e87bad3c948f4d605d)
Start importing Assets/Dialoguer/DialogueEditor/Scripts/Editor/ThemeEditorWindow.cs using Guid(7a97cd5fab272427095d969db22a8143) Importer(2089858483,b0f066a214c2f5e87bad3c948f4d605d) (ScriptedImporter) -> (artifact id: 'b7731178c922dc9f523ff6a50f0263cf') in 0.1166812 seconds
Number of updated asset objects reloaded before import = 0Number of asset objects unloaded after import = 0

========================================================================
Received Import Request.
  Time since last request: 0.131902 seconds.
  path: Assets/Dialoguer/DialogueEditor/Scripts/Statics/VariableEditorScopes.cs
  artifactKey: Guid(d85dd41c779ad4a9d8c7d7a6426b0c9f) Importer(2089858483,b0f066a214c2f5e87bad3c948f4d605d)
Start importing Assets/Dialoguer/DialogueEditor/Scripts/Statics/VariableEditorScopes.cs using Guid(d85dd41c779ad4a9d8c7d7a6426b0c9f) Importer(2089858483,b0f066a214c2f5e87bad3c948f4d605d) (ScriptedImporter) -> (artifact id: '4d8c5765b451ece14a427c8cfc19b636') in 0.2724347 seconds
Number of updated asset objects reloaded before import = 0Number of asset objects unloaded after import = 0

========================================================================
Received Import Request.
  Time since last request: 0.121074 seconds.
  path: Assets/Dialoguer/Dialoguer/Scripts/Core/Dialoguer.cs
  artifactKey: Guid(1e7d50649c0534068a046deab38e88a8) Importer(2089858483,b0f066a214c2f5e87bad3c948f4d605d)
Start importing Assets/Dialoguer/Dialoguer/Scripts/Core/Dialoguer.cs using Guid(1e7d50649c0534068a046deab38e88a8) Importer(2089858483,b0f066a214c2f5e87bad3c948f4d605d) (ScriptedImporter) -> (artifact id: 'a85fa30dbd3f1e3461a92877ed0b2518') in 0.117029 seconds
Number of updated asset objects reloaded before import = 0Number of asset objects unloaded after import = 0

========================================================================
Received Import Request.
  Time since last request: 0.005215 seconds.
  path: Assets/Dialoguer/Dialoguer/Scripts/Monobehaviours/WaitPhaseComponent.cs
  artifactKey: Guid(0e4d86034cf4a476684e2dcbb5fca8f4) Importer(2089858483,b0f066a214c2f5e87bad3c948f4d605d)
Start importing Assets/Dialoguer/Dialoguer/Scripts/Monobehaviours/WaitPhaseComponent.cs using Guid(0e4d86034cf4a476684e2dcbb5fca8f4) Importer(2089858483,b0f066a214c2f5e87bad3c948f4d605d) (ScriptedImporter) -> (artifact id: 'b0e964f9203673f11fb9d6a3a5f76fe1') in 0.208789 seconds
Number of updated asset objects reloaded before import = 0Number of asset objects unloaded after import = 0

========================================================================
Received Import Request.
  Time since last request: 0.041633 seconds.
  path: Assets/SoundManagerPro/Demo/DemoSounds/SyncTrack1a.wav
  artifactKey: Guid(26457f31cb88d354780bf66bc7b93b48) Importer(2089858483,b0f066a214c2f5e87bad3c948f4d605d)
Start importing Assets/SoundManagerPro/Demo/DemoSounds/SyncTrack1a.wav using Guid(26457f31cb88d354780bf66bc7b93b48) Importer(2089858483,b0f066a214c2f5e87bad3c948f4d605d) (ScriptedImporter) -> (artifact id: 'f94b2375114ca6feda34851aea302775') in 0.4386439 seconds
Number of updated asset objects reloaded before import = 0Number of asset objects unloaded after import = 1

========================================================================
Received Import Request.
  Time since last request: 0.002161 seconds.
  path: Assets/Dialoguer/DialogueEditor/Scripts/Statics/VariableEditorTypes.cs
  artifactKey: Guid(c162d2778b1c34690b13b87b314f4948) Importer(2089858483,b0f066a214c2f5e87bad3c948f4d605d)
Start importing Assets/Dialoguer/DialogueEditor/Scripts/Statics/VariableEditorTypes.cs using Guid(c162d2778b1c34690b13b87b314f4948) Importer(2089858483,b0f066a214c2f5e87bad3c948f4d605d) (ScriptedImporter) -> (artifact id: '55ea332f8c824cd48113f1a98c2fdf97') in 0.1515528 seconds
Number of updated asset objects reloaded before import = 0Number of asset objects unloaded after import = 0

========================================================================
Received Import Request.
  Time since last request: 0.012179 seconds.
  path: Assets/Dialoguer/Dialoguer/Scripts/Phases/ConditionalPhase.cs
  artifactKey: Guid(638698b8d7275483ebf825ba6dd345e4) Importer(2089858483,b0f066a214c2f5e87bad3c948f4d605d)
Start importing Assets/Dialoguer/Dialoguer/Scripts/Phases/ConditionalPhase.cs using Guid(638698b8d7275483ebf825ba6dd345e4) Importer(2089858483,b0f066a214c2f5e87bad3c948f4d605d) (ScriptedImporter) -> (artifact id: '391d22aed2044ab78f1b26aeaa7befb7') in 0.1284183 seconds
Number of updated asset objects reloaded before import = 0Number of asset objects unloaded after import = 0

========================================================================
Received Import Request.
  Time since last request: 0.036930 seconds.
  path: Assets/Prefabs/Background/Trees/brownTree01.prefab
  artifactKey: Guid(121cef2499dd8834dbbfb6a2f1e2fa40) Importer(2089858483,b0f066a214c2f5e87bad3c948f4d605d)
Start importing Assets/Prefabs/Background/Trees/brownTree01.prefab using Guid(121cef2499dd8834dbbfb6a2f1e2fa40) Importer(2089858483,b0f066a214c2f5e87bad3c948f4d605d) (ScriptedImporter) -> (artifact id: 'b88e26cfa155d0477494731ce7f1275a') in 0.0991841 seconds
Number of updated asset objects reloaded before import = 0Number of asset objects unloaded after import = 8

========================================================================
Received Import Request.
  Time since last request: 0.006657 seconds.
  path: Assets/Dialoguer/Dialoguer/Scripts/Objects/DialoguerVariables.cs
  artifactKey: Guid(3f23f1a21594041fdb0332097bff2507) Importer(2089858483,b0f066a214c2f5e87bad3c948f4d605d)
Start importing Assets/Dialoguer/Dialoguer/Scripts/Objects/DialoguerVariables.cs using Guid(3f23f1a21594041fdb0332097bff2507) Importer(2089858483,b0f066a214c2f5e87bad3c948f4d605d) (ScriptedImporter) -> (artifact id: 'd2b4dd1ca486c9b6691e3029e3cdfb69') in 0.0848851 seconds
Number of updated asset objects reloaded before import = 0Number of asset objects unloaded after import = 0

========================================================================
Received Import Request.
  Time since last request: 0.000126 seconds.
  path: Assets/SoundManagerPro/Scripts/Managers/SoundManager_Variables_Music.cs
  artifactKey: Guid(12c1025a21b080c4eac7dfb21409b034) Importer(2089858483,b0f066a214c2f5e87bad3c948f4d605d)
Start importing Assets/SoundManagerPro/Scripts/Managers/SoundManager_Variables_Music.cs using Guid(12c1025a21b080c4eac7dfb21409b034) Importer(2089858483,b0f066a214c2f5e87bad3c948f4d605d) (ScriptedImporter) -> (artifact id: 'fa2245da2aa5249defad2ac39e470441') in 0.0927806 seconds
Number of updated asset objects reloaded before import = 0Number of asset objects unloaded after import = 0

========================================================================
Received Import Request.
  Time since last request: 0.001119 seconds.
  path: Assets/Dialoguer/Dialoguer/Scripts/Phases/TextPhase.cs
  artifactKey: Guid(73a5569f0d8914c769644ca044d55797) Importer(2089858483,b0f066a214c2f5e87bad3c948f4d605d)
Start importing Assets/Dialoguer/Dialoguer/Scripts/Phases/TextPhase.cs using Guid(73a5569f0d8914c769644ca044d55797) Importer(2089858483,b0f066a214c2f5e87bad3c948f4d605d) (ScriptedImporter) -> (artifact id: 'd9b130820ae7ed3a122f1cd6d353159d') in 0.0735277 seconds
Number of updated asset objects reloaded before import = 0Number of asset objects unloaded after import = 0

========================================================================
Received Import Request.
  Time since last request: 0.000115 seconds.
  path: Assets/NGUI/Examples/Atlases/Fantasy/Fantasy Atlas.psd
  artifactKey: Guid(da323e2b403b83f48a9c5bc9e05ec0cd) Importer(2089858483,b0f066a214c2f5e87bad3c948f4d605d)
Start importing Assets/NGUI/Examples/Atlases/Fantasy/Fantasy Atlas.psd using Guid(da323e2b403b83f48a9c5bc9e05ec0cd) Importer(2089858483,b0f066a214c2f5e87bad3c948f4d605d) (ScriptedImporter) -> (artifact id: 'c0cd78d084cb32a36a548d4f05497324') in 0.2053299 seconds
Number of updated asset objects reloaded before import = 0Number of asset objects unloaded after import = 1

========================================================================
Received Import Request.
  Time since last request: 0.001352 seconds.
  path: Assets/NGUI/Examples/Atlases/Fantasy/Fantasy Atlas.mat
  artifactKey: Guid(e7ef61ebb5c25394c8706a7ea658349f) Importer(2089858483,b0f066a214c2f5e87bad3c948f4d605d)
Start importing Assets/NGUI/Examples/Atlases/Fantasy/Fantasy Atlas.mat using Guid(e7ef61ebb5c25394c8706a7ea658349f) Importer(2089858483,b0f066a214c2f5e87bad3c948f4d605d) (ScriptedImporter) -> (artifact id: '0c944235fda69072ea28cd844ac2f389') in 0.2050799 seconds
Number of updated asset objects reloaded before import = 0Number of asset objects unloaded after import = 2

========================================================================
Received Import Request.
  Time since last request: 0.008275 seconds.
  path: Assets/NGUI/Examples/Atlases/Refractive/Refractive Font - Header.txt
  artifactKey: Guid(c905e39dfae16404fa3c67e876cf74f5) Importer(2089858483,b0f066a214c2f5e87bad3c948f4d605d)
Start importing Assets/NGUI/Examples/Atlases/Refractive/Refractive Font - Header.txt using Guid(c905e39dfae16404fa3c67e876cf74f5) Importer(2089858483,b0f066a214c2f5e87bad3c948f4d605d) (ScriptedImporter) -> (artifact id: '398106f0c0ae84fb3007d5aa01da8589') in 0.1209039 seconds
Number of updated asset objects reloaded before import = 0Number of asset objects unloaded after import = 1

========================================================================
Received Import Request.
  Time since last request: 0.011299 seconds.
  path: Assets/Dialoguer/Dialoguer/Scripts/Utilities/DialoguerSerializableDictionary.cs
  artifactKey: Guid(169d49180a195416e90eee7279db8aa5) Importer(2089858483,b0f066a214c2f5e87bad3c948f4d605d)
Start importing Assets/Dialoguer/Dialoguer/Scripts/Utilities/DialoguerSerializableDictionary.cs using Guid(169d49180a195416e90eee7279db8aa5) Importer(2089858483,b0f066a214c2f5e87bad3c948f4d605d) (ScriptedImporter) -> (artifact id: 'ee1aca219549c45b01020fd10a6f5590') in 0.0657065 seconds
Number of updated asset objects reloaded before import = 0Number of asset objects unloaded after import = 0

========================================================================
Received Import Request.
  Time since last request: 0.000675 seconds.
  path: Assets/NGUI/Examples/Atlases/Refractive/Refractive Atlas.prefab
  artifactKey: Guid(f1289d9a909bfda4e97fbd6af270d511) Importer(2089858483,b0f066a214c2f5e87bad3c948f4d605d)
Start importing Assets/NGUI/Examples/Atlases/Refractive/Refractive Atlas.prefab using Guid(f1289d9a909bfda4e97fbd6af270d511) Importer(2089858483,b0f066a214c2f5e87bad3c948f4d605d) (ScriptedImporter) -> (artifact id: 'fff18113efb0819fb9db91b6b2296327') in 0.1117489 seconds
Number of updated asset objects reloaded before import = 0Number of asset objects unloaded after import = 5

========================================================================
Received Import Request.
  Time since last request: 0.000092 seconds.
  path: Assets/NGUI/Examples/Atlases/Refractive/Refractive Atlas.mat
  artifactKey: Guid(e76d0bdab6849b94aa507497bbb96687) Importer(2089858483,b0f066a214c2f5e87bad3c948f4d605d)
Start importing Assets/NGUI/Examples/Atlases/Refractive/Refractive Atlas.mat using Guid(e76d0bdab6849b94aa507497bbb96687) Importer(2089858483,b0f066a214c2f5e87bad3c948f4d605d) (ScriptedImporter) -> (artifact id: 'd68d1973d63a18c73312cc795964de6d') in 0.2501722 seconds
Number of updated asset objects reloaded before import = 0Number of asset objects unloaded after import = 5

========================================================================
Received Import Request.
  Time since last request: 0.000206 seconds.
  path: Assets/NGUI/Examples/Atlases/SciFi/SciFi Atlas.psd
  artifactKey: Guid(d4b622e2ae4b7aa4abf761706845a53f) Importer(2089858483,b0f066a214c2f5e87bad3c948f4d605d)
Start importing Assets/NGUI/Examples/Atlases/SciFi/SciFi Atlas.psd using Guid(d4b622e2ae4b7aa4abf761706845a53f) Importer(2089858483,b0f066a214c2f5e87bad3c948f4d605d) (ScriptedImporter) -> (artifact id: '0bc5c11dc1c079f55ae0946479db7e5a') in 0.1502032 seconds
Number of updated asset objects reloaded before import = 0Number of asset objects unloaded after import = 1

========================================================================
Received Import Request.
  Time since last request: 0.002763 seconds.
  path: Assets/Dialoguer/Dialoguer/Scripts/Core/DialoguerEventManager.cs
  artifactKey: Guid(e2c904f772b9b4f388a27aebc2d9224c) Importer(2089858483,b0f066a214c2f5e87bad3c948f4d605d)
Start importing Assets/Dialoguer/Dialoguer/Scripts/Core/DialoguerEventManager.cs using Guid(e2c904f772b9b4f388a27aebc2d9224c) Importer(2089858483,b0f066a214c2f5e87bad3c948f4d605d) (ScriptedImporter) -> (artifact id: 'eadede92481fd977801d16151a7cb472') in 0.1897309 seconds
Number of updated asset objects reloaded before import = 0Number of asset objects unloaded after import = 0

========================================================================
Received Import Request.
  Time since last request: 0.000236 seconds.
  path: Assets/Dialoguer/Dialoguer/Scripts/Statics/DialoguerTextPhaseType.cs
  artifactKey: Guid(1ef2314570d674bf393813875f7a28cd) Importer(2089858483,b0f066a214c2f5e87bad3c948f4d605d)
Start importing Assets/Dialoguer/Dialoguer/Scripts/Statics/DialoguerTextPhaseType.cs using Guid(1ef2314570d674bf393813875f7a28cd) Importer(2089858483,b0f066a214c2f5e87bad3c948f4d605d) (ScriptedImporter) -> (artifact id: '3e8824b3bf2f68f034c35f2fab61294f') in 0.0777577 seconds
Number of updated asset objects reloaded before import = 0Number of asset objects unloaded after import = 0

========================================================================
Received Import Request.
  Time since last request: 0.000086 seconds.
  path: Assets/NGUI/Examples/Atlases/Wooden/Control - Colored Button.prefab
  artifactKey: Guid(fee46b827274e694aa251e2d36700135) Importer(2089858483,b0f066a214c2f5e87bad3c948f4d605d)
Start importing Assets/NGUI/Examples/Atlases/Wooden/Control - Colored Button.prefab using Guid(fee46b827274e694aa251e2d36700135) Importer(2089858483,b0f066a214c2f5e87bad3c948f4d605d) (ScriptedImporter) -> (artifact id: '554bdd0333468d2663e24bc5b0d7b34b') in 0.1171205 seconds
Number of updated asset objects reloaded before import = 0Number of asset objects unloaded after import = 15

========================================================================
Received Import Request.
  Time since last request: 0.000117 seconds.
  path: Assets/NGUI/Examples/Atlases/Wooden/Control - Colored Checkbox.prefab
  artifactKey: Guid(d817ce413af090746808cf805ff3375b) Importer(2089858483,b0f066a214c2f5e87bad3c948f4d605d)
Start importing Assets/NGUI/Examples/Atlases/Wooden/Control - Colored Checkbox.prefab using Guid(d817ce413af090746808cf805ff3375b) Importer(2089858483,b0f066a214c2f5e87bad3c948f4d605d) (ScriptedImporter) -> (artifact id: '3ffaae267767291f36b42fa0d97fef68') in 0.0969417 seconds
Number of updated asset objects reloaded before import = 0Number of asset objects unloaded after import = 21

========================================================================
Received Import Request.
  Time since last request: 0.000119 seconds.
  path: Assets/NGUI/Examples/Atlases/Wooden/Control - Colored Popup List.prefab
  artifactKey: Guid(ea7ea4be01fdadf45a93ce4ffd074f36) Importer(2089858483,b0f066a214c2f5e87bad3c948f4d605d)
Start importing Assets/NGUI/Examples/Atlases/Wooden/Control - Colored Popup List.prefab using Guid(ea7ea4be01fdadf45a93ce4ffd074f36) Importer(2089858483,b0f066a214c2f5e87bad3c948f4d605d) (ScriptedImporter) -> (artifact id: '887d2c1bd09b8e4a4acb9581a9598411') in 0.0845932 seconds
Number of updated asset objects reloaded before import = 0Number of asset objects unloaded after import = 14

========================================================================
Received Import Request.
  Time since last request: 0.020068 seconds.
  path: Assets/NGUI/Scripts/UI/UIAnchor.cs
  artifactKey: Guid(c8077b76001d36d489868d20d28bddb9) Importer(2089858483,b0f066a214c2f5e87bad3c948f4d605d)
Start importing Assets/NGUI/Scripts/UI/UIAnchor.cs using Guid(c8077b76001d36d489868d20d28bddb9) Importer(2089858483,b0f066a214c2f5e87bad3c948f4d605d) (ScriptedImporter) -> (artifact id: '75326ef3773354d940167338d8898908') in 0.1676831 seconds
Number of updated asset objects reloaded before import = 0Number of asset objects unloaded after import = 0

========================================================================
Received Import Request.
  Time since last request: 0.012219 seconds.
  path: Assets/NGUI/Examples/Atlases/Wooden/Control - Simple Vertical Scroll Bar.prefab
  artifactKey: Guid(df7390d50d06a4b4b893085286142266) Importer(2089858483,b0f066a214c2f5e87bad3c948f4d605d)
Start importing Assets/NGUI/Examples/Atlases/Wooden/Control - Simple Vertical Scroll Bar.prefab using Guid(df7390d50d06a4b4b893085286142266) Importer(2089858483,b0f066a214c2f5e87bad3c948f4d605d) (ScriptedImporter) -> (artifact id: '1702d66b37351b0c9828db58cee92f1b') in 0.0739364 seconds
Number of updated asset objects reloaded before import = 0Number of asset objects unloaded after import = 13

========================================================================
Received Import Request.
  Time since last request: 0.000211 seconds.
  path: Assets/NGUI/Examples/Atlases/Wooden/Control - Simple Input Field.prefab
  artifactKey: Guid(45edf347f9f51214dbfbab27b16fbf01) Importer(2089858483,b0f066a214c2f5e87bad3c948f4d605d)
Start importing Assets/NGUI/Examples/Atlases/Wooden/Control - Simple Input Field.prefab using Guid(45edf347f9f51214dbfbab27b16fbf01) Importer(2089858483,b0f066a214c2f5e87bad3c948f4d605d) (ScriptedImporter) -> (artifact id: 'c1d24f87a52842ab0b9627787a06fa5d') in 0.0834956 seconds
Number of updated asset objects reloaded before import = 0Number of asset objects unloaded after import = 10

========================================================================
Received Import Request.
  Time since last request: 0.000146 seconds.
  path: Assets/NGUI/Examples/Atlases/Wooden/Control - Colored Slider.prefab
  artifactKey: Guid(1d6f4f3ab0ce7924ca9daf1717928185) Importer(2089858483,b0f066a214c2f5e87bad3c948f4d605d)
Start importing Assets/NGUI/Examples/Atlases/Wooden/Control - Colored Slider.prefab using Guid(1d6f4f3ab0ce7924ca9daf1717928185) Importer(2089858483,b0f066a214c2f5e87bad3c948f4d605d) (ScriptedImporter) -> (artifact id: 'f14d72e809b28f218c01941f8a885652') in 0.0533581 seconds
Number of updated asset objects reloaded before import = 0Number of asset objects unloaded after import = 18

========================================================================
Received Import Request.
  Time since last request: 0.000471 seconds.
  path: Assets/NGUI/Examples/Atlases/Wooden/Control - Colored Progress Bar.prefab
  artifactKey: Guid(0b2eaf764cd5dcc498274816bd1bec13) Importer(2089858483,b0f066a214c2f5e87bad3c948f4d605d)
Start importing Assets/NGUI/Examples/Atlases/Wooden/Control - Colored Progress Bar.prefab using Guid(0b2eaf764cd5dcc498274816bd1bec13) Importer(2089858483,b0f066a214c2f5e87bad3c948f4d605d) (ScriptedImporter) -> (artifact id: 'fe2d18a6ecffab19e4d8bf58f69e9118') in 0.0754843 seconds
Number of updated asset objects reloaded before import = 0Number of asset objects unloaded after import = 17

========================================================================
Received Import Request.
  Time since last request: 0.000038 seconds.
  path: Assets/NGUI/Examples/Atlases/SciFi/SciFi Font - Normal.txt
  artifactKey: Guid(6ae1125e63fb80f4d976caeb67d641a4) Importer(2089858483,b0f066a214c2f5e87bad3c948f4d605d)
Start importing Assets/NGUI/Examples/Atlases/SciFi/SciFi Font - Normal.txt using Guid(6ae1125e63fb80f4d976caeb67d641a4) Importer(2089858483,b0f066a214c2f5e87bad3c948f4d605d) (ScriptedImporter) -> (artifact id: '92a0ebcb6855d9218b4deff2b9f218e7') in 0.0633942 seconds
Number of updated asset objects reloaded before import = 0Number of asset objects unloaded after import = 1

========================================================================
Received Import Request.
  Time since last request: 0.004581 seconds.
  path: Assets/NGUI/Examples/Atlases/SciFi/SciFi Font - Header.txt
  artifactKey: Guid(d1418064d34626b408a38cccae0d422e) Importer(2089858483,b0f066a214c2f5e87bad3c948f4d605d)
Start importing Assets/NGUI/Examples/Atlases/SciFi/SciFi Font - Header.txt using Guid(d1418064d34626b408a38cccae0d422e) Importer(2089858483,b0f066a214c2f5e87bad3c948f4d605d) (ScriptedImporter) -> (artifact id: '3c0e500fb32313bdbb779c313a5b95c9') in 0.0534282 seconds
Number of updated asset objects reloaded before import = 0Number of asset objects unloaded after import = 1

========================================================================
Received Import Request.
  Time since last request: 0.000044 seconds.
  path: Assets/NGUI/Examples/Atlases/Wooden/Wooden Atlas.prefab
  artifactKey: Guid(62adb30369acbf943a67cee0f69267a3) Importer(2089858483,b0f066a214c2f5e87bad3c948f4d605d)
Start importing Assets/NGUI/Examples/Atlases/Wooden/Wooden Atlas.prefab using Guid(62adb30369acbf943a67cee0f69267a3) Importer(2089858483,b0f066a214c2f5e87bad3c948f4d605d) (ScriptedImporter) -> (artifact id: '3a993b56dd31ad4ca894dc3fe1bd9b88') in 0.0815969 seconds
Number of updated asset objects reloaded before import = 0Number of asset objects unloaded after import = 5

========================================================================
Received Import Request.
  Time since last request: 0.000090 seconds.
  path: Assets/NGUI/Examples/Models/Orc Armor/Bracers.FBX
  artifactKey: Guid(04c500d6ebb8403459ad4e44d4a35328) Importer(2089858483,b0f066a214c2f5e87bad3c948f4d605d)
Start importing Assets/NGUI/Examples/Models/Orc Armor/Bracers.FBX using Guid(04c500d6ebb8403459ad4e44d4a35328) Importer(2089858483,b0f066a214c2f5e87bad3c948f4d605d) (ScriptedImporter) -> (artifact id: 'c42b872e478b1f9f176f0f0e2887023f') in 0.1374612 seconds
Number of updated asset objects reloaded before import = 0Number of asset objects unloaded after import = 8

========================================================================
Received Import Request.
  Time since last request: 0.000106 seconds.
  path: Assets/NGUI/Examples/Atlases/Wooden/Wooden Atlas.mat
  artifactKey: Guid(ec268c3ea1baceb4abb2168daed86f68) Importer(2089858483,b0f066a214c2f5e87bad3c948f4d605d)
Start importing Assets/NGUI/Examples/Atlases/Wooden/Wooden Atlas.mat using Guid(ec268c3ea1baceb4abb2168daed86f68) Importer(2089858483,b0f066a214c2f5e87bad3c948f4d605d) (ScriptedImporter) -> (artifact id: 'd9b23ae3928d179894736dfcaeef0de4') in 0.1286367 seconds
Number of updated asset objects reloaded before import = 0Number of asset objects unloaded after import = 2

========================================================================
Received Import Request.
  Time since last request: 0.005095 seconds.
  path: Assets/NGUI/Examples/Models/Orc/Orc Skin (Diffuse).psd
  artifactKey: Guid(9dea8a158a69bed4fa95c4876b3a9c86) Importer(2089858483,b0f066a214c2f5e87bad3c948f4d605d)
Start importing Assets/NGUI/Examples/Models/Orc/Orc Skin (Diffuse).psd using Guid(9dea8a158a69bed4fa95c4876b3a9c86) Importer(2089858483,b0f066a214c2f5e87bad3c948f4d605d) (ScriptedImporter) -> (artifact id: '49da485a08988a82f642d6b9141e1a69') in 0.1463535 seconds
Number of updated asset objects reloaded before import = 0Number of asset objects unloaded after import = 1

========================================================================
Received Import Request.
  Time since last request: 0.000693 seconds.
  path: Assets/NGUI/Examples/Scripts/Other/ExampleDragDropItem.cs
  artifactKey: Guid(d331b94ba7bbfa343bb6b9f9282b5c93) Importer(2089858483,b0f066a214c2f5e87bad3c948f4d605d)
Start importing Assets/NGUI/Examples/Scripts/Other/ExampleDragDropItem.cs using Guid(d331b94ba7bbfa343bb6b9f9282b5c93) Importer(2089858483,b0f066a214c2f5e87bad3c948f4d605d) (ScriptedImporter) -> (artifact id: '858b1fb99cc21e2b9e4367cc870121aa') in 0.0550935 seconds
Number of updated asset objects reloaded before import = 0Number of asset objects unloaded after import = 0

========================================================================
Received Import Request.
  Time since last request: 0.003122 seconds.
  path: Assets/NGUI/Examples/Models/Orc Armor/Orc Armor.mat
  artifactKey: Guid(67ee969cd76de204fabb3af9227ad2f3) Importer(2089858483,b0f066a214c2f5e87bad3c948f4d605d)
Start importing Assets/NGUI/Examples/Models/Orc Armor/Orc Armor.mat using Guid(67ee969cd76de204fabb3af9227ad2f3) Importer(2089858483,b0f066a214c2f5e87bad3c948f4d605d) (ScriptedImporter) -> (artifact id: '6c6be59d66b20c848a4d2e242e2c46f0') in 0.1167982 seconds
Number of updated asset objects reloaded before import = 0Number of asset objects unloaded after import = 4

========================================================================
Received Import Request.
  Time since last request: 0.000081 seconds.
  path: Assets/NGUI/Examples/Models/Orc/Orc.prefab
  artifactKey: Guid(2e773be3c69e0ef49b8ae5ee2b644fbd) Importer(2089858483,b0f066a214c2f5e87bad3c948f4d605d)
Start importing Assets/NGUI/Examples/Models/Orc/Orc.prefab using Guid(2e773be3c69e0ef49b8ae5ee2b644fbd) Importer(2089858483,b0f066a214c2f5e87bad3c948f4d605d) (ScriptedImporter) -> (artifact id: '422a7d21847b3341e377550862e42f47') in 0.109122 seconds
Number of updated asset objects reloaded before import = 0Number of asset objects unloaded after import = 87

========================================================================
Received Import Request.
  Time since last request: 0.000081 seconds.
  path: Assets/NGUI/Examples/Scripts/Other/DownloadTexture.cs
  artifactKey: Guid(28e7f0f53a61c6842a620d1114ae614f) Importer(2089858483,b0f066a214c2f5e87bad3c948f4d605d)
Start importing Assets/NGUI/Examples/Scripts/Other/DownloadTexture.cs using Guid(28e7f0f53a61c6842a620d1114ae614f) Importer(2089858483,b0f066a214c2f5e87bad3c948f4d605d) (ScriptedImporter) -> (artifact id: 'a18b7241e0af889bc453af2668d8f8d4') in 0.0743444 seconds
Number of updated asset objects reloaded before import = 0Number of asset objects unloaded after import = 0

========================================================================
Received Import Request.
  Time since last request: 0.001950 seconds.
  path: Assets/NGUI/Examples/Atlases/Wooden/Arimo20.tga
  artifactKey: Guid(31320d95f085b244da859514fb70c620) Importer(2089858483,b0f066a214c2f5e87bad3c948f4d605d)
Start importing Assets/NGUI/Examples/Atlases/Wooden/Arimo20.tga using Guid(31320d95f085b244da859514fb70c620) Importer(2089858483,b0f066a214c2f5e87bad3c948f4d605d) (ScriptedImporter) -> (artifact id: '4d4356a32dbe8356a809b4a298fcdea6') in 0.1174181 seconds
Number of updated asset objects reloaded before import = 0Number of asset objects unloaded after import = 1

========================================================================
Received Import Request.
  Time since last request: 0.010479 seconds.
  path: Assets/NGUI/Examples/Scripts/Other/ShaderQuality.cs
  artifactKey: Guid(90b2b27c885e1544598b824822e98119) Importer(2089858483,b0f066a214c2f5e87bad3c948f4d605d)
Start importing Assets/NGUI/Examples/Scripts/Other/ShaderQuality.cs using Guid(90b2b27c885e1544598b824822e98119) Importer(2089858483,b0f066a214c2f5e87bad3c948f4d605d) (ScriptedImporter) -> (artifact id: '26d9c42608a017dccffbf222b84f0899') in 0.0750269 seconds
Number of updated asset objects reloaded before import = 0Number of asset objects unloaded after import = 0

========================================================================
Received Import Request.
  Time since last request: 0.000084 seconds.
  path: Assets/NGUI/Examples/Scripts/Other/WindowDragTilt.cs
  artifactKey: Guid(df649a5c42709b348bc24a4c552ff369) Importer(2089858483,b0f066a214c2f5e87bad3c948f4d605d)
Start importing Assets/NGUI/Examples/Scripts/Other/WindowDragTilt.cs using Guid(df649a5c42709b348bc24a4c552ff369) Importer(2089858483,b0f066a214c2f5e87bad3c948f4d605d) (ScriptedImporter) -> (artifact id: 'b8e5f1dfe7e3322a8baa0275c0838446') in 0.0576064 seconds
Number of updated asset objects reloaded before import = 0Number of asset objects unloaded after import = 0

========================================================================
Received Import Request.
  Time since last request: 0.000147 seconds.
  path: Assets/NGUI/Examples/Scripts/Other/LookAtTarget.cs
  artifactKey: Guid(2beca3ab63dabae4782a28898bed8b06) Importer(2089858483,b0f066a214c2f5e87bad3c948f4d605d)
Start importing Assets/NGUI/Examples/Scripts/Other/LookAtTarget.cs using Guid(2beca3ab63dabae4782a28898bed8b06) Importer(2089858483,b0f066a214c2f5e87bad3c948f4d605d) (ScriptedImporter) -> (artifact id: '172fe919982d7bb556baa9ef0e7133b5') in 0.0697497 seconds
Number of updated asset objects reloaded before import = 0Number of asset objects unloaded after import = 0

========================================================================
Received Import Request.
  Time since last request: 0.000112 seconds.
  path: Assets/NGUI/Examples/Scripts/Other/UISliderColors.cs
  artifactKey: Guid(0d15ff9fd80670345b53fd7be4f2f295) Importer(2089858483,b0f066a214c2f5e87bad3c948f4d605d)
Start importing Assets/NGUI/Examples/Scripts/Other/UISliderColors.cs using Guid(0d15ff9fd80670345b53fd7be4f2f295) Importer(2089858483,b0f066a214c2f5e87bad3c948f4d605d) (ScriptedImporter) -> (artifact id: '5440138db6d46762a7cbbbc5473c97d5') in 0.0980845 seconds
Number of updated asset objects reloaded before import = 0Number of asset objects unloaded after import = 0

========================================================================
Received Import Request.
  Time since last request: 0.000046 seconds.
  path: Assets/NGUI/Examples/Scripts/Other/SetColorOnSelection.cs
  artifactKey: Guid(1c0c14d2698771846ad203a553cbc444) Importer(2089858483,b0f066a214c2f5e87bad3c948f4d605d)
Start importing Assets/NGUI/Examples/Scripts/Other/SetColorOnSelection.cs using Guid(1c0c14d2698771846ad203a553cbc444) Importer(2089858483,b0f066a214c2f5e87bad3c948f4d605d) (ScriptedImporter) -> (artifact id: 'd4950188d2da4c061632bde692152a92') in 0.0795289 seconds
Number of updated asset objects reloaded before import = 0Number of asset objects unloaded after import = 0

========================================================================
Received Import Request.
  Time since last request: 0.002739 seconds.
  path: Assets/Standard Assets/Image Effects (Pro Only)/_Sources/Shaders/ColorCorrectionCurves.shader
  artifactKey: Guid(62bcade1028c24ca1a39760ed84b9487) Importer(2089858483,b0f066a214c2f5e87bad3c948f4d605d)
Start importing Assets/Standard Assets/Image Effects (Pro Only)/_Sources/Shaders/ColorCorrectionCurves.shader using Guid(62bcade1028c24ca1a39760ed84b9487) Importer(2089858483,b0f066a214c2f5e87bad3c948f4d605d) (ScriptedImporter) -> (artifact id: '12154851428d6140cb42e4c3ffed1420') in 0.0669813 seconds
Number of updated asset objects reloaded before import = 0Number of asset objects unloaded after import = 1

========================================================================
Received Import Request.
  Time since last request: 0.000043 seconds.
  path: Assets/Prefabs/Background/Particles/ForHouse/snowParticlesSmall.prefab
  artifactKey: Guid(5df0ee6d1dcab97429642f97755e57c5) Importer(2089858483,b0f066a214c2f5e87bad3c948f4d605d)
Start importing Assets/Prefabs/Background/Particles/ForHouse/snowParticlesSmall.prefab using Guid(5df0ee6d1dcab97429642f97755e57c5) Importer(2089858483,b0f066a214c2f5e87bad3c948f4d605d) (ScriptedImporter) -> (artifact id: '196d86b38af97ef85ccf94f09c6aaa54') in 0.1692059 seconds
Number of updated asset objects reloaded before import = 0Number of asset objects unloaded after import = 7

========================================================================
Received Import Request.
  Time since last request: 0.000247 seconds.
  path: Assets/NGUI/Examples/Scripts/Other/PanWithMouse.cs
  artifactKey: Guid(cef9873bc3783e249b519e15ee14b35a) Importer(2089858483,b0f066a214c2f5e87bad3c948f4d605d)
Start importing Assets/NGUI/Examples/Scripts/Other/PanWithMouse.cs using Guid(cef9873bc3783e249b519e15ee14b35a) Importer(2089858483,b0f066a214c2f5e87bad3c948f4d605d) (ScriptedImporter) -> (artifact id: '715d93c82a1c133e7f296c1e3a7e4826') in 0.0935115 seconds
Number of updated asset objects reloaded before import = 0Number of asset objects unloaded after import = 0

========================================================================
Received Import Request.
  Time since last request: 0.004341 seconds.
  path: Assets/Standard Assets/Image Effects (Pro Only)/_Sources/Shaders/BlendModesOverlay.shader
  artifactKey: Guid(8c81db0e527d24acc9bcec04e87781bd) Importer(2089858483,b0f066a214c2f5e87bad3c948f4d605d)
Start importing Assets/Standard Assets/Image Effects (Pro Only)/_Sources/Shaders/BlendModesOverlay.shader using Guid(8c81db0e527d24acc9bcec04e87781bd) Importer(2089858483,b0f066a214c2f5e87bad3c948f4d605d) (ScriptedImporter) -> (artifact id: 'cc24f41b30ea3b3d2dc5301f771e8f98') in 0.0873763 seconds
Number of updated asset objects reloaded before import = 0Number of asset objects unloaded after import = 1

========================================================================
Received Import Request.
  Time since last request: 0.000505 seconds.
  path: Assets/NGUI/Examples/Scripts/Other/Spin.cs
  artifactKey: Guid(cf6484591c9cb0e409f5c53c6978a95d) Importer(2089858483,b0f066a214c2f5e87bad3c948f4d605d)
Start importing Assets/NGUI/Examples/Scripts/Other/Spin.cs using Guid(cf6484591c9cb0e409f5c53c6978a95d) Importer(2089858483,b0f066a214c2f5e87bad3c948f4d605d) (ScriptedImporter) -> (artifact id: '5c1e5be8f58b48b8b674bdc73d93137a') in 0.0595993 seconds
Number of updated asset objects reloaded before import = 0Number of asset objects unloaded after import = 0

========================================================================
Received Import Request.
  Time since last request: 0.000262 seconds.
  path: Assets/Standard Assets/Image Effects (Pro Only)/_Sources/Shaders/ConvertDepth.shader
  artifactKey: Guid(14768d3865b1342e3a861fbe19ba2db2) Importer(2089858483,b0f066a214c2f5e87bad3c948f4d605d)
Start importing Assets/Standard Assets/Image Effects (Pro Only)/_Sources/Shaders/ConvertDepth.shader using Guid(14768d3865b1342e3a861fbe19ba2db2) Importer(2089858483,b0f066a214c2f5e87bad3c948f4d605d) (ScriptedImporter) -> (artifact id: 'f8f43c7d5d0eb3d80f40198aab50f46f') in 0.0970233 seconds
Number of updated asset objects reloaded before import = 0Number of asset objects unloaded after import = 1

========================================================================
Received Import Request.
  Time since last request: 0.000078 seconds.
  path: Assets/Standard Assets/Image Effects (Pro Only)/_Sources/Shaders/GlowConeTap.shader
  artifactKey: Guid(fb52973118cf00648825ced2fcca240c) Importer(2089858483,b0f066a214c2f5e87bad3c948f4d605d)
Start importing Assets/Standard Assets/Image Effects (Pro Only)/_Sources/Shaders/GlowConeTap.shader using Guid(fb52973118cf00648825ced2fcca240c) Importer(2089858483,b0f066a214c2f5e87bad3c948f4d605d) (ScriptedImporter) -> (artifact id: '3f9969a23a1ac1b5d03129e37588c448') in 0.0917979 seconds
Number of updated asset objects reloaded before import = 0Number of asset objects unloaded after import = 1

========================================================================
Received Import Request.
  Time since last request: 0.001514 seconds.
  path: Assets/Standard Assets/Image Effects (Pro Only)/_Sources/Shaders/GlobalFog.shader
  artifactKey: Guid(70d8568987ac0499f952b54c7c13e265) Importer(2089858483,b0f066a214c2f5e87bad3c948f4d605d)
Start importing Assets/Standard Assets/Image Effects (Pro Only)/_Sources/Shaders/GlobalFog.shader using Guid(70d8568987ac0499f952b54c7c13e265) Importer(2089858483,b0f066a214c2f5e87bad3c948f4d605d) (ScriptedImporter) -> (artifact id: '9e3e706bd172fbd848c950db20ed4d6f') in 0.0978952 seconds
Number of updated asset objects reloaded before import = 0Number of asset objects unloaded after import = 1

========================================================================
Received Import Request.
  Time since last request: 0.000193 seconds.
  path: Assets/Standard Assets/Image Effects (Pro Only)/_Sources/Shaders/EdgeDetectNormals.shader
  artifactKey: Guid(0d1644bdf064147baa97f235fc5b4903) Importer(2089858483,b0f066a214c2f5e87bad3c948f4d605d)
Start importing Assets/Standard Assets/Image Effects (Pro Only)/_Sources/Shaders/EdgeDetectNormals.shader using Guid(0d1644bdf064147baa97f235fc5b4903) Importer(2089858483,b0f066a214c2f5e87bad3c948f4d605d) (ScriptedImporter) -> (artifact id: '540ebfa0a0537dc67327452a99eddbf2') in 0.1044989 seconds
Number of updated asset objects reloaded before import = 0Number of asset objects unloaded after import = 1

========================================================================
Received Import Request.
  Time since last request: 0.000096 seconds.
  path: Assets/Prefabs/Background/Trees/birch_01.prefab
  artifactKey: Guid(e9dfed232440a5648b271c1dd7422575) Importer(2089858483,b0f066a214c2f5e87bad3c948f4d605d)
Start importing Assets/Prefabs/Background/Trees/birch_01.prefab using Guid(e9dfed232440a5648b271c1dd7422575) Importer(2089858483,b0f066a214c2f5e87bad3c948f4d605d) (ScriptedImporter) -> (artifact id: '9e05e7d61847b54a5301fac13b46c20b') in 0.1270933 seconds
Number of updated asset objects reloaded before import = 0Number of asset objects unloaded after import = 8

========================================================================
Received Import Request.
  Time since last request: 0.000085 seconds.
  path: Assets/Standard Assets/Image Effects (Pro Only)/_Sources/Shaders/GlowEffectDownsample.shader
  artifactKey: Guid(b14b79b8936134d3f8238f0c2d40d634) Importer(2089858483,b0f066a214c2f5e87bad3c948f4d605d)
Start importing Assets/Standard Assets/Image Effects (Pro Only)/_Sources/Shaders/GlowEffectDownsample.shader using Guid(b14b79b8936134d3f8238f0c2d40d634) Importer(2089858483,b0f066a214c2f5e87bad3c948f4d605d) (ScriptedImporter) -> (artifact id: '4b0523cd1e21b19d80329747a361c29a') in 0.0817551 seconds
Number of updated asset objects reloaded before import = 0Number of asset objects unloaded after import = 1

========================================================================
Received Import Request.
  Time since last request: 0.000058 seconds.
  path: Assets/Standard Assets/Image Effects (Pro Only)/_Sources/Shaders/PrepareSunShaftsBlur.shader
  artifactKey: Guid(9ad381ed8492840ab9f165df743e4826) Importer(2089858483,b0f066a214c2f5e87bad3c948f4d605d)
Start importing Assets/Standard Assets/Image Effects (Pro Only)/_Sources/Shaders/PrepareSunShaftsBlur.shader using Guid(9ad381ed8492840ab9f165df743e4826) Importer(2089858483,b0f066a214c2f5e87bad3c948f4d605d) (ScriptedImporter) -> (artifact id: '21a73d712010e25d89ce475e6baa1db1') in 0.0645762 seconds
Number of updated asset objects reloaded before import = 0Number of asset objects unloaded after import = 1

========================================================================
Received Import Request.
  Time since last request: 0.005166 seconds.
  path: Assets/Standard Assets/Image Effects (Pro Only)/_Sources/Shaders/NoiseAndGrain.shader
  artifactKey: Guid(b0249d8c935344451aa4de6db76f0688) Importer(2089858483,b0f066a214c2f5e87bad3c948f4d605d)
Start importing Assets/Standard Assets/Image Effects (Pro Only)/_Sources/Shaders/NoiseAndGrain.shader using Guid(b0249d8c935344451aa4de6db76f0688) Importer(2089858483,b0f066a214c2f5e87bad3c948f4d605d) (ScriptedImporter) -> (artifact id: '87d4e483529469b9818a95bfd5f554bf') in 0.0886084 seconds
Number of updated asset objects reloaded before import = 0Number of asset objects unloaded after import = 1

========================================================================
Received Import Request.
  Time since last request: 0.001135 seconds.
  path: Assets/Standard Assets/Image Effects (Pro Only)/_Sources/Shaders/SepiaToneEffect.shader
  artifactKey: Guid(b6aa781cad112c75d0008dfa8d76c639) Importer(2089858483,b0f066a214c2f5e87bad3c948f4d605d)
Start importing Assets/Standard Assets/Image Effects (Pro Only)/_Sources/Shaders/SepiaToneEffect.shader using Guid(b6aa781cad112c75d0008dfa8d76c639) Importer(2089858483,b0f066a214c2f5e87bad3c948f4d605d) (ScriptedImporter) -> (artifact id: 'b2f1085695d7757045afa05f5c5d2d57') in 0.0721661 seconds
Number of updated asset objects reloaded before import = 0Number of asset objects unloaded after import = 1

========================================================================
Received Import Request.
  Time since last request: 0.000070 seconds.
  path: Assets/Standard Assets/Image Effects (Pro Only)/_Sources/Shaders/NoiseEffectShaderRGB.shader
  artifactKey: Guid(5d7f4c401ae8946bcb0d6ff68a9e7466) Importer(2089858483,b0f066a214c2f5e87bad3c948f4d605d)
Start importing Assets/Standard Assets/Image Effects (Pro Only)/_Sources/Shaders/NoiseEffectShaderRGB.shader using Guid(5d7f4c401ae8946bcb0d6ff68a9e7466) Importer(2089858483,b0f066a214c2f5e87bad3c948f4d605d) (ScriptedImporter) -> (artifact id: 'b398422d8c0c28d9ae38e5002a6fe495') in 0.1010686 seconds
Number of updated asset objects reloaded before import = 0Number of asset objects unloaded after import = 1

========================================================================
Received Import Request.
  Time since last request: 0.000258 seconds.
  path: Assets/Standard Assets/Image Effects (Pro Only)/_Sources/Shaders/SimpleClear.shader
  artifactKey: Guid(f688f89ed5eb847c5b19c934a0f1e772) Importer(2089858483,b0f066a214c2f5e87bad3c948f4d605d)
Start importing Assets/Standard Assets/Image Effects (Pro Only)/_Sources/Shaders/SimpleClear.shader using Guid(f688f89ed5eb847c5b19c934a0f1e772) Importer(2089858483,b0f066a214c2f5e87bad3c948f4d605d) (ScriptedImporter) -> (artifact id: '6c7b21b41e0816d405a672276723b435') in 0.0694193 seconds
Number of updated asset objects reloaded before import = 0Number of asset objects unloaded after import = 1

========================================================================
Received Import Request.
  Time since last request: 0.007092 seconds.
  path: Assets/Standard Assets/Image Effects (Pro Only)/_Sources/Textures/VignetteMask.png
  artifactKey: Guid(95ef4804fe0be4c999ddaa383536cde8) Importer(2089858483,b0f066a214c2f5e87bad3c948f4d605d)
Start importing Assets/Standard Assets/Image Effects (Pro Only)/_Sources/Textures/VignetteMask.png using Guid(95ef4804fe0be4c999ddaa383536cde8) Importer(2089858483,b0f066a214c2f5e87bad3c948f4d605d) (ScriptedImporter) -> (artifact id: '0a34983be6c282877b76f8fbb1dfde7f') in 0.0878135 seconds
Number of updated asset objects reloaded before import = 0Number of asset objects unloaded after import = 1

========================================================================
Received Import Request.
  Time since last request: 0.000057 seconds.
  path: Assets/Standard Assets/Image Effects (Pro Only)/_Sources/Textures/sphereShape.psd
  artifactKey: Guid(fc00ec05a89da4ff695a4273715cd5ce) Importer(2089858483,b0f066a214c2f5e87bad3c948f4d605d)
Start importing Assets/Standard Assets/Image Effects (Pro Only)/_Sources/Textures/sphereShape.psd using Guid(fc00ec05a89da4ff695a4273715cd5ce) Importer(2089858483,b0f066a214c2f5e87bad3c948f4d605d) (ScriptedImporter) -> (artifact id: '7c58a6c6561bab0ab8cba7b088379726') in 0.0815765 seconds
Number of updated asset objects reloaded before import = 0Number of asset objects unloaded after import = 1

========================================================================
Received Import Request.
  Time since last request: 0.000488 seconds.
  path: Assets/Standard Assets/Image Effects (Pro Only)/_Sources/Textures/hexShape.psd
  artifactKey: Guid(a4cdca73d61814d33ac1587f6c163bca) Importer(2089858483,b0f066a214c2f5e87bad3c948f4d605d)
Start importing Assets/Standard Assets/Image Effects (Pro Only)/_Sources/Textures/hexShape.psd using Guid(a4cdca73d61814d33ac1587f6c163bca) Importer(2089858483,b0f066a214c2f5e87bad3c948f4d605d) (ScriptedImporter) -> (artifact id: '14828c08b489d7b4a26bec19dac26802') in 0.0998427 seconds
Number of updated asset objects reloaded before import = 0Number of asset objects unloaded after import = 1

========================================================================
Received Import Request.
  Time since last request: 0.001487 seconds.
  path: Assets/Standard Assets/Image Effects (Pro Only)/_Sources/Textures/Noise.png
  artifactKey: Guid(e80c3c84ea861404d8a427db8b7abf04) Importer(2089858483,b0f066a214c2f5e87bad3c948f4d605d)
Start importing Assets/Standard Assets/Image Effects (Pro Only)/_Sources/Textures/Noise.png using Guid(e80c3c84ea861404d8a427db8b7abf04) Importer(2089858483,b0f066a214c2f5e87bad3c948f4d605d) (ScriptedImporter) -> (artifact id: 'f947b4824169043a07a85e4bdfb9229c') in 0.0911628 seconds
Number of updated asset objects reloaded before import = 0Number of asset objects unloaded after import = 1

========================================================================
Received Import Request.
  Time since last request: 0.000068 seconds.
  path: Assets/Standard Assets/Image Effects (Pro Only)/_Sources/Textures/RandomVectors.png
  artifactKey: Guid(a181ca8e3c62f3e4b8f183f6c586b032) Importer(2089858483,b0f066a214c2f5e87bad3c948f4d605d)
Start importing Assets/Standard Assets/Image Effects (Pro Only)/_Sources/Textures/RandomVectors.png using Guid(a181ca8e3c62f3e4b8f183f6c586b032) Importer(2089858483,b0f066a214c2f5e87bad3c948f4d605d) (ScriptedImporter) -> (artifact id: 'db5211a15f359f9fb90b0d75b4404498') in 0.1018428 seconds
Number of updated asset objects reloaded before import = 0Number of asset objects unloaded after import = 1

========================================================================
Received Import Request.
  Time since last request: 0.000147 seconds.
  path: Assets/Dialoguer/DialogueEditor/Scripts/Objects/DialogueObjects/DialogueEditorDialogueObject.cs
  artifactKey: Guid(ecd5de453ca8d497ca0cfbe0cccd10fe) Importer(2089858483,b0f066a214c2f5e87bad3c948f4d605d)
Start importing Assets/Dialoguer/DialogueEditor/Scripts/Objects/DialogueObjects/DialogueEditorDialogueObject.cs using Guid(ecd5de453ca8d497ca0cfbe0cccd10fe) Importer(2089858483,b0f066a214c2f5e87bad3c948f4d605d) (ScriptedImporter) -> (artifact id: 'c00148cb6b03bf273340751cddeec6e5') in 0.0791693 seconds
Number of updated asset objects reloaded before import = 0Number of asset objects unloaded after import = 0

========================================================================
Received Import Request.
  Time since last request: 0.000151 seconds.
  path: Assets/Dialoguer/DialogueEditor/Scripts/Editor/GUI/DialogueEditorGUI.cs
  artifactKey: Guid(bbfb73091770d440abc9a37cc24adf2a) Importer(2089858483,b0f066a214c2f5e87bad3c948f4d605d)
Start importing Assets/Dialoguer/DialogueEditor/Scripts/Editor/GUI/DialogueEditorGUI.cs using Guid(bbfb73091770d440abc9a37cc24adf2a) Importer(2089858483,b0f066a214c2f5e87bad3c948f4d605d) (ScriptedImporter) -> (artifact id: '88e2f50433e3072b64920ba7502d516b') in 0.0856419 seconds
Number of updated asset objects reloaded before import = 0Number of asset objects unloaded after import = 0

========================================================================
Received Import Request.
  Time since last request: 0.000068 seconds.
  path: Assets/Dialoguer/DialogueEditor/Scripts/Editor/Managers/DialogueEditorDataManager.cs
  artifactKey: Guid(784b5b33d8baa4265b8e89f06ddbe57e) Importer(2089858483,b0f066a214c2f5e87bad3c948f4d605d)
Start importing Assets/Dialoguer/DialogueEditor/Scripts/Editor/Managers/DialogueEditorDataManager.cs using Guid(784b5b33d8baa4265b8e89f06ddbe57e) Importer(2089858483,b0f066a214c2f5e87bad3c948f4d605d) (ScriptedImporter) -> (artifact id: '5ad327d50fdac8f77ef5f259b78da4ec') in 0.0596786 seconds
Number of updated asset objects reloaded before import = 0Number of asset objects unloaded after import = 0

========================================================================
Received Import Request.
  Time since last request: 0.000202 seconds.
  path: Assets/Dialoguer/DialogueEditor/Textures/GUI/Dark/button_close_hover.png
  artifactKey: Guid(17cd25ef91064438187bb0a992cd102e) Importer(2089858483,b0f066a214c2f5e87bad3c948f4d605d)
Start importing Assets/Dialoguer/DialogueEditor/Textures/GUI/Dark/button_close_hover.png using Guid(17cd25ef91064438187bb0a992cd102e) Importer(2089858483,b0f066a214c2f5e87bad3c948f4d605d) (ScriptedImporter) -> (artifact id: '90b5fcd7719dd752e6747ba23b410e0d') in 0.1109296 seconds
Number of updated asset objects reloaded before import = 0Number of asset objects unloaded after import = 1

========================================================================
Received Import Request.
  Time since last request: 0.000066 seconds.
  path: Assets/Dialoguer/DialogueEditor/Scripts/Objects/DialogueObjects/DialogueEditorPhaseObject.cs
  artifactKey: Guid(d3f678adf785742a1a5740981633ea70) Importer(2089858483,b0f066a214c2f5e87bad3c948f4d605d)
Start importing Assets/Dialoguer/DialogueEditor/Scripts/Objects/DialogueObjects/DialogueEditorPhaseObject.cs using Guid(d3f678adf785742a1a5740981633ea70) Importer(2089858483,b0f066a214c2f5e87bad3c948f4d605d) (ScriptedImporter) -> (artifact id: 'c01ea73102ab051d6e1489d8ab8ebf47') in 0.0841448 seconds
Number of updated asset objects reloaded before import = 0Number of asset objects unloaded after import = 0

========================================================================
Received Import Request.
  Time since last request: 0.000069 seconds.
  path: Assets/Sounds/Ambient/river-003.wav
  artifactKey: Guid(a7fef21dca9af8b4380056bfc375c80b) Importer(2089858483,b0f066a214c2f5e87bad3c948f4d605d)
Start importing Assets/Sounds/Ambient/river-003.wav using Guid(a7fef21dca9af8b4380056bfc375c80b) Importer(2089858483,b0f066a214c2f5e87bad3c948f4d605d) (ScriptedImporter) -> (artifact id: '540361b3846563be5096fe719f17b975') in 0.1256379 seconds
Number of updated asset objects reloaded before import = 0Number of asset objects unloaded after import = 1

========================================================================
Received Import Request.
  Time since last request: 0.000065 seconds.
  path: Assets/Dialoguer/DialogueEditor/Textures/GUI/Dark/scrollbox_bg.png
  artifactKey: Guid(13342124e6d784c848268d5d6922f31d) Importer(2089858483,b0f066a214c2f5e87bad3c948f4d605d)
Start importing Assets/Dialoguer/DialogueEditor/Textures/GUI/Dark/scrollbox_bg.png using Guid(13342124e6d784c848268d5d6922f31d) Importer(2089858483,b0f066a214c2f5e87bad3c948f4d605d) (ScriptedImporter) -> (artifact id: 'bb285f2ffe84a1c6583f0c2e228ac460') in 0.0828469 seconds
Number of updated asset objects reloaded before import = 0Number of asset objects unloaded after import = 1

========================================================================
Received Import Request.
  Time since last request: 0.013595 seconds.
  path: Assets/Dialoguer/DialogueEditor/Textures/GUI/Dark/icon_waitPhase.png
  artifactKey: Guid(5c91dbc03aa6f47999df048782e39736) Importer(2089858483,b0f066a214c2f5e87bad3c948f4d605d)
Start importing Assets/Dialoguer/DialogueEditor/Textures/GUI/Dark/icon_waitPhase.png using Guid(5c91dbc03aa6f47999df048782e39736) Importer(2089858483,b0f066a214c2f5e87bad3c948f4d605d) (ScriptedImporter) -> (artifact id: '0f2a7d355950cf204ee1247212fee15a') in 0.1633151 seconds
Number of updated asset objects reloaded before import = 0Number of asset objects unloaded after import = 1

========================================================================
Received Import Request.
  Time since last request: 0.000033 seconds.
  path: Assets/Dialoguer/DialogueEditor/Textures/GUI/Dark/icon_branchedTextPhase.png
  artifactKey: Guid(60d87c6d76fab428a8a9dc50a8bbf6ec) Importer(2089858483,b0f066a214c2f5e87bad3c948f4d605d)
Start importing Assets/Dialoguer/DialogueEditor/Textures/GUI/Dark/icon_branchedTextPhase.png using Guid(60d87c6d76fab428a8a9dc50a8bbf6ec) Importer(2089858483,b0f066a214c2f5e87bad3c948f4d605d) (ScriptedImporter) -> (artifact id: '5e4ab941ec9419a0095f4abd4e4d949a') in 0.0573589 seconds
Number of updated asset objects reloaded before import = 0Number of asset objects unloaded after import = 1

========================================================================
Received Import Request.
  Time since last request: 0.000143 seconds.
  path: Assets/Dialoguer/DialogueEditor/Textures/GUI/Dark/connector_full_normal.png
  artifactKey: Guid(b5586d839c3de4d7ca932de3ee7b20aa) Importer(2089858483,b0f066a214c2f5e87bad3c948f4d605d)
Start importing Assets/Dialoguer/DialogueEditor/Textures/GUI/Dark/connector_full_normal.png using Guid(b5586d839c3de4d7ca932de3ee7b20aa) Importer(2089858483,b0f066a214c2f5e87bad3c948f4d605d) (ScriptedImporter) -> (artifact id: '4c5bf90694e81e0999544f4484685e7a') in 0.0907932 seconds
Number of updated asset objects reloaded before import = 0Number of asset objects unloaded after import = 1

========================================================================
Received Import Request.
  Time since last request: 0.006123 seconds.
  path: Assets/Dialoguer/DialogueEditor/Textures/GUI/Dark/toolbar_center_active.png
  artifactKey: Guid(9ccb23e8cd179452f8d184d2b4d340c5) Importer(2089858483,b0f066a214c2f5e87bad3c948f4d605d)
Start importing Assets/Dialoguer/DialogueEditor/Textures/GUI/Dark/toolbar_center_active.png using Guid(9ccb23e8cd179452f8d184d2b4d340c5) Importer(2089858483,b0f066a214c2f5e87bad3c948f4d605d) (ScriptedImporter) -> (artifact id: '3b98856134615fcf6edfdcc44f9a2e36') in 0.1638502 seconds
Number of updated asset objects reloaded before import = 0Number of asset objects unloaded after import = 1

========================================================================
Received Import Request.
  Time since last request: 0.002638 seconds.
  path: Assets/NGUI/Examples/Atlases/Wooden/Arimo18.txt
  artifactKey: Guid(394ce1e2bba14ce45bee393b8728818a) Importer(2089858483,b0f066a214c2f5e87bad3c948f4d605d)
Start importing Assets/NGUI/Examples/Atlases/Wooden/Arimo18.txt using Guid(394ce1e2bba14ce45bee393b8728818a) Importer(2089858483,b0f066a214c2f5e87bad3c948f4d605d) (ScriptedImporter) -> (artifact id: 'f958dffe32c8c0f78fa616d343c516a3') in 0.059776 seconds
Number of updated asset objects reloaded before import = 0Number of asset objects unloaded after import = 1

========================================================================
Received Import Request.
  Time since last request: 0.000038 seconds.
  path: Assets/SoundManagerPro/Demo/DemoSounds/DJ Etch - Rollin.mp3
  artifactKey: Guid(08d0fcfa91da5cd429fb5aba2920e297) Importer(2089858483,b0f066a214c2f5e87bad3c948f4d605d)
Start importing Assets/SoundManagerPro/Demo/DemoSounds/DJ Etch - Rollin.mp3 using Guid(08d0fcfa91da5cd429fb5aba2920e297) Importer(2089858483,b0f066a214c2f5e87bad3c948f4d605d) (ScriptedImporter) -> (artifact id: 'd3d42f67e5885bcd1c047f35c775f478') in 0.1023901 seconds
Number of updated asset objects reloaded before import = 0Number of asset objects unloaded after import = 1

========================================================================
Received Import Request.
  Time since last request: 0.000105 seconds.
  path: Assets/Dialoguer/DialogueEditor/Textures/GUI/Dark/toolbar_right_active.png
  artifactKey: Guid(6ca77b291bb7a40c0ac0d812de08f43d) Importer(2089858483,b0f066a214c2f5e87bad3c948f4d605d)
Start importing Assets/Dialoguer/DialogueEditor/Textures/GUI/Dark/toolbar_right_active.png using Guid(6ca77b291bb7a40c0ac0d812de08f43d) Importer(2089858483,b0f066a214c2f5e87bad3c948f4d605d) (ScriptedImporter) -> (artifact id: 'b6d24a8038ba218467abb19772161e48') in 0.057243 seconds
Number of updated asset objects reloaded before import = 0Number of asset objects unloaded after import = 1

========================================================================
Received Import Request.
  Time since last request: 0.000046 seconds.
  path: Assets/Dialoguer/DialogueEditor/Textures/GUI/Light/bezier_texture.png
  artifactKey: Guid(490ab879ef9274b0da0868b5afc90949) Importer(2089858483,b0f066a214c2f5e87bad3c948f4d605d)
Start importing Assets/Dialoguer/DialogueEditor/Textures/GUI/Light/bezier_texture.png using Guid(490ab879ef9274b0da0868b5afc90949) Importer(2089858483,b0f066a214c2f5e87bad3c948f4d605d) (ScriptedImporter) -> (artifact id: '2f295d13ce6da42530b1a9fbfb0519d7') in 0.0712424 seconds
Number of updated asset objects reloaded before import = 0Number of asset objects unloaded after import = 1

========================================================================
Received Import Request.
  Time since last request: 0.000129 seconds.
  path: Assets/Dialoguer/DialogueEditor/Textures/GUI/Light/connector_full_normal.png
  artifactKey: Guid(e1c084a6c2f0040ac867a08e75aa0ce3) Importer(2089858483,b0f066a214c2f5e87bad3c948f4d605d)
Start importing Assets/Dialoguer/DialogueEditor/Textures/GUI/Light/connector_full_normal.png using Guid(e1c084a6c2f0040ac867a08e75aa0ce3) Importer(2089858483,b0f066a214c2f5e87bad3c948f4d605d) (ScriptedImporter) -> (artifact id: '479e21a088be7adf2df42c4d89f6a401') in 0.0452378 seconds
Number of updated asset objects reloaded before import = 0Number of asset objects unloaded after import = 1

========================================================================
Received Import Request.
  Time since last request: 0.000047 seconds.
  path: Assets/Dialoguer/DialogueEditor/Textures/GUI/Dark/toolbar_left_hover.png
  artifactKey: Guid(a9da36c067fe3477eaf8957a24be361d) Importer(2089858483,b0f066a214c2f5e87bad3c948f4d605d)
Start importing Assets/Dialoguer/DialogueEditor/Textures/GUI/Dark/toolbar_left_hover.png using Guid(a9da36c067fe3477eaf8957a24be361d) Importer(2089858483,b0f066a214c2f5e87bad3c948f4d605d) (ScriptedImporter) -> (artifact id: 'cdd664314bb3d00a88fcd5b18e244c49') in 0.0564773 seconds
Number of updated asset objects reloaded before import = 0Number of asset objects unloaded after import = 1

========================================================================
Received Import Request.
  Time since last request: 0.000161 seconds.
  path: Assets/Dialoguer/DialogueEditor/Textures/GUI/Light/icon_branchedTextPhase.png
  artifactKey: Guid(3cf65e5356b9c4cbabdc3bb8b7108aa8) Importer(2089858483,b0f066a214c2f5e87bad3c948f4d605d)
Start importing Assets/Dialoguer/DialogueEditor/Textures/GUI/Light/icon_branchedTextPhase.png using Guid(3cf65e5356b9c4cbabdc3bb8b7108aa8) Importer(2089858483,b0f066a214c2f5e87bad3c948f4d605d) (ScriptedImporter) -> (artifact id: 'c36c3c9ded22159c4aa6d59777d65c8b') in 0.1013822 seconds
Number of updated asset objects reloaded before import = 0Number of asset objects unloaded after import = 1

========================================================================
Received Import Request.
  Time since last request: 0.000087 seconds.
  path: Assets/Dialoguer/DialogueEditor/Textures/GUI/Dark/toolbar_right_hover.png
  artifactKey: Guid(077fea62f3fca455885ea5f7ba4b5407) Importer(2089858483,b0f066a214c2f5e87bad3c948f4d605d)
Start importing Assets/Dialoguer/DialogueEditor/Textures/GUI/Dark/toolbar_right_hover.png using Guid(077fea62f3fca455885ea5f7ba4b5407) Importer(2089858483,b0f066a214c2f5e87bad3c948f4d605d) (ScriptedImporter) -> (artifact id: '0698595b1c84d7f5e44b8ff130c09427') in 0.1141303 seconds
Number of updated asset objects reloaded before import = 0Number of asset objects unloaded after import = 1

========================================================================
Received Import Request.
  Time since last request: 0.000069 seconds.
  path: Assets/Dialoguer/DialogueEditor/Textures/GUI/Light/button_close_normal.png
  artifactKey: Guid(d4eda18d0e1dd41c7aad8b2433ac5417) Importer(2089858483,b0f066a214c2f5e87bad3c948f4d605d)
Start importing Assets/Dialoguer/DialogueEditor/Textures/GUI/Light/button_close_normal.png using Guid(d4eda18d0e1dd41c7aad8b2433ac5417) Importer(2089858483,b0f066a214c2f5e87bad3c948f4d605d) (ScriptedImporter) -> (artifact id: 'ed63a377c9dd811b414c547a21bbb80a') in 0.0816776 seconds
Number of updated asset objects reloaded before import = 0Number of asset objects unloaded after import = 1

========================================================================
Received Import Request.
  Time since last request: 0.001139 seconds.
  path: Assets/Dialoguer/DialogueEditor/Textures/GUI/Light/icon_textPhase.png
  artifactKey: Guid(f187a4fa6b3ef42c3990789c82f06f80) Importer(2089858483,b0f066a214c2f5e87bad3c948f4d605d)
Start importing Assets/Dialoguer/DialogueEditor/Textures/GUI/Light/icon_textPhase.png using Guid(f187a4fa6b3ef42c3990789c82f06f80) Importer(2089858483,b0f066a214c2f5e87bad3c948f4d605d) (ScriptedImporter) -> (artifact id: '8649814822a0324f98ab4bcdd006c93a') in 0.1062866 seconds
Number of updated asset objects reloaded before import = 0Number of asset objects unloaded after import = 1

========================================================================
Received Import Request.
  Time since last request: 0.000150 seconds.
  path: Assets/Dialoguer/DialogueEditor/Textures/GUI/Light/toolbar_center_normal.png
  artifactKey: Guid(4bf6a634defaf418585b8d939abf58b8) Importer(2089858483,b0f066a214c2f5e87bad3c948f4d605d)
Start importing Assets/Dialoguer/DialogueEditor/Textures/GUI/Light/toolbar_center_normal.png using Guid(4bf6a634defaf418585b8d939abf58b8) Importer(2089858483,b0f066a214c2f5e87bad3c948f4d605d) (ScriptedImporter) -> (artifact id: '2a75e03f7ef646f06b80a6976420c6d7') in 0.0596262 seconds
Number of updated asset objects reloaded before import = 0Number of asset objects unloaded after import = 1

========================================================================
Received Import Request.
  Time since last request: 0.000071 seconds.
  path: Assets/Dialoguer/DialogueEditor/Textures/GUI/Light/node_box.png
  artifactKey: Guid(5ffd3a0a125224484b98e62659b21198) Importer(2089858483,b0f066a214c2f5e87bad3c948f4d605d)
Start importing Assets/Dialoguer/DialogueEditor/Textures/GUI/Light/node_box.png using Guid(5ffd3a0a125224484b98e62659b21198) Importer(2089858483,b0f066a214c2f5e87bad3c948f4d605d) (ScriptedImporter) -> (artifact id: 'b44012d85b0de0f25f71cf0ee18d57e2') in 0.08083 seconds
Number of updated asset objects reloaded before import = 0Number of asset objects unloaded after import = 1

========================================================================
Received Import Request.
  Time since last request: 0.000146 seconds.
  path: Assets/Dialoguer/DialogueEditor/Textures/GUI/Light/icon_conditionalPhase.png
  artifactKey: Guid(d42f7554ed53449f1acb0ef65d0132c7) Importer(2089858483,b0f066a214c2f5e87bad3c948f4d605d)
Start importing Assets/Dialoguer/DialogueEditor/Textures/GUI/Light/icon_conditionalPhase.png using Guid(d42f7554ed53449f1acb0ef65d0132c7) Importer(2089858483,b0f066a214c2f5e87bad3c948f4d605d) (ScriptedImporter) -> (artifact id: '902d73011c38679c739985a6a17dd664') in 0.0686983 seconds
Number of updated asset objects reloaded before import = 0Number of asset objects unloaded after import = 1

========================================================================
Received Import Request.
  Time since last request: 0.000157 seconds.
  path: Assets/Dialoguer/DialogueEditor/Textures/GUI/Light/toolbar_center_onHover.png
  artifactKey: Guid(164961edd1c9349f2a31b000f57bccb6) Importer(2089858483,b0f066a214c2f5e87bad3c948f4d605d)
Start importing Assets/Dialoguer/DialogueEditor/Textures/GUI/Light/toolbar_center_onHover.png using Guid(164961edd1c9349f2a31b000f57bccb6) Importer(2089858483,b0f066a214c2f5e87bad3c948f4d605d) (ScriptedImporter) -> (artifact id: 'd17dca29e7bb73a7410c72b1b6d00387') in 0.0598443 seconds
Number of updated asset objects reloaded before import = 0Number of asset objects unloaded after import = 1

========================================================================
Received Import Request.
  Time since last request: 0.000053 seconds.
  path: Assets/Dialoguer/DialogueEditor/Textures/GUI/Light/connector_input_hover.png
  artifactKey: Guid(14b84ff190c694da980979f02d6509d0) Importer(2089858483,b0f066a214c2f5e87bad3c948f4d605d)
Start importing Assets/Dialoguer/DialogueEditor/Textures/GUI/Light/connector_input_hover.png using Guid(14b84ff190c694da980979f02d6509d0) Importer(2089858483,b0f066a214c2f5e87bad3c948f4d605d) (ScriptedImporter) -> (artifact id: '5accb00f3a58759fd48b184821fb48af') in 0.0735592 seconds
Number of updated asset objects reloaded before import = 0Number of asset objects unloaded after import = 1

========================================================================
Received Import Request.
  Time since last request: 0.000072 seconds.
  path: Assets/NGUI/Examples/Scripts/InventorySystem/Editor/InvFindItem.cs
  artifactKey: Guid(5d433ff63a7db764b8e246e67a296dc8) Importer(2089858483,b0f066a214c2f5e87bad3c948f4d605d)
Start importing Assets/NGUI/Examples/Scripts/InventorySystem/Editor/InvFindItem.cs using Guid(5d433ff63a7db764b8e246e67a296dc8) Importer(2089858483,b0f066a214c2f5e87bad3c948f4d605d) (ScriptedImporter) -> (artifact id: '61be5c32e6d34e8bdd6e330a59731a35') in 0.0556143 seconds
Number of updated asset objects reloaded before import = 0Number of asset objects unloaded after import = 0

========================================================================
Received Import Request.
  Time since last request: 0.004113 seconds.
  path: Assets/Standard Assets/Image Effects (Pro Only)/_Sources/Shaders/Contrast Stretch/Apply.shader
  artifactKey: Guid(f4901f25d4e1542589348bbb89563d8e) Importer(2089858483,b0f066a214c2f5e87bad3c948f4d605d)
Start importing Assets/Standard Assets/Image Effects (Pro Only)/_Sources/Shaders/Contrast Stretch/Apply.shader using Guid(f4901f25d4e1542589348bbb89563d8e) Importer(2089858483,b0f066a214c2f5e87bad3c948f4d605d) (ScriptedImporter) -> (artifact id: '9751839cad6b84e2891fa78c3f24de0f') in 0.0665371 seconds
Number of updated asset objects reloaded before import = 0Number of asset objects unloaded after import = 1

========================================================================
Received Import Request.
  Time since last request: 0.000042 seconds.
  path: Assets/NGUI/Examples/Scripts/InventorySystem/System/InvEquipment.cs
  artifactKey: Guid(669bf9dcd99e8c6448f446db4f3c10fc) Importer(2089858483,b0f066a214c2f5e87bad3c948f4d605d)
Start importing Assets/NGUI/Examples/Scripts/InventorySystem/System/InvEquipment.cs using Guid(669bf9dcd99e8c6448f446db4f3c10fc) Importer(2089858483,b0f066a214c2f5e87bad3c948f4d605d) (ScriptedImporter) -> (artifact id: '3135ad858ae68964e2f2cdf7890e907c') in 0.0816553 seconds
Number of updated asset objects reloaded before import = 0Number of asset objects unloaded after import = 0

========================================================================
Received Import Request.
  Time since last request: 0.000102 seconds.
  path: Assets/NGUI/Examples/Scripts/InventorySystem/System/InvGameItem.cs
  artifactKey: Guid(94ca21840c42aad40b9f5229b16282d4) Importer(2089858483,b0f066a214c2f5e87bad3c948f4d605d)
Start importing Assets/NGUI/Examples/Scripts/InventorySystem/System/InvGameItem.cs using Guid(94ca21840c42aad40b9f5229b16282d4) Importer(2089858483,b0f066a214c2f5e87bad3c948f4d605d) (ScriptedImporter) -> (artifact id: '5053a1d891105f1c8f1c7f19b6754583') in 0.049084 seconds
Number of updated asset objects reloaded before import = 0Number of asset objects unloaded after import = 0

========================================================================
Received Import Request.
  Time since last request: 0.003195 seconds.
  path: Assets/NGUI/Examples/Scripts/InventorySystem/Game/UIEquipmentSlot.cs
  artifactKey: Guid(f4672396b9b81a2438d5321c4a24541b) Importer(2089858483,b0f066a214c2f5e87bad3c948f4d605d)
Start importing Assets/NGUI/Examples/Scripts/InventorySystem/Game/UIEquipmentSlot.cs using Guid(f4672396b9b81a2438d5321c4a24541b) Importer(2089858483,b0f066a214c2f5e87bad3c948f4d605d) (ScriptedImporter) -> (artifact id: '0b10fcc7806e98ecebfbea7b2bb18d36') in 0.0556951 seconds
Number of updated asset objects reloaded before import = 0Number of asset objects unloaded after import = 0

========================================================================
Received Import Request.
  Time since last request: 0.000241 seconds.
  path: Assets/Standard Assets/Image Effects (Pro Only)/_Sources/Shaders/Contrast Stretch/MinMaxReduction.shader
  artifactKey: Guid(57b33a14b6d5347c5a85c36f6cb3b280) Importer(2089858483,b0f066a214c2f5e87bad3c948f4d605d)
Start importing Assets/Standard Assets/Image Effects (Pro Only)/_Sources/Shaders/Contrast Stretch/MinMaxReduction.shader using Guid(57b33a14b6d5347c5a85c36f6cb3b280) Importer(2089858483,b0f066a214c2f5e87bad3c948f4d605d) (ScriptedImporter) -> (artifact id: '56eef72c836fb8943a0b6c038fe0afa4') in 0.0533591 seconds
Number of updated asset objects reloaded before import = 0Number of asset objects unloaded after import = 1

========================================================================
Received Import Request.
  Time since last request: 0.007743 seconds.
  path: Assets/Dialoguer/DialogueEditor/Textures/GUI/Light/toolbar_right_hover.png
  artifactKey: Guid(c307d6523885948b68d8752311ffed91) Importer(2089858483,b0f066a214c2f5e87bad3c948f4d605d)
Start importing Assets/Dialoguer/DialogueEditor/Textures/GUI/Light/toolbar_right_hover.png using Guid(c307d6523885948b68d8752311ffed91) Importer(2089858483,b0f066a214c2f5e87bad3c948f4d605d) (ScriptedImporter) -> (artifact id: 'e0166136a95e18bd66a50ec868c30238') in 0.0864704 seconds
Number of updated asset objects reloaded before import = 0Number of asset objects unloaded after import = 1

========================================================================
Received Import Request.
  Time since last request: 0.000511 seconds.
  path: Assets/Dialoguer/DialogueEditor/Textures/GUI/Light/toolbar_right_active.png
  artifactKey: Guid(d097b8544cf154a94836e27311990ff2) Importer(2089858483,b0f066a214c2f5e87bad3c948f4d605d)
Start importing Assets/Dialoguer/DialogueEditor/Textures/GUI/Light/toolbar_right_active.png using Guid(d097b8544cf154a94836e27311990ff2) Importer(2089858483,b0f066a214c2f5e87bad3c948f4d605d) (ScriptedImporter) -> (artifact id: 'cfce4cdc99976e2d8a680c9ca8dd19fd') in 0.0663689 seconds
Number of updated asset objects reloaded before import = 0Number of asset objects unloaded after import = 1

========================================================================
Received Import Request.
  Time since last request: 0.000055 seconds.
  path: Assets/Standard Assets/Image Effects (Pro Only)/_Sources/Shaders/_BloomAndFlares/BrightPassFilter.shader
  artifactKey: Guid(186c4c0d31e314f049595dcbaf4ca129) Importer(2089858483,b0f066a214c2f5e87bad3c948f4d605d)
Start importing Assets/Standard Assets/Image Effects (Pro Only)/_Sources/Shaders/_BloomAndFlares/BrightPassFilter.shader using Guid(186c4c0d31e314f049595dcbaf4ca129) Importer(2089858483,b0f066a214c2f5e87bad3c948f4d605d) (ScriptedImporter) -> (artifact id: 'b4438104eb1e0db5774e6efae67bd2cb') in 0.0615697 seconds
Number of updated asset objects reloaded before import = 0Number of asset objects unloaded after import = 1

========================================================================
Received Import Request.
  Time since last request: 0.000111 seconds.
  path: Assets/Standard Assets/Image Effects (Pro Only)/_Sources/Shaders/_BloomAndFlares/LensFlareCreate.shader
  artifactKey: Guid(459fe69d2f6d74ddb92f04dbf45a866b) Importer(2089858483,b0f066a214c2f5e87bad3c948f4d605d)
Start importing Assets/Standard Assets/Image Effects (Pro Only)/_Sources/Shaders/_BloomAndFlares/LensFlareCreate.shader using Guid(459fe69d2f6d74ddb92f04dbf45a866b) Importer(2089858483,b0f066a214c2f5e87bad3c948f4d605d) (ScriptedImporter) -> (artifact id: '193189a0c0df6ed89470b543aec048e3') in 0.0548158 seconds
Number of updated asset objects reloaded before import = 0Number of asset objects unloaded after import = 1

========================================================================
Received Import Request.
  Time since last request: 0.000039 seconds.
  path: Assets/Standard Assets/Image Effects (Pro Only)/_Sources/Shaders/_DepthOfField/DepthOfFieldDX11.shader
  artifactKey: Guid(d8e82664aa8686642a424c88ab10164a) Importer(2089858483,b0f066a214c2f5e87bad3c948f4d605d)
Start importing Assets/Standard Assets/Image Effects (Pro Only)/_Sources/Shaders/_DepthOfField/DepthOfFieldDX11.shader using Guid(d8e82664aa8686642a424c88ab10164a) Importer(2089858483,b0f066a214c2f5e87bad3c948f4d605d) (ScriptedImporter) -> (artifact id: 'b330a768ffdfd7969c45beb8e3ec1557') in 0.0507484 seconds
Number of updated asset objects reloaded before import = 0Number of asset objects unloaded after import = 1

========================================================================
Received Import Request.
  Time since last request: 0.000061 seconds.
  path: Assets/Standard Assets/Image Effects (Pro Only)/_Sources/Shaders/_BloomAndFlares/MultiPassHollywoodFlares.shader
  artifactKey: Guid(e2baf3cae8edc4daf94c9adc2154be00) Importer(2089858483,b0f066a214c2f5e87bad3c948f4d605d)
Start importing Assets/Standard Assets/Image Effects (Pro Only)/_Sources/Shaders/_BloomAndFlares/MultiPassHollywoodFlares.shader using Guid(e2baf3cae8edc4daf94c9adc2154be00) Importer(2089858483,b0f066a214c2f5e87bad3c948f4d605d) (ScriptedImporter) -> (artifact id: '9ce104be6fe1ff1dde2d43e0e6682bc7') in 0.0463023 seconds
Number of updated asset objects reloaded before import = 0Number of asset objects unloaded after import = 1

========================================================================
Received Import Request.
  Time since last request: 0.001155 seconds.
  path: Assets/Standard Assets/Image Effects (Pro Only)/_Sources/Shaders/_Antialiasing/FXAA3Console.shader
  artifactKey: Guid(c547503fff0e8482ea5793727057041c) Importer(2089858483,b0f066a214c2f5e87bad3c948f4d605d)
Start importing Assets/Standard Assets/Image Effects (Pro Only)/_Sources/Shaders/_Antialiasing/FXAA3Console.shader using Guid(c547503fff0e8482ea5793727057041c) Importer(2089858483,b0f066a214c2f5e87bad3c948f4d605d) (ScriptedImporter) -> (artifact id: '262b96e794e5edacf247cf24a5fdbef0') in 0.0393868 seconds
Number of updated asset objects reloaded before import = 0Number of asset objects unloaded after import = 1

========================================================================
Received Import Request.
  Time since last request: 0.000031 seconds.
  path: Assets/Standard Assets/Image Effects (Pro Only)/_Sources/Shaders/_DepthOfField/SeparableWeightedBlurDof34.shader
  artifactKey: Guid(bb4af680337344a4abad65a4e8873c50) Importer(2089858483,b0f066a214c2f5e87bad3c948f4d605d)
Start importing Assets/Standard Assets/Image Effects (Pro Only)/_Sources/Shaders/_DepthOfField/SeparableWeightedBlurDof34.shader using Guid(bb4af680337344a4abad65a4e8873c50) Importer(2089858483,b0f066a214c2f5e87bad3c948f4d605d) (ScriptedImporter) -> (artifact id: '01dd0b2c790ab56d7a329fd8881d6b18') in 0.0578462 seconds
Number of updated asset objects reloaded before import = 0Number of asset objects unloaded after import = 1

========================================================================
Received Import Request.
  Time since last request: 0.000109 seconds.
  path: Assets/Standard Assets/Image Effects (Pro Only)/_Sources/Shaders/_Antialiasing/DLAA.shader
  artifactKey: Guid(017ca72b9e8a749058d13ebd527e98fa) Importer(2089858483,b0f066a214c2f5e87bad3c948f4d605d)
Start importing Assets/Standard Assets/Image Effects (Pro Only)/_Sources/Shaders/_Antialiasing/DLAA.shader using Guid(017ca72b9e8a749058d13ebd527e98fa) Importer(2089858483,b0f066a214c2f5e87bad3c948f4d605d) (ScriptedImporter) -> (artifact id: '6f5f262a8b5a95b694de38a96b675ee3') in 0.0630687 seconds
Number of updated asset objects reloaded before import = 0Number of asset objects unloaded after import = 1

========================================================================
Received Import Request.
  Time since last request: 0.000695 seconds.
  path: Assets/Standard Assets/Image Effects (Pro Only)/_Sources/Shaders/_BloomAndFlares/BrightPassFilter2.shader
  artifactKey: Guid(0aeaa4cb29f5d4e9c8455f04c8575c8c) Importer(2089858483,b0f066a214c2f5e87bad3c948f4d605d)
Start importing Assets/Standard Assets/Image Effects (Pro Only)/_Sources/Shaders/_BloomAndFlares/BrightPassFilter2.shader using Guid(0aeaa4cb29f5d4e9c8455f04c8575c8c) Importer(2089858483,b0f066a214c2f5e87bad3c948f4d605d) (ScriptedImporter) -> (artifact id: '465ee209db98c9680b1eb71c2c6ad45d') in 0.0506875 seconds
Number of updated asset objects reloaded before import = 0Number of asset objects unloaded after import = 1

========================================================================
Received Import Request.
  Time since last request: 0.005787 seconds.
  path: Assets/Standard Assets/Image Effects (Pro Only)/_Sources/Shaders/_BloomAndFlares/Blend.shader
  artifactKey: Guid(53b3960ee3d3d4a5caa8d5473d120187) Importer(2089858483,b0f066a214c2f5e87bad3c948f4d605d)
Start importing Assets/Standard Assets/Image Effects (Pro Only)/_Sources/Shaders/_BloomAndFlares/Blend.shader using Guid(53b3960ee3d3d4a5caa8d5473d120187) Importer(2089858483,b0f066a214c2f5e87bad3c948f4d605d) (ScriptedImporter) -> (artifact id: 'b36b2befb9738299b6a06526f030a21b') in 0.0836157 seconds
Number of updated asset objects reloaded before import = 0Number of asset objects unloaded after import = 1

========================================================================
Received Import Request.
  Time since last request: 0.012079 seconds.
  path: Assets/Models/Effects/fire01.fbx
  artifactKey: Guid(13d762359f2cbed499e9fd8feb6bfa89) Importer(2089858483,b0f066a214c2f5e87bad3c948f4d605d)
Start importing Assets/Models/Effects/fire01.fbx using Guid(13d762359f2cbed499e9fd8feb6bfa89) Importer(2089858483,b0f066a214c2f5e87bad3c948f4d605d) (ScriptedImporter) -> (artifact id: 'f70b3d665a1d217fb1da8e388faf1f7f') in 0.2896436 seconds
Number of updated asset objects reloaded before import = 0Number of asset objects unloaded after import = 9

========================================================================
Received Import Request.
  Time since last request: 0.000317 seconds.
  path: Assets/NGUI/Scripts/Interaction/UITable.cs
  artifactKey: Guid(66ca9c6e5cbd4544ab22016a27d817a4) Importer(2089858483,b0f066a214c2f5e87bad3c948f4d605d)
Start importing Assets/NGUI/Scripts/Interaction/UITable.cs using Guid(66ca9c6e5cbd4544ab22016a27d817a4) Importer(2089858483,b0f066a214c2f5e87bad3c948f4d605d) (ScriptedImporter) -> (artifact id: '1e84da8d9628475062d0ee729871a073') in 0.0667908 seconds
Number of updated asset objects reloaded before import = 0Number of asset objects unloaded after import = 0

========================================================================
Received Import Request.
  Time since last request: 0.002420 seconds.
  path: Assets/NGUI/Examples/Scenes/Example 6 - Draggable Window.unity
  artifactKey: Guid(b7b5ccaa3ff373a4ea0eb310cb86421d) Importer(2089858483,b0f066a214c2f5e87bad3c948f4d605d)
Start importing Assets/NGUI/Examples/Scenes/Example 6 - Draggable Window.unity using Guid(b7b5ccaa3ff373a4ea0eb310cb86421d) Importer(2089858483,b0f066a214c2f5e87bad3c948f4d605d) (ScriptedImporter) -> (artifact id: '120d99e1e63360ff6ef539d41dea5b4a') in 0.0477083 seconds
Number of updated asset objects reloaded before import = 0Number of asset objects unloaded after import = 1

========================================================================
Received Import Request.
  Time since last request: 0.000055 seconds.
  path: Assets/Dialoguer/DialogueEditor/Textures/GUI/Light/toolbar_right_onHover.png
  artifactKey: Guid(e921ecc45adf3441abf20b5160088a3b) Importer(2089858483,b0f066a214c2f5e87bad3c948f4d605d)
Start importing Assets/Dialoguer/DialogueEditor/Textures/GUI/Light/toolbar_right_onHover.png using Guid(e921ecc45adf3441abf20b5160088a3b) Importer(2089858483,b0f066a214c2f5e87bad3c948f4d605d) (ScriptedImporter) -> (artifact id: '02d87f66cb8d34e14f86b3b9e0deb333') in 0.0549605 seconds
Number of updated asset objects reloaded before import = 0Number of asset objects unloaded after import = 1

========================================================================
Received Import Request.
  Time since last request: 0.000051 seconds.
  path: Assets/Shaders/NoNormalsOnlyshowVertexTest 1.shader
  artifactKey: Guid(a7b409deb9859d045997f79abbe1b8af) Importer(2089858483,b0f066a214c2f5e87bad3c948f4d605d)
Start importing Assets/Shaders/NoNormalsOnlyshowVertexTest 1.shader using Guid(a7b409deb9859d045997f79abbe1b8af) Importer(2089858483,b0f066a214c2f5e87bad3c948f4d605d) (ScriptedImporter) -> (artifact id: '829456476072982434248d1b98ad7413') in 0.0487012 seconds
Number of updated asset objects reloaded before import = 0Number of asset objects unloaded after import = 1

========================================================================
Received Import Request.
  Time since last request: 0.002389 seconds.
  path: Assets/DialoguerExamples/Prefabs/Next Gen Rpg Dialogue GUI.prefab
  artifactKey: Guid(cd902d0fd1d5f4ba0b6bde9053695312) Importer(2089858483,b0f066a214c2f5e87bad3c948f4d605d)
Start importing Assets/DialoguerExamples/Prefabs/Next Gen Rpg Dialogue GUI.prefab using Guid(cd902d0fd1d5f4ba0b6bde9053695312) Importer(2089858483,b0f066a214c2f5e87bad3c948f4d605d) (ScriptedImporter) -> (artifact id: '9bb7aa2f677fc37360934da663c7f08e') in 0.151247 seconds
Number of updated asset objects reloaded before import = 0Number of asset objects unloaded after import = 13

========================================================================
Received Import Request.
  Time since last request: 0.000077 seconds.
  path: Assets/Models/Cave/runestoneStandFlag.fbx
  artifactKey: Guid(9db352fb6e1abad4ba571c8aa9829d5b) Importer(2089858483,b0f066a214c2f5e87bad3c948f4d605d)
Start importing Assets/Models/Cave/runestoneStandFlag.fbx using Guid(9db352fb6e1abad4ba571c8aa9829d5b) Importer(2089858483,b0f066a214c2f5e87bad3c948f4d605d) (ScriptedImporter) -> (artifact id: '81cf615d9455909b7064404bce5645e7') in 0.2654829 seconds
Number of updated asset objects reloaded before import = 0Number of asset objects unloaded after import = 26

========================================================================
Received Import Request.
  Time since last request: 0.000104 seconds.
  path: Assets/Models/Boat/fireplace.fbx
  artifactKey: Guid(1df287f45878ca44db048f3097263ef5) Importer(2089858483,b0f066a214c2f5e87bad3c948f4d605d)
Start importing Assets/Models/Boat/fireplace.fbx using Guid(1df287f45878ca44db048f3097263ef5) Importer(2089858483,b0f066a214c2f5e87bad3c948f4d605d) (ScriptedImporter) -> (artifact id: 'c46e6b5c81170bd042ad4f2e02f1e40c') in 0.1065378 seconds
Number of updated asset objects reloaded before import = 0Number of asset objects unloaded after import = 14

========================================================================
Received Import Request.
  Time since last request: 0.000127 seconds.
  path: Assets/Sounds/Ambient/boat wind.wav
  artifactKey: Guid(509fdadd5cb32b74d93210c5701ab829) Importer(2089858483,b0f066a214c2f5e87bad3c948f4d605d)
Start importing Assets/Sounds/Ambient/boat wind.wav using Guid(509fdadd5cb32b74d93210c5701ab829) Importer(2089858483,b0f066a214c2f5e87bad3c948f4d605d) (ScriptedImporter) -> (artifact id: 'c500ffb7b46b36ecd576d2f6cf051c40') in 0.100827 seconds
Number of updated asset objects reloaded before import = 0Number of asset objects unloaded after import = 1

========================================================================
Received Import Request.
  Time since last request: 0.000076 seconds.
  path: Assets/NGUI/Examples/Scripts/Other/SpinWithMouse.cs
  artifactKey: Guid(d335b6026587ad24dbe124fe5dd1cc02) Importer(2089858483,b0f066a214c2f5e87bad3c948f4d605d)
Start importing Assets/NGUI/Examples/Scripts/Other/SpinWithMouse.cs using Guid(d335b6026587ad24dbe124fe5dd1cc02) Importer(2089858483,b0f066a214c2f5e87bad3c948f4d605d) (ScriptedImporter) -> (artifact id: '824d5332d365ba682e4b468bc289170a') in 0.043464 seconds
Number of updated asset objects reloaded before import = 0Number of asset objects unloaded after import = 0

========================================================================
Received Import Request.
  Time since last request: 0.001277 seconds.
  path: Assets/Textures/clouds01.psd
  artifactKey: Guid(5b3ab9e883ce2f64095d05e8c2d33cdb) Importer(2089858483,b0f066a214c2f5e87bad3c948f4d605d)
Start importing Assets/Textures/clouds01.psd using Guid(5b3ab9e883ce2f64095d05e8c2d33cdb) Importer(2089858483,b0f066a214c2f5e87bad3c948f4d605d) (ScriptedImporter) -> (artifact id: '02d5eb9d2c473f0aacc1c39d25909fcb') in 0.041575 seconds
Number of updated asset objects reloaded before import = 0Number of asset objects unloaded after import = 1

========================================================================
Received Import Request.
  Time since last request: 0.000778 seconds.
  path: Assets/Models/Cave/runeWord06.fbx
  artifactKey: Guid(90fe760e307e426458be0b5191013b0f) Importer(2089858483,b0f066a214c2f5e87bad3c948f4d605d)
Start importing Assets/Models/Cave/runeWord06.fbx using Guid(90fe760e307e426458be0b5191013b0f) Importer(2089858483,b0f066a214c2f5e87bad3c948f4d605d) (ScriptedImporter) -> (artifact id: 'eb548d371f5e361d7e7febf557a0036e') in 0.0414971 seconds
Number of updated asset objects reloaded before import = 0Number of asset objects unloaded after import = 7

========================================================================
Received Import Request.
  Time since last request: 0.000077 seconds.
  path: Assets/Models/Cave/runestoneBrokenPiece.fbx
  artifactKey: Guid(d24e68cae22b6a34abedb3d5eef05b76) Importer(2089858483,b0f066a214c2f5e87bad3c948f4d605d)
Start importing Assets/Models/Cave/runestoneBrokenPiece.fbx using Guid(d24e68cae22b6a34abedb3d5eef05b76) Importer(2089858483,b0f066a214c2f5e87bad3c948f4d605d) (ScriptedImporter) -> (artifact id: 'db44ae2166a7eee103df2d33cd05b6cd') in 0.0730252 seconds
Number of updated asset objects reloaded before import = 0Number of asset objects unloaded after import = 22

========================================================================
Received Import Request.
  Time since last request: 0.000201 seconds.
  path: Assets/Prefabs/Background/snow_03.prefab
  artifactKey: Guid(4d3e644d6507b3c4b8c489a54df84210) Importer(2089858483,b0f066a214c2f5e87bad3c948f4d605d)
Start importing Assets/Prefabs/Background/snow_03.prefab using Guid(4d3e644d6507b3c4b8c489a54df84210) Importer(2089858483,b0f066a214c2f5e87bad3c948f4d605d) (ScriptedImporter) -> (artifact id: 'f0c3548b107438e6b29152c80494da99') in 0.0834314 seconds
Number of updated asset objects reloaded before import = 0Number of asset objects unloaded after import = 8

========================================================================
Received Import Request.
  Time since last request: 0.000113 seconds.
  path: Assets/Models/Boat/BackgroundBoat.fbx
  artifactKey: Guid(72c8c5539aeb3ec419cd6f107e24ef43) Importer(2089858483,b0f066a214c2f5e87bad3c948f4d605d)
Start importing Assets/Models/Boat/BackgroundBoat.fbx using Guid(72c8c5539aeb3ec419cd6f107e24ef43) Importer(2089858483,b0f066a214c2f5e87bad3c948f4d605d) (ScriptedImporter) -> (artifact id: 'ae098cc5124cb4399bff3b073ff143fd') in 0.0794307 seconds
Number of updated asset objects reloaded before import = 0Number of asset objects unloaded after import = 51

========================================================================
Received Import Request.
  Time since last request: 0.000141 seconds.
  path: Assets/Scripts/Actions/Rotate.cs
  artifactKey: Guid(37198025cc9c013459874c016f3cfdb8) Importer(2089858483,b0f066a214c2f5e87bad3c948f4d605d)
Start importing Assets/Scripts/Actions/Rotate.cs using Guid(37198025cc9c013459874c016f3cfdb8) Importer(2089858483,b0f066a214c2f5e87bad3c948f4d605d) (ScriptedImporter) -> (artifact id: '1f988c13100298b2de5ceacbaed1c8c1') in 0.0530869 seconds
Number of updated asset objects reloaded before import = 0Number of asset objects unloaded after import = 0

========================================================================
Received Import Request.
  Time since last request: 0.000416 seconds.
  path: Assets/Models/Snow/snowDeformTest01.fbx
  artifactKey: Guid(3f659cfe7b2f7654a96f0959f0fcee32) Importer(2089858483,b0f066a214c2f5e87bad3c948f4d605d)
Start importing Assets/Models/Snow/snowDeformTest01.fbx using Guid(3f659cfe7b2f7654a96f0959f0fcee32) Importer(2089858483,b0f066a214c2f5e87bad3c948f4d605d) (ScriptedImporter) -> (artifact id: '09ab6c8ee8b590daa04d8b0f209a994a') in 0.1044762 seconds
Number of updated asset objects reloaded before import = 0Number of asset objects unloaded after import = 9

========================================================================
Received Import Request.
  Time since last request: 0.000065 seconds.
  path: Assets/SoundManagerPro/Editor/SoundFXManagerEditor.cs
  artifactKey: Guid(bb0b0d6baa1303b478141cf6e575c7a6) Importer(2089858483,b0f066a214c2f5e87bad3c948f4d605d)
Start importing Assets/SoundManagerPro/Editor/SoundFXManagerEditor.cs using Guid(bb0b0d6baa1303b478141cf6e575c7a6) Importer(2089858483,b0f066a214c2f5e87bad3c948f4d605d) (ScriptedImporter) -> (artifact id: 'd9499493510226243af271f3da701eb3') in 0.030835 seconds
Number of updated asset objects reloaded before import = 0Number of asset objects unloaded after import = 0

========================================================================
Received Import Request.
  Time since last request: 0.017217 seconds.
  path: Assets/Prefabs/Boat/smallBeam.prefab
  artifactKey: Guid(4ddbd3a359d0b3f42ab5d4a587998938) Importer(2089858483,b0f066a214c2f5e87bad3c948f4d605d)
Start importing Assets/Prefabs/Boat/smallBeam.prefab using Guid(4ddbd3a359d0b3f42ab5d4a587998938) Importer(2089858483,b0f066a214c2f5e87bad3c948f4d605d) (ScriptedImporter) -> (artifact id: 'eda1dac97a07b4cee94a17f3b4e680ae') in 0.1282111 seconds
Number of updated asset objects reloaded before import = 0Number of asset objects unloaded after import = 8

========================================================================
Received Import Request.
  Time since last request: 0.000066 seconds.
  path: Assets/Models/Boat/floorBoards.fbx
  artifactKey: Guid(dbf54fb22a28cf4428227432de048dfb) Importer(2089858483,b0f066a214c2f5e87bad3c948f4d605d)
Start importing Assets/Models/Boat/floorBoards.fbx using Guid(dbf54fb22a28cf4428227432de048dfb) Importer(2089858483,b0f066a214c2f5e87bad3c948f4d605d) (ScriptedImporter) -> (artifact id: 'd4cd29c689737a1164968cab5008b36f') in 0.2145769 seconds
Number of updated asset objects reloaded before import = 0Number of asset objects unloaded after import = 41

========================================================================
Received Import Request.
  Time since last request: 0.000078 seconds.
  path: Assets/Models/Cave/runestoneStand02.fbx
  artifactKey: Guid(e26ce6c3bb103d948bca9849f25d5c49) Importer(2089858483,b0f066a214c2f5e87bad3c948f4d605d)
Start importing Assets/Models/Cave/runestoneStand02.fbx using Guid(e26ce6c3bb103d948bca9849f25d5c49) Importer(2089858483,b0f066a214c2f5e87bad3c948f4d605d) (ScriptedImporter) -> (artifact id: 'fb05b009ef63e4ebc37bcb5a804d8e01') in 0.1338775 seconds
Number of updated asset objects reloaded before import = 0Number of asset objects unloaded after import = 18

========================================================================
Received Import Request.
  Time since last request: 0.001172 seconds.
  path: Assets/Models/Boat/midBeam01.fbx
  artifactKey: Guid(39aedf0b39c1048479a4bad0297c4e59) Importer(2089858483,b0f066a214c2f5e87bad3c948f4d605d)
Start importing Assets/Models/Boat/midBeam01.fbx using Guid(39aedf0b39c1048479a4bad0297c4e59) Importer(2089858483,b0f066a214c2f5e87bad3c948f4d605d) (ScriptedImporter) -> (artifact id: '2b02cc01560f3be4e5839507e690e8e7') in 0.1609398 seconds
Number of updated asset objects reloaded before import = 0Number of asset objects unloaded after import = 9

========================================================================
Received Import Request.
  Time since last request: 0.000157 seconds.
  path: Assets/Prefabs/Cave/runestoneBeam02.prefab
  artifactKey: Guid(2c3efeb88a4685446a50cfe4c537c595) Importer(2089858483,b0f066a214c2f5e87bad3c948f4d605d)
Start importing Assets/Prefabs/Cave/runestoneBeam02.prefab using Guid(2c3efeb88a4685446a50cfe4c537c595) Importer(2089858483,b0f066a214c2f5e87bad3c948f4d605d) (ScriptedImporter) -> (artifact id: 'e6111e9b9eea37c82864e8730db71042') in 0.0591081 seconds
Number of updated asset objects reloaded before import = 0Number of asset objects unloaded after import = 17

========================================================================
Received Import Request.
  Time since last request: 0.002548 seconds.
  path: Assets/Scripts/Visual/DistanceVertexColor.cs
  artifactKey: Guid(94787479fcd9f7046b2986c9125ebfcd) Importer(2089858483,b0f066a214c2f5e87bad3c948f4d605d)
Start importing Assets/Scripts/Visual/DistanceVertexColor.cs using Guid(94787479fcd9f7046b2986c9125ebfcd) Importer(2089858483,b0f066a214c2f5e87bad3c948f4d605d) (ScriptedImporter) -> (artifact id: '1292ebe3e3428c3e7206ecb011c997b3') in 0.0861609 seconds
Number of updated asset objects reloaded before import = 0Number of asset objects unloaded after import = 0

========================================================================
Received Import Request.
  Time since last request: 0.000043 seconds.
  path: Assets/Models/Cave/Materials/lambert3.mat
  artifactKey: Guid(1d984e88b8503d1458992ca90406f265) Importer(2089858483,b0f066a214c2f5e87bad3c948f4d605d)
Start importing Assets/Models/Cave/Materials/lambert3.mat using Guid(1d984e88b8503d1458992ca90406f265) Importer(2089858483,b0f066a214c2f5e87bad3c948f4d605d) (ScriptedImporter) -> (artifact id: '389482b400b8f2ad44e2d9784c433007') in 0.0841615 seconds
Number of updated asset objects reloaded before import = 0Number of asset objects unloaded after import = 1

========================================================================
Received Import Request.
  Time since last request: 0.000126 seconds.
  path: Assets/Models/Boat/risePlatform.fbx
  artifactKey: Guid(57177fa3538dad646918dbbec8189cf4) Importer(2089858483,b0f066a214c2f5e87bad3c948f4d605d)
Start importing Assets/Models/Boat/risePlatform.fbx using Guid(57177fa3538dad646918dbbec8189cf4) Importer(2089858483,b0f066a214c2f5e87bad3c948f4d605d) (ScriptedImporter) -> (artifact id: 'e3a42485f64628ddae5e3416fd6219b8') in 0.1615658 seconds
Number of updated asset objects reloaded before import = 0Number of asset objects unloaded after import = 73

========================================================================
Received Import Request.
  Time since last request: 0.000082 seconds.
  path: Assets/Sounds/Ambient/jump fail.wav
  artifactKey: Guid(d16da1ede1af6ab479f36dd98ae926d9) Importer(2089858483,b0f066a214c2f5e87bad3c948f4d605d)
Start importing Assets/Sounds/Ambient/jump fail.wav using Guid(d16da1ede1af6ab479f36dd98ae926d9) Importer(2089858483,b0f066a214c2f5e87bad3c948f4d605d) (ScriptedImporter) -> (artifact id: '9461f36ff0957fbc157634690e884ffb') in 0.1440712 seconds
Number of updated asset objects reloaded before import = 0Number of asset objects unloaded after import = 1

========================================================================
Received Import Request.
  Time since last request: 0.000341 seconds.
  path: Assets/Sounds/Music/2 boat v1.1.mp3
  artifactKey: Guid(7c76cc45eb4f479498705d109ef577ee) Importer(2089858483,b0f066a214c2f5e87bad3c948f4d605d)
Start importing Assets/Sounds/Music/2 boat v1.1.mp3 using Guid(7c76cc45eb4f479498705d109ef577ee) Importer(2089858483,b0f066a214c2f5e87bad3c948f4d605d) (ScriptedImporter) -> (artifact id: '3a038dd6df5736f719ab344fd37cbcd0') in 0.1303515 seconds
Number of updated asset objects reloaded before import = 0Number of asset objects unloaded after import = 1

========================================================================
Received Import Request.
  Time since last request: 0.000440 seconds.
  path: Assets/Standard Assets/Image Effects (Pro Only)/Triangles.js
  artifactKey: Guid(3e177568faf634377937607864643e25) Importer(2089858483,b0f066a214c2f5e87bad3c948f4d605d)
Start importing Assets/Standard Assets/Image Effects (Pro Only)/Triangles.js using Guid(3e177568faf634377937607864643e25) Importer(2089858483,b0f066a214c2f5e87bad3c948f4d605d) (ScriptedImporter) -> (artifact id: 'c01505d4bfb2e6c0a527bacdaf706d1d') in 0.0625369 seconds
Number of updated asset objects reloaded before import = 0Number of asset objects unloaded after import = 1

========================================================================
Received Import Request.
  Time since last request: 0.003858 seconds.
  path: Assets/Models/Hus/downFallBig.fbx
  artifactKey: Guid(a9e2290a0bcdcd84a9987c816f8e5839) Importer(2089858483,b0f066a214c2f5e87bad3c948f4d605d)
Start importing Assets/Models/Hus/downFallBig.fbx using Guid(a9e2290a0bcdcd84a9987c816f8e5839) Importer(2089858483,b0f066a214c2f5e87bad3c948f4d605d) (ScriptedImporter) -> (artifact id: '57ffdd50c6406b5eabfe5a88aa48587d') in 0.0643942 seconds
Number of updated asset objects reloaded before import = 0Number of asset objects unloaded after import = 7

========================================================================
Received Import Request.
  Time since last request: 0.000135 seconds.
  path: Assets/Models/Cave/rock03.fbx
  artifactKey: Guid(08de1bfe0f1a9514d9b1eb66ff76c872) Importer(2089858483,b0f066a214c2f5e87bad3c948f4d605d)
Start importing Assets/Models/Cave/rock03.fbx using Guid(08de1bfe0f1a9514d9b1eb66ff76c872) Importer(2089858483,b0f066a214c2f5e87bad3c948f4d605d) (ScriptedImporter) -> (artifact id: 'e4dc6dc673804d6980ff8357e786c6d0') in 0.0739496 seconds
Number of updated asset objects reloaded before import = 0Number of asset objects unloaded after import = 7

========================================================================
Received Import Request.
  Time since last request: 0.001747 seconds.
  path: Assets/Standard Assets/Image Effects (Pro Only)/TwirlEffect.cs
  artifactKey: Guid(bdda781cad112c75d0008dfa8d76c639) Importer(2089858483,b0f066a214c2f5e87bad3c948f4d605d)
Start importing Assets/Standard Assets/Image Effects (Pro Only)/TwirlEffect.cs using Guid(bdda781cad112c75d0008dfa8d76c639) Importer(2089858483,b0f066a214c2f5e87bad3c948f4d605d) (ScriptedImporter) -> (artifact id: 'e7a96065bda0ad98718bed6ebbd67fb9') in 0.068703 seconds
Number of updated asset objects reloaded before import = 0Number of asset objects unloaded after import = 0

========================================================================
Received Import Request.
  Time since last request: 0.000078 seconds.
  path: Assets/Standard Assets/Image Effects (Pro Only)/GlobalFog.js
  artifactKey: Guid(34c3946ab5378473cb34bedd1c8194ba) Importer(2089858483,b0f066a214c2f5e87bad3c948f4d605d)
Start importing Assets/Standard Assets/Image Effects (Pro Only)/GlobalFog.js using Guid(34c3946ab5378473cb34bedd1c8194ba) Importer(2089858483,b0f066a214c2f5e87bad3c948f4d605d) (ScriptedImporter) -> (artifact id: '525c900922898eddd4b0a04e78f7378f') in 0.0396634 seconds
Number of updated asset objects reloaded before import = 0Number of asset objects unloaded after import = 1

========================================================================
Received Import Request.
  Time since last request: 0.000068 seconds.
  path: Assets/Models/Boat/snowTopBrokeleft.fbx
  artifactKey: Guid(6af4f7fabcb6abf4cbec9fcd5633b037) Importer(2089858483,b0f066a214c2f5e87bad3c948f4d605d)
Start importing Assets/Models/Boat/snowTopBrokeleft.fbx using Guid(6af4f7fabcb6abf4cbec9fcd5633b037) Importer(2089858483,b0f066a214c2f5e87bad3c948f4d605d) (ScriptedImporter) -> (artifact id: '76a531336bef854760953cdf488e5612') in 0.0519433 seconds
Number of updated asset objects reloaded before import = 0Number of asset objects unloaded after import = 21

========================================================================
Received Import Request.
  Time since last request: 0.000030 seconds.
  path: Assets/Prefabs/Background/grassThing01.prefab
  artifactKey: Guid(d208358026be25340bff27f6434c5da4) Importer(2089858483,b0f066a214c2f5e87bad3c948f4d605d)
Start importing Assets/Prefabs/Background/grassThing01.prefab using Guid(d208358026be25340bff27f6434c5da4) Importer(2089858483,b0f066a214c2f5e87bad3c948f4d605d) (ScriptedImporter) -> (artifact id: '2f0d7b8df8d6b98b51f1b97ce5ffd348') in 0.035069 seconds
Number of updated asset objects reloaded before import = 0Number of asset objects unloaded after import = 10

========================================================================
Received Import Request.
  Time since last request: 0.000094 seconds.
  path: Assets/Models/Cave/pullingStructtMisc01Ring.fbx
  artifactKey: Guid(14b6abd58cdff7f4fb1b6b12e6ee8c51) Importer(2089858483,b0f066a214c2f5e87bad3c948f4d605d)
Start importing Assets/Models/Cave/pullingStructtMisc01Ring.fbx using Guid(14b6abd58cdff7f4fb1b6b12e6ee8c51) Importer(2089858483,b0f066a214c2f5e87bad3c948f4d605d) (ScriptedImporter) -> (artifact id: '182287ec18d51c31c448f71d3f3df578') in 0.0540723 seconds
Number of updated asset objects reloaded before import = 0Number of asset objects unloaded after import = 16

========================================================================
Received Import Request.
  Time since last request: 0.000055 seconds.
  path: Assets/Editor/Image Effects/SunShaftsEditor.js
  artifactKey: Guid(3d78256471dee4d869e7f18f13f73945) Importer(2089858483,b0f066a214c2f5e87bad3c948f4d605d)
Start importing Assets/Editor/Image Effects/SunShaftsEditor.js using Guid(3d78256471dee4d869e7f18f13f73945) Importer(2089858483,b0f066a214c2f5e87bad3c948f4d605d) (ScriptedImporter) -> (artifact id: '292ad23c15f42ed8c5f2506f36dc0ff4') in 0.0294159 seconds
Number of updated asset objects reloaded before import = 0Number of asset objects unloaded after import = 1

========================================================================
Received Import Request.
  Time since last request: 0.000063 seconds.
  path: Assets/Sounds/Footsteps/snow short 4.wav
  artifactKey: Guid(7b31c4b891eba26439e6a920769eb475) Importer(2089858483,b0f066a214c2f5e87bad3c948f4d605d)
Start importing Assets/Sounds/Footsteps/snow short 4.wav using Guid(7b31c4b891eba26439e6a920769eb475) Importer(2089858483,b0f066a214c2f5e87bad3c948f4d605d) (ScriptedImporter) -> (artifact id: 'd60bb99a7de0744a0c605119a8f67323') in 0.115559 seconds
Number of updated asset objects reloaded before import = 0Number of asset objects unloaded after import = 1

Editor requested this worker to shutdown with reason: Scaling down because of idle timeout
AssetImportWorkerClient::OnTransportError - code=2 error=End of file
AssetImportWorker is now disconnected from the server
Process exiting
Exiting without the bug reporter. Application will terminate with return code 0